--
-- PostgreSQL database dump
--

-- Dumped from database version 14.18 (Debian 14.18-1.pgdg120+1)
-- Dumped by pg_dump version 14.18 (Debian 14.18-1.pgdg120+1)

SET statement_timeout = 0;
SET lock_timeout = 0;
SET idle_in_transaction_session_timeout = 0;
SET client_encoding = 'UTF8';
SET standard_conforming_strings = on;
SELECT pg_catalog.set_config('search_path', '', false);
SET check_function_bodies = false;
SET xmloption = content;
SET client_min_messages = warning;
SET row_security = off;

SET default_tablespace = '';

SET default_table_access_method = heap;

--
-- Name: account_emailaddress; Type: TABLE; Schema: public; Owner: -
--

CREATE TABLE public.account_emailaddress (
    id bigint NOT NULL,
    verified boolean,
    "primary" boolean,
    user_id bigint,
    email text
);


--
-- Name: account_emailaddress_id_seq; Type: SEQUENCE; Schema: public; Owner: -
--

CREATE SEQUENCE public.account_emailaddress_id_seq
    START WITH 1
    INCREMENT BY 1
    NO MINVALUE
    NO MAXVALUE
    CACHE 1;


--
-- Name: account_emailaddress_id_seq; Type: SEQUENCE OWNED BY; Schema: public; Owner: -
--

ALTER SEQUENCE public.account_emailaddress_id_seq OWNED BY public.account_emailaddress.id;


--
-- Name: account_emailconfirmation; Type: TABLE; Schema: public; Owner: -
--

CREATE TABLE public.account_emailconfirmation (
    id bigint NOT NULL,
    created timestamp with time zone,
    sent timestamp with time zone,
    key text,
    email_address_id bigint
);


--
-- Name: account_emailconfirmation_id_seq; Type: SEQUENCE; Schema: public; Owner: -
--

CREATE SEQUENCE public.account_emailconfirmation_id_seq
    START WITH 1
    INCREMENT BY 1
    NO MINVALUE
    NO MAXVALUE
    CACHE 1;


--
-- Name: account_emailconfirmation_id_seq; Type: SEQUENCE OWNED BY; Schema: public; Owner: -
--

ALTER SEQUENCE public.account_emailconfirmation_id_seq OWNED BY public.account_emailconfirmation.id;


--
-- Name: accounts_banner; Type: TABLE; Schema: public; Owner: -
--

CREATE TABLE public.accounts_banner (
    id bigint NOT NULL,
    name text,
    series bigint,
    image text,
    button_text text,
    subtitle text,
    tagline text,
    title_highlight text,
    title_main text
);


--
-- Name: accounts_banner_id_seq; Type: SEQUENCE; Schema: public; Owner: -
--

CREATE SEQUENCE public.accounts_banner_id_seq
    START WITH 1
    INCREMENT BY 1
    NO MINVALUE
    NO MAXVALUE
    CACHE 1;


--
-- Name: accounts_banner_id_seq; Type: SEQUENCE OWNED BY; Schema: public; Owner: -
--

ALTER SEQUENCE public.accounts_banner_id_seq OWNED BY public.accounts_banner.id;


--
-- Name: accounts_customer; Type: TABLE; Schema: public; Owner: -
--

CREATE TABLE public.accounts_customer (
    id bigint NOT NULL,
    phone text,
    shipping_address text,
    billing_address text,
    date_of_birth date,
    loyalty_points integer,
    created_at timestamp with time zone,
    updated_at timestamp with time zone,
    country text,
    customer_username text,
    first_name text,
    last_name text,
    pincode text,
    state text,
    user_id bigint
);


--
-- Name: accounts_customer_id_seq; Type: SEQUENCE; Schema: public; Owner: -
--

CREATE SEQUENCE public.accounts_customer_id_seq
    START WITH 1
    INCREMENT BY 1
    NO MINVALUE
    NO MAXVALUE
    CACHE 1;


--
-- Name: accounts_customer_id_seq; Type: SEQUENCE OWNED BY; Schema: public; Owner: -
--

ALTER SEQUENCE public.accounts_customer_id_seq OWNED BY public.accounts_customer.id;


--
-- Name: accounts_customuser; Type: TABLE; Schema: public; Owner: -
--

CREATE TABLE public.accounts_customuser (
    password text,
    last_login timestamp with time zone,
    is_superuser boolean,
    first_name text,
    last_name text,
    email text,
    is_staff boolean,
    is_active boolean,
    date_joined timestamp with time zone,
    phone_number text,
    member_id bigint NOT NULL,
    join_date date,
    staff_role text,
    address text,
    city text,
    date_of_birth date,
    gender text,
    pincode text,
    state text,
    username text,
    profile_image text,
    package_id bigint,
    on_subscription boolean,
    package_expiry_date date,
    gym_id bigint NOT NULL
);


--
-- Name: accounts_customuser_groups; Type: TABLE; Schema: public; Owner: -
--

CREATE TABLE public.accounts_customuser_groups (
    id bigint NOT NULL,
    customuser_id bigint,
    group_id bigint
);


--
-- Name: accounts_customuser_groups_id_seq; Type: SEQUENCE; Schema: public; Owner: -
--

CREATE SEQUENCE public.accounts_customuser_groups_id_seq
    START WITH 1
    INCREMENT BY 1
    NO MINVALUE
    NO MAXVALUE
    CACHE 1;


--
-- Name: accounts_customuser_groups_id_seq; Type: SEQUENCE OWNED BY; Schema: public; Owner: -
--

ALTER SEQUENCE public.accounts_customuser_groups_id_seq OWNED BY public.accounts_customuser_groups.id;


--
-- Name: accounts_customuser_member_id_seq; Type: SEQUENCE; Schema: public; Owner: -
--

CREATE SEQUENCE public.accounts_customuser_member_id_seq
    START WITH 1
    INCREMENT BY 1
    NO MINVALUE
    NO MAXVALUE
    CACHE 1;


--
-- Name: accounts_customuser_member_id_seq; Type: SEQUENCE OWNED BY; Schema: public; Owner: -
--

ALTER SEQUENCE public.accounts_customuser_member_id_seq OWNED BY public.accounts_customuser.member_id;


--
-- Name: accounts_customuser_user_permissions; Type: TABLE; Schema: public; Owner: -
--

CREATE TABLE public.accounts_customuser_user_permissions (
    id bigint NOT NULL,
    customuser_id bigint,
    permission_id bigint
);


--
-- Name: accounts_customuser_user_permissions_id_seq; Type: SEQUENCE; Schema: public; Owner: -
--

CREATE SEQUENCE public.accounts_customuser_user_permissions_id_seq
    START WITH 1
    INCREMENT BY 1
    NO MINVALUE
    NO MAXVALUE
    CACHE 1;


--
-- Name: accounts_customuser_user_permissions_id_seq; Type: SEQUENCE OWNED BY; Schema: public; Owner: -
--

ALTER SEQUENCE public.accounts_customuser_user_permissions_id_seq OWNED BY public.accounts_customuser_user_permissions.id;


--
-- Name: accounts_gym; Type: TABLE; Schema: public; Owner: -
--

CREATE TABLE public.accounts_gym (
    id bigint NOT NULL,
    name character varying(255) NOT NULL,
    location text NOT NULL,
    latitude numeric(9,6),
    longitude numeric(9,6),
    proprietor_name character varying(255) NOT NULL,
    is_active boolean NOT NULL,
    admin_id bigint NOT NULL
);


--
-- Name: accounts_gym_id_seq; Type: SEQUENCE; Schema: public; Owner: -
--

ALTER TABLE public.accounts_gym ALTER COLUMN id ADD GENERATED BY DEFAULT AS IDENTITY (
    SEQUENCE NAME public.accounts_gym_id_seq
    START WITH 1
    INCREMENT BY 1
    NO MINVALUE
    NO MAXVALUE
    CACHE 1
);


--
-- Name: accounts_monthlymembershiptrend; Type: TABLE; Schema: public; Owner: -
--

CREATE TABLE public.accounts_monthlymembershiptrend (
    id bigint NOT NULL,
    year integer NOT NULL,
    month integer NOT NULL,
    member_count integer NOT NULL,
    last_updated timestamp with time zone NOT NULL,
    gym_id bigint NOT NULL,
    CONSTRAINT accounts_monthlymembershiptrend_member_count_check CHECK ((member_count >= 0)),
    CONSTRAINT accounts_monthlymembershiptrend_month_check CHECK ((month >= 0)),
    CONSTRAINT accounts_monthlymembershiptrend_year_check CHECK ((year >= 0))
);


--
-- Name: accounts_monthlymembershiptrend_id_seq; Type: SEQUENCE; Schema: public; Owner: -
--

ALTER TABLE public.accounts_monthlymembershiptrend ALTER COLUMN id ADD GENERATED BY DEFAULT AS IDENTITY (
    SEQUENCE NAME public.accounts_monthlymembershiptrend_id_seq
    START WITH 1
    INCREMENT BY 1
    NO MINVALUE
    NO MAXVALUE
    CACHE 1
);


--
-- Name: accounts_passwordresetotp; Type: TABLE; Schema: public; Owner: -
--

CREATE TABLE public.accounts_passwordresetotp (
    id bigint NOT NULL,
    otp text,
    created_at timestamp with time zone,
    expires_at timestamp with time zone,
    is_used boolean,
    user_id bigint
);


--
-- Name: accounts_passwordresetotp_id_seq; Type: SEQUENCE; Schema: public; Owner: -
--

CREATE SEQUENCE public.accounts_passwordresetotp_id_seq
    START WITH 1
    INCREMENT BY 1
    NO MINVALUE
    NO MAXVALUE
    CACHE 1;


--
-- Name: accounts_passwordresetotp_id_seq; Type: SEQUENCE OWNED BY; Schema: public; Owner: -
--

ALTER SEQUENCE public.accounts_passwordresetotp_id_seq OWNED BY public.accounts_passwordresetotp.id;


--
-- Name: accounts_review; Type: TABLE; Schema: public; Owner: -
--

CREATE TABLE public.accounts_review (
    id bigint NOT NULL,
    customer_name text,
    review_rating bigint,
    review_content text,
    review_date timestamp with time zone
);


--
-- Name: accounts_review_id_seq; Type: SEQUENCE; Schema: public; Owner: -
--

CREATE SEQUENCE public.accounts_review_id_seq
    START WITH 1
    INCREMENT BY 1
    NO MINVALUE
    NO MAXVALUE
    CACHE 1;


--
-- Name: accounts_review_id_seq; Type: SEQUENCE OWNED BY; Schema: public; Owner: -
--

ALTER SEQUENCE public.accounts_review_id_seq OWNED BY public.accounts_review.id;


--
-- Name: accounts_socialmedia; Type: TABLE; Schema: public; Owner: -
--

CREATE TABLE public.accounts_socialmedia (
    id bigint NOT NULL,
    platform text,
    is_active boolean,
    created_at timestamp with time zone,
    updated_at timestamp with time zone,
    user_id bigint,
    url text
);


--
-- Name: accounts_socialmedia_id_seq; Type: SEQUENCE; Schema: public; Owner: -
--

CREATE SEQUENCE public.accounts_socialmedia_id_seq
    START WITH 1
    INCREMENT BY 1
    NO MINVALUE
    NO MAXVALUE
    CACHE 1;


--
-- Name: accounts_socialmedia_id_seq; Type: SEQUENCE OWNED BY; Schema: public; Owner: -
--

ALTER SEQUENCE public.accounts_socialmedia_id_seq OWNED BY public.accounts_socialmedia.id;


--
-- Name: attendance_attendance; Type: TABLE; Schema: public; Owner: -
--

CREATE TABLE public.attendance_attendance (
    id bigint NOT NULL,
    date date,
    check_in_time timestamp with time zone,
    check_out_time timestamp with time zone,
    status text,
    duration bigint,
    user_id bigint,
    schedule_id bigint,
    gym_id bigint NOT NULL
);


--
-- Name: attendance_attendance_id_seq; Type: SEQUENCE; Schema: public; Owner: -
--

CREATE SEQUENCE public.attendance_attendance_id_seq
    START WITH 1
    INCREMENT BY 1
    NO MINVALUE
    NO MAXVALUE
    CACHE 1;


--
-- Name: attendance_attendance_id_seq; Type: SEQUENCE OWNED BY; Schema: public; Owner: -
--

ALTER SEQUENCE public.attendance_attendance_id_seq OWNED BY public.attendance_attendance.id;


--
-- Name: attendance_checkinlog; Type: TABLE; Schema: public; Owner: -
--

CREATE TABLE public.attendance_checkinlog (
    id bigint NOT NULL,
    ip_address text,
    user_agent text,
    gps_lat numeric,
    gps_lng numeric,
    scanned_at timestamp with time zone,
    attendance_id bigint,
    user_id bigint,
    token_id bigint,
    gym_id bigint NOT NULL
);


--
-- Name: attendance_checkinlog_id_seq; Type: SEQUENCE; Schema: public; Owner: -
--

CREATE SEQUENCE public.attendance_checkinlog_id_seq
    START WITH 1
    INCREMENT BY 1
    NO MINVALUE
    NO MAXVALUE
    CACHE 1;


--
-- Name: attendance_checkinlog_id_seq; Type: SEQUENCE OWNED BY; Schema: public; Owner: -
--

ALTER SEQUENCE public.attendance_checkinlog_id_seq OWNED BY public.attendance_checkinlog.id;


--
-- Name: attendance_classenrollment; Type: TABLE; Schema: public; Owner: -
--

CREATE TABLE public.attendance_classenrollment (
    id bigint NOT NULL,
    enrolled_on timestamp with time zone,
    user_id bigint,
    schedule_id bigint,
    gym_id bigint NOT NULL
);


--
-- Name: attendance_classenrollment_id_seq; Type: SEQUENCE; Schema: public; Owner: -
--

CREATE SEQUENCE public.attendance_classenrollment_id_seq
    START WITH 1
    INCREMENT BY 1
    NO MINVALUE
    NO MAXVALUE
    CACHE 1;


--
-- Name: attendance_classenrollment_id_seq; Type: SEQUENCE OWNED BY; Schema: public; Owner: -
--

ALTER SEQUENCE public.attendance_classenrollment_id_seq OWNED BY public.attendance_classenrollment.id;


--
-- Name: attendance_qrtoken; Type: TABLE; Schema: public; Owner: -
--

CREATE TABLE public.attendance_qrtoken (
    id bigint NOT NULL,
    token text,
    generated_at timestamp with time zone,
    used boolean,
    schedule_id bigint,
    expires_at timestamp with time zone,
    gym_id bigint NOT NULL
);


--
-- Name: attendance_qrtoken_id_seq; Type: SEQUENCE; Schema: public; Owner: -
--

CREATE SEQUENCE public.attendance_qrtoken_id_seq
    START WITH 1
    INCREMENT BY 1
    NO MINVALUE
    NO MAXVALUE
    CACHE 1;


--
-- Name: attendance_qrtoken_id_seq; Type: SEQUENCE OWNED BY; Schema: public; Owner: -
--

ALTER SEQUENCE public.attendance_qrtoken_id_seq OWNED BY public.attendance_qrtoken.id;


--
-- Name: attendance_schedule; Type: TABLE; Schema: public; Owner: -
--

CREATE TABLE public.attendance_schedule (
    id bigint NOT NULL,
    name text,
    end_time time without time zone,
    capacity integer,
    status text,
    created_at timestamp with time zone,
    trainer_id bigint,
    start_time time without time zone,
    schedule_date date NOT NULL,
    gym_id bigint NOT NULL
);


--
-- Name: attendance_schedule_id_seq; Type: SEQUENCE; Schema: public; Owner: -
--

CREATE SEQUENCE public.attendance_schedule_id_seq
    START WITH 1
    INCREMENT BY 1
    NO MINVALUE
    NO MAXVALUE
    CACHE 1;


--
-- Name: attendance_schedule_id_seq; Type: SEQUENCE OWNED BY; Schema: public; Owner: -
--

ALTER SEQUENCE public.attendance_schedule_id_seq OWNED BY public.attendance_schedule.id;


--
-- Name: auth_group; Type: TABLE; Schema: public; Owner: -
--

CREATE TABLE public.auth_group (
    id bigint NOT NULL,
    name text
);


--
-- Name: auth_group_id_seq; Type: SEQUENCE; Schema: public; Owner: -
--

CREATE SEQUENCE public.auth_group_id_seq
    START WITH 1
    INCREMENT BY 1
    NO MINVALUE
    NO MAXVALUE
    CACHE 1;


--
-- Name: auth_group_id_seq; Type: SEQUENCE OWNED BY; Schema: public; Owner: -
--

ALTER SEQUENCE public.auth_group_id_seq OWNED BY public.auth_group.id;


--
-- Name: auth_group_permissions; Type: TABLE; Schema: public; Owner: -
--

CREATE TABLE public.auth_group_permissions (
    id bigint NOT NULL,
    group_id bigint,
    permission_id bigint
);


--
-- Name: auth_group_permissions_id_seq; Type: SEQUENCE; Schema: public; Owner: -
--

CREATE SEQUENCE public.auth_group_permissions_id_seq
    START WITH 1
    INCREMENT BY 1
    NO MINVALUE
    NO MAXVALUE
    CACHE 1;


--
-- Name: auth_group_permissions_id_seq; Type: SEQUENCE OWNED BY; Schema: public; Owner: -
--

ALTER SEQUENCE public.auth_group_permissions_id_seq OWNED BY public.auth_group_permissions.id;


--
-- Name: auth_permission; Type: TABLE; Schema: public; Owner: -
--

CREATE TABLE public.auth_permission (
    id bigint NOT NULL,
    content_type_id bigint,
    codename text,
    name text
);


--
-- Name: auth_permission_id_seq; Type: SEQUENCE; Schema: public; Owner: -
--

CREATE SEQUENCE public.auth_permission_id_seq
    START WITH 1
    INCREMENT BY 1
    NO MINVALUE
    NO MAXVALUE
    CACHE 1;


--
-- Name: auth_permission_id_seq; Type: SEQUENCE OWNED BY; Schema: public; Owner: -
--

ALTER SEQUENCE public.auth_permission_id_seq OWNED BY public.auth_permission.id;


--
-- Name: auth_user; Type: TABLE; Schema: public; Owner: -
--

CREATE TABLE public.auth_user (
    id bigint NOT NULL,
    password text,
    last_login timestamp with time zone,
    is_superuser boolean,
    username text,
    last_name text,
    email text,
    is_staff boolean,
    is_active boolean,
    date_joined timestamp with time zone,
    first_name text
);


--
-- Name: auth_user_groups; Type: TABLE; Schema: public; Owner: -
--

CREATE TABLE public.auth_user_groups (
    id bigint NOT NULL,
    user_id bigint,
    group_id bigint
);


--
-- Name: auth_user_groups_id_seq; Type: SEQUENCE; Schema: public; Owner: -
--

CREATE SEQUENCE public.auth_user_groups_id_seq
    START WITH 1
    INCREMENT BY 1
    NO MINVALUE
    NO MAXVALUE
    CACHE 1;


--
-- Name: auth_user_groups_id_seq; Type: SEQUENCE OWNED BY; Schema: public; Owner: -
--

ALTER SEQUENCE public.auth_user_groups_id_seq OWNED BY public.auth_user_groups.id;


--
-- Name: auth_user_id_seq; Type: SEQUENCE; Schema: public; Owner: -
--

CREATE SEQUENCE public.auth_user_id_seq
    START WITH 1
    INCREMENT BY 1
    NO MINVALUE
    NO MAXVALUE
    CACHE 1;


--
-- Name: auth_user_id_seq; Type: SEQUENCE OWNED BY; Schema: public; Owner: -
--

ALTER SEQUENCE public.auth_user_id_seq OWNED BY public.auth_user.id;


--
-- Name: auth_user_user_permissions; Type: TABLE; Schema: public; Owner: -
--

CREATE TABLE public.auth_user_user_permissions (
    id bigint NOT NULL,
    user_id bigint,
    permission_id bigint
);


--
-- Name: auth_user_user_permissions_id_seq; Type: SEQUENCE; Schema: public; Owner: -
--

CREATE SEQUENCE public.auth_user_user_permissions_id_seq
    START WITH 1
    INCREMENT BY 1
    NO MINVALUE
    NO MAXVALUE
    CACHE 1;


--
-- Name: auth_user_user_permissions_id_seq; Type: SEQUENCE OWNED BY; Schema: public; Owner: -
--

ALTER SEQUENCE public.auth_user_user_permissions_id_seq OWNED BY public.auth_user_user_permissions.id;


--
-- Name: authtoken_token; Type: TABLE; Schema: public; Owner: -
--

CREATE TABLE public.authtoken_token (
    key character varying(40) NOT NULL,
    created timestamp with time zone NOT NULL,
    user_id bigint NOT NULL
);


--
-- Name: cms_chatmessage; Type: TABLE; Schema: public; Owner: -
--

CREATE TABLE public.cms_chatmessage (
    id bigint NOT NULL,
    message text,
    created_at timestamp with time zone,
    sender_id bigint,
    ticket_id bigint
);


--
-- Name: cms_chatmessage_id_seq; Type: SEQUENCE; Schema: public; Owner: -
--

CREATE SEQUENCE public.cms_chatmessage_id_seq
    START WITH 1
    INCREMENT BY 1
    NO MINVALUE
    NO MAXVALUE
    CACHE 1;


--
-- Name: cms_chatmessage_id_seq; Type: SEQUENCE OWNED BY; Schema: public; Owner: -
--

ALTER SEQUENCE public.cms_chatmessage_id_seq OWNED BY public.cms_chatmessage.id;


--
-- Name: cms_supportexecutive; Type: TABLE; Schema: public; Owner: -
--

CREATE TABLE public.cms_supportexecutive (
    id bigint NOT NULL,
    department text,
    user_id bigint
);


--
-- Name: cms_supportexecutive_id_seq; Type: SEQUENCE; Schema: public; Owner: -
--

CREATE SEQUENCE public.cms_supportexecutive_id_seq
    START WITH 1
    INCREMENT BY 1
    NO MINVALUE
    NO MAXVALUE
    CACHE 1;


--
-- Name: cms_supportexecutive_id_seq; Type: SEQUENCE OWNED BY; Schema: public; Owner: -
--

ALTER SEQUENCE public.cms_supportexecutive_id_seq OWNED BY public.cms_supportexecutive.id;


--
-- Name: cms_ticket; Type: TABLE; Schema: public; Owner: -
--

CREATE TABLE public.cms_ticket (
    id bigint NOT NULL,
    title text,
    description text,
    status text,
    created_at timestamp with time zone,
    updated_at timestamp with time zone,
    customer_id bigint,
    support_executive_id bigint,
    ticket_id text
);


--
-- Name: cms_ticket_id_seq; Type: SEQUENCE; Schema: public; Owner: -
--

CREATE SEQUENCE public.cms_ticket_id_seq
    START WITH 1
    INCREMENT BY 1
    NO MINVALUE
    NO MAXVALUE
    CACHE 1;


--
-- Name: cms_ticket_id_seq; Type: SEQUENCE OWNED BY; Schema: public; Owner: -
--

ALTER SEQUENCE public.cms_ticket_id_seq OWNED BY public.cms_ticket.id;


--
-- Name: core_businessdetails; Type: TABLE; Schema: public; Owner: -
--

CREATE TABLE public.core_businessdetails (
    id bigint NOT NULL,
    company_name text,
    company_tagline text,
    company_logo text,
    company_favicon text,
    company_logo_svg text,
    offline_address text,
    map_location text,
    info_mobile text,
    info_email text,
    complaint_mobile text,
    complaint_email text,
    sales_mobile text,
    sales_email text,
    company_instagram text,
    company_facebook text,
    company_email_ceo text,
    closed_days text,
    closing_time time without time zone,
    opening_time time without time zone,
    gstn text,
    breadcrumb_image text,
    about_page_image text
);


--
-- Name: core_businessdetails_id_seq; Type: SEQUENCE; Schema: public; Owner: -
--

CREATE SEQUENCE public.core_businessdetails_id_seq
    START WITH 1
    INCREMENT BY 1
    NO MINVALUE
    NO MAXVALUE
    CACHE 1;


--
-- Name: core_businessdetails_id_seq; Type: SEQUENCE OWNED BY; Schema: public; Owner: -
--

ALTER SEQUENCE public.core_businessdetails_id_seq OWNED BY public.core_businessdetails.id;


--
-- Name: core_configuration; Type: TABLE; Schema: public; Owner: -
--

CREATE TABLE public.core_configuration (
    id bigint NOT NULL,
    config text,
    value text
);


--
-- Name: core_configuration_id_seq; Type: SEQUENCE; Schema: public; Owner: -
--

CREATE SEQUENCE public.core_configuration_id_seq
    START WITH 1
    INCREMENT BY 1
    NO MINVALUE
    NO MAXVALUE
    CACHE 1;


--
-- Name: core_configuration_id_seq; Type: SEQUENCE OWNED BY; Schema: public; Owner: -
--

ALTER SEQUENCE public.core_configuration_id_seq OWNED BY public.core_configuration.id;


--
-- Name: django_admin_log; Type: TABLE; Schema: public; Owner: -
--

CREATE TABLE public.django_admin_log (
    id bigint NOT NULL,
    object_id text,
    object_repr text,
    action_flag smallint,
    change_message text,
    content_type_id bigint,
    user_id bigint,
    action_time timestamp with time zone
);


--
-- Name: django_admin_log_id_seq; Type: SEQUENCE; Schema: public; Owner: -
--

CREATE SEQUENCE public.django_admin_log_id_seq
    START WITH 1
    INCREMENT BY 1
    NO MINVALUE
    NO MAXVALUE
    CACHE 1;


--
-- Name: django_admin_log_id_seq; Type: SEQUENCE OWNED BY; Schema: public; Owner: -
--

ALTER SEQUENCE public.django_admin_log_id_seq OWNED BY public.django_admin_log.id;


--
-- Name: django_content_type; Type: TABLE; Schema: public; Owner: -
--

CREATE TABLE public.django_content_type (
    id bigint NOT NULL,
    app_label text,
    model text
);


--
-- Name: django_content_type_id_seq; Type: SEQUENCE; Schema: public; Owner: -
--

CREATE SEQUENCE public.django_content_type_id_seq
    START WITH 1
    INCREMENT BY 1
    NO MINVALUE
    NO MAXVALUE
    CACHE 1;


--
-- Name: django_content_type_id_seq; Type: SEQUENCE OWNED BY; Schema: public; Owner: -
--

ALTER SEQUENCE public.django_content_type_id_seq OWNED BY public.django_content_type.id;


--
-- Name: django_migrations; Type: TABLE; Schema: public; Owner: -
--

CREATE TABLE public.django_migrations (
    id bigint NOT NULL,
    app text,
    name text,
    applied timestamp with time zone
);


--
-- Name: django_migrations_id_seq; Type: SEQUENCE; Schema: public; Owner: -
--

CREATE SEQUENCE public.django_migrations_id_seq
    START WITH 1
    INCREMENT BY 1
    NO MINVALUE
    NO MAXVALUE
    CACHE 1;


--
-- Name: django_migrations_id_seq; Type: SEQUENCE OWNED BY; Schema: public; Owner: -
--

ALTER SEQUENCE public.django_migrations_id_seq OWNED BY public.django_migrations.id;


--
-- Name: django_session; Type: TABLE; Schema: public; Owner: -
--

CREATE TABLE public.django_session (
    session_key text NOT NULL,
    session_data text,
    expire_date timestamp with time zone
);


--
-- Name: django_site; Type: TABLE; Schema: public; Owner: -
--

CREATE TABLE public.django_site (
    id integer NOT NULL,
    domain character varying(100) NOT NULL,
    name character varying(50) NOT NULL
);


--
-- Name: django_site_id_seq; Type: SEQUENCE; Schema: public; Owner: -
--

ALTER TABLE public.django_site ALTER COLUMN id ADD GENERATED BY DEFAULT AS IDENTITY (
    SEQUENCE NAME public.django_site_id_seq
    START WITH 1
    INCREMENT BY 1
    NO MINVALUE
    NO MAXVALUE
    CACHE 1
);


--
-- Name: enquiry_enquiry; Type: TABLE; Schema: public; Owner: -
--

CREATE TABLE public.enquiry_enquiry (
    enquiry_id bigint NOT NULL,
    customer_name text,
    customer_number text,
    service text,
    message text,
    date_created timestamp with time zone,
    status text
);


--
-- Name: enquiry_enquiry_enquiry_id_seq; Type: SEQUENCE; Schema: public; Owner: -
--

CREATE SEQUENCE public.enquiry_enquiry_enquiry_id_seq
    START WITH 1
    INCREMENT BY 1
    NO MINVALUE
    NO MAXVALUE
    CACHE 1;


--
-- Name: enquiry_enquiry_enquiry_id_seq; Type: SEQUENCE OWNED BY; Schema: public; Owner: -
--

ALTER SEQUENCE public.enquiry_enquiry_enquiry_id_seq OWNED BY public.enquiry_enquiry.enquiry_id;


--
-- Name: google_sso_user; Type: TABLE; Schema: public; Owner: -
--

CREATE TABLE public.google_sso_user (
    id bigint NOT NULL,
    google_id text,
    locale text,
    user_id bigint,
    picture_url text
);


--
-- Name: google_sso_user_id_seq; Type: SEQUENCE; Schema: public; Owner: -
--

CREATE SEQUENCE public.google_sso_user_id_seq
    START WITH 1
    INCREMENT BY 1
    NO MINVALUE
    NO MAXVALUE
    CACHE 1;


--
-- Name: google_sso_user_id_seq; Type: SEQUENCE OWNED BY; Schema: public; Owner: -
--

ALTER SEQUENCE public.google_sso_user_id_seq OWNED BY public.google_sso_user.id;


--
-- Name: health_bodymeasurement; Type: TABLE; Schema: public; Owner: -
--

CREATE TABLE public.health_bodymeasurement (
    id bigint NOT NULL,
    date date NOT NULL,
    week_of_year smallint NOT NULL,
    year smallint NOT NULL,
    week_index_since_join integer NOT NULL,
    weight_kg numeric(5,1) NOT NULL,
    height_cm numeric(5,1) NOT NULL,
    bmi numeric(4,1) NOT NULL,
    gym_id bigint NOT NULL,
    user_id bigint NOT NULL,
    CONSTRAINT health_bodymeasurement_week_index_since_join_check CHECK ((week_index_since_join >= 0)),
    CONSTRAINT health_bodymeasurement_week_of_year_check CHECK ((week_of_year >= 0)),
    CONSTRAINT health_bodymeasurement_year_check CHECK ((year >= 0))
);


--
-- Name: health_bodymeasurement_id_seq; Type: SEQUENCE; Schema: public; Owner: -
--

ALTER TABLE public.health_bodymeasurement ALTER COLUMN id ADD GENERATED BY DEFAULT AS IDENTITY (
    SEQUENCE NAME public.health_bodymeasurement_id_seq
    START WITH 1
    INCREMENT BY 1
    NO MINVALUE
    NO MAXVALUE
    CACHE 1
);


--
-- Name: notifications_notificationconfig; Type: TABLE; Schema: public; Owner: -
--

CREATE TABLE public.notifications_notificationconfig (
    id bigint NOT NULL,
    days_before_expiry integer NOT NULL,
    message_template text NOT NULL,
    gym_id bigint NOT NULL,
    CONSTRAINT notifications_notificationconfig_days_before_expiry_check CHECK ((days_before_expiry >= 0))
);


--
-- Name: notifications_notificationconfig_id_seq; Type: SEQUENCE; Schema: public; Owner: -
--

ALTER TABLE public.notifications_notificationconfig ALTER COLUMN id ADD GENERATED BY DEFAULT AS IDENTITY (
    SEQUENCE NAME public.notifications_notificationconfig_id_seq
    START WITH 1
    INCREMENT BY 1
    NO MINVALUE
    NO MAXVALUE
    CACHE 1
);


--
-- Name: notifications_notificationlog; Type: TABLE; Schema: public; Owner: -
--

CREATE TABLE public.notifications_notificationlog (
    id bigint NOT NULL,
    phone_number character varying(20) NOT NULL,
    sent_at timestamp with time zone NOT NULL,
    success boolean NOT NULL,
    error_message text,
    message_body text NOT NULL,
    user_id bigint NOT NULL,
    gym_id bigint NOT NULL
);


--
-- Name: notifications_notificationlog_id_seq; Type: SEQUENCE; Schema: public; Owner: -
--

ALTER TABLE public.notifications_notificationlog ALTER COLUMN id ADD GENERATED BY DEFAULT AS IDENTITY (
    SEQUENCE NAME public.notifications_notificationlog_id_seq
    START WITH 1
    INCREMENT BY 1
    NO MINVALUE
    NO MAXVALUE
    CACHE 1
);


--
-- Name: orders_cart; Type: TABLE; Schema: public; Owner: -
--

CREATE TABLE public.orders_cart (
    id bigint NOT NULL,
    created_at timestamp with time zone,
    updated_at timestamp with time zone,
    customer_id bigint,
    gym_id bigint NOT NULL
);


--
-- Name: orders_cart_id_seq; Type: SEQUENCE; Schema: public; Owner: -
--

CREATE SEQUENCE public.orders_cart_id_seq
    START WITH 1
    INCREMENT BY 1
    NO MINVALUE
    NO MAXVALUE
    CACHE 1;


--
-- Name: orders_cart_id_seq; Type: SEQUENCE OWNED BY; Schema: public; Owner: -
--

ALTER SEQUENCE public.orders_cart_id_seq OWNED BY public.orders_cart.id;


--
-- Name: orders_cartitem; Type: TABLE; Schema: public; Owner: -
--

CREATE TABLE public.orders_cartitem (
    id bigint NOT NULL,
    quantity integer,
    price_at_addition numeric,
    cart_id bigint,
    product_id bigint,
    gym_id bigint NOT NULL
);


--
-- Name: orders_cartitem_id_seq; Type: SEQUENCE; Schema: public; Owner: -
--

CREATE SEQUENCE public.orders_cartitem_id_seq
    START WITH 1
    INCREMENT BY 1
    NO MINVALUE
    NO MAXVALUE
    CACHE 1;


--
-- Name: orders_cartitem_id_seq; Type: SEQUENCE OWNED BY; Schema: public; Owner: -
--

ALTER SEQUENCE public.orders_cartitem_id_seq OWNED BY public.orders_cartitem.id;


--
-- Name: orders_order; Type: TABLE; Schema: public; Owner: -
--

CREATE TABLE public.orders_order (
    id bigint NOT NULL,
    order_number text,
    status text,
    shipping_address text,
    billing_address text,
    subtotal numeric,
    tax numeric,
    shipping_cost numeric,
    discount numeric,
    total numeric,
    notes text,
    created_at timestamp with time zone,
    updated_at timestamp with time zone,
    customer_id bigint,
    payment_status text,
    gym_id bigint NOT NULL
);


--
-- Name: orders_order_id_seq; Type: SEQUENCE; Schema: public; Owner: -
--

CREATE SEQUENCE public.orders_order_id_seq
    START WITH 1
    INCREMENT BY 1
    NO MINVALUE
    NO MAXVALUE
    CACHE 1;


--
-- Name: orders_order_id_seq; Type: SEQUENCE OWNED BY; Schema: public; Owner: -
--

ALTER SEQUENCE public.orders_order_id_seq OWNED BY public.orders_order.id;


--
-- Name: orders_orderitem; Type: TABLE; Schema: public; Owner: -
--

CREATE TABLE public.orders_orderitem (
    id bigint NOT NULL,
    product_name text,
    quantity integer,
    price numeric,
    tax_rate numeric,
    order_id bigint,
    product_id bigint,
    product_sku text,
    gym_id bigint NOT NULL
);


--
-- Name: orders_orderitem_id_seq; Type: SEQUENCE; Schema: public; Owner: -
--

CREATE SEQUENCE public.orders_orderitem_id_seq
    START WITH 1
    INCREMENT BY 1
    NO MINVALUE
    NO MAXVALUE
    CACHE 1;


--
-- Name: orders_orderitem_id_seq; Type: SEQUENCE OWNED BY; Schema: public; Owner: -
--

ALTER SEQUENCE public.orders_orderitem_id_seq OWNED BY public.orders_orderitem.id;


--
-- Name: orders_subscriptionorder; Type: TABLE; Schema: public; Owner: -
--

CREATE TABLE public.orders_subscriptionorder (
    id bigint NOT NULL,
    order_number text,
    status text,
    payment_status text,
    payment_gateway text,
    start_date date,
    end_date date,
    total numeric,
    gst_percent numeric,
    gst_amount numeric,
    is_recurring boolean,
    auto_renew boolean,
    created_at timestamp with time zone,
    updated_at timestamp with time zone,
    customer_id bigint,
    package_id bigint,
    invoice_number text,
    gym_id bigint NOT NULL
);


--
-- Name: orders_subscriptionorder_id_seq; Type: SEQUENCE; Schema: public; Owner: -
--

CREATE SEQUENCE public.orders_subscriptionorder_id_seq
    START WITH 1
    INCREMENT BY 1
    NO MINVALUE
    NO MAXVALUE
    CACHE 1;


--
-- Name: orders_subscriptionorder_id_seq; Type: SEQUENCE OWNED BY; Schema: public; Owner: -
--

ALTER SEQUENCE public.orders_subscriptionorder_id_seq OWNED BY public.orders_subscriptionorder.id;


--
-- Name: orders_temporder; Type: TABLE; Schema: public; Owner: -
--

CREATE TABLE public.orders_temporder (
    id bigint NOT NULL,
    quantity integer,
    "timestamp" timestamp with time zone,
    price numeric,
    total_price numeric,
    product_id bigint,
    user_id bigint,
    processed boolean,
    gym_id bigint NOT NULL
);


--
-- Name: orders_temporder_id_seq; Type: SEQUENCE; Schema: public; Owner: -
--

CREATE SEQUENCE public.orders_temporder_id_seq
    START WITH 1
    INCREMENT BY 1
    NO MINVALUE
    NO MAXVALUE
    CACHE 1;


--
-- Name: orders_temporder_id_seq; Type: SEQUENCE OWNED BY; Schema: public; Owner: -
--

ALTER SEQUENCE public.orders_temporder_id_seq OWNED BY public.orders_temporder.id;


--
-- Name: payments_payment; Type: TABLE; Schema: public; Owner: -
--

CREATE TABLE public.payments_payment (
    id bigint NOT NULL,
    object_id integer,
    payment_method text,
    amount numeric,
    status text,
    transaction_id text,
    gateway_response text,
    created_at timestamp with time zone,
    updated_at timestamp with time zone,
    content_type_id bigint,
    customer_id bigint,
    gym_id bigint NOT NULL
);


--
-- Name: payments_payment_id_seq; Type: SEQUENCE; Schema: public; Owner: -
--

CREATE SEQUENCE public.payments_payment_id_seq
    START WITH 1
    INCREMENT BY 1
    NO MINVALUE
    NO MAXVALUE
    CACHE 1;


--
-- Name: payments_payment_id_seq; Type: SEQUENCE OWNED BY; Schema: public; Owner: -
--

ALTER SEQUENCE public.payments_payment_id_seq OWNED BY public.payments_payment.id;


--
-- Name: payments_paymentapilog; Type: TABLE; Schema: public; Owner: -
--

CREATE TABLE public.payments_paymentapilog (
    id bigint NOT NULL,
    action text,
    request_url text,
    request_payload text,
    response_status bigint,
    response_body text,
    error_message text,
    created_at timestamp with time zone,
    order_id bigint,
    link_id text,
    content_type_id bigint,
    object_id integer,
    gym_id bigint NOT NULL
);


--
-- Name: payments_paymentapilog_id_seq; Type: SEQUENCE; Schema: public; Owner: -
--

CREATE SEQUENCE public.payments_paymentapilog_id_seq
    START WITH 1
    INCREMENT BY 1
    NO MINVALUE
    NO MAXVALUE
    CACHE 1;


--
-- Name: payments_paymentapilog_id_seq; Type: SEQUENCE OWNED BY; Schema: public; Owner: -
--

ALTER SEQUENCE public.payments_paymentapilog_id_seq OWNED BY public.payments_paymentapilog.id;


--
-- Name: payments_transaction; Type: TABLE; Schema: public; Owner: -
--

CREATE TABLE public.payments_transaction (
    id bigint NOT NULL,
    object_id integer,
    transaction_type text,
    category text,
    status text,
    amount numeric,
    description text,
    reference text,
    date date,
    created_at timestamp with time zone,
    updated_at timestamp with time zone,
    content_type_id bigint,
    gym_id bigint NOT NULL
);


--
-- Name: payments_transaction_id_seq; Type: SEQUENCE; Schema: public; Owner: -
--

CREATE SEQUENCE public.payments_transaction_id_seq
    START WITH 1
    INCREMENT BY 1
    NO MINVALUE
    NO MAXVALUE
    CACHE 1;


--
-- Name: payments_transaction_id_seq; Type: SEQUENCE OWNED BY; Schema: public; Owner: -
--

ALTER SEQUENCE public.payments_transaction_id_seq OWNED BY public.payments_transaction.id;


--
-- Name: products_category; Type: TABLE; Schema: public; Owner: -
--

CREATE TABLE public.products_category (
    id bigint NOT NULL,
    name text,
    description text,
    image text
);


--
-- Name: products_category_id_seq; Type: SEQUENCE; Schema: public; Owner: -
--

CREATE SEQUENCE public.products_category_id_seq
    START WITH 1
    INCREMENT BY 1
    NO MINVALUE
    NO MAXVALUE
    CACHE 1;


--
-- Name: products_category_id_seq; Type: SEQUENCE OWNED BY; Schema: public; Owner: -
--

ALTER SEQUENCE public.products_category_id_seq OWNED BY public.products_category.id;


--
-- Name: products_package; Type: TABLE; Schema: public; Owner: -
--

CREATE TABLE public.products_package (
    id bigint NOT NULL,
    name text,
    description text,
    type text,
    duration_days integer,
    price numeric,
    discount_type text,
    discount_value numeric,
    features text,
    is_active boolean,
    created_at timestamp with time zone,
    updated_at timestamp with time zone,
    gym_id bigint NOT NULL
);


--
-- Name: products_package_id_seq; Type: SEQUENCE; Schema: public; Owner: -
--

CREATE SEQUENCE public.products_package_id_seq
    START WITH 1
    INCREMENT BY 1
    NO MINVALUE
    NO MAXVALUE
    CACHE 1;


--
-- Name: products_package_id_seq; Type: SEQUENCE OWNED BY; Schema: public; Owner: -
--

ALTER SEQUENCE public.products_package_id_seq OWNED BY public.products_package.id;


--
-- Name: products_product; Type: TABLE; Schema: public; Owner: -
--

CREATE TABLE public.products_product (
    id bigint NOT NULL,
    name text,
    is_active boolean,
    images text,
    catalogues text,
    specifications text,
    description text,
    additional_information text,
    category_id bigint,
    product_uid text,
    price numeric,
    image_1 text,
    image_2 text,
    image_3 text,
    subcategory_id bigint,
    country_of_origin text,
    created_at timestamp with time zone,
    dimensions text,
    handling_time_days smallint,
    ip_rating text,
    is_free_shipping boolean,
    low_stock_threshold bigint,
    manufacturer text,
    material_composition text,
    meta_description text,
    meta_title text,
    mpn text,
    power_rating text,
    sku text,
    slug text,
    stock_quantity bigint,
    updated_at timestamp with time zone,
    voltage text,
    warranty text,
    weight_kg numeric,
    image_4 text
);


--
-- Name: products_product_id_seq; Type: SEQUENCE; Schema: public; Owner: -
--

CREATE SEQUENCE public.products_product_id_seq
    START WITH 1
    INCREMENT BY 1
    NO MINVALUE
    NO MAXVALUE
    CACHE 1;


--
-- Name: products_product_id_seq; Type: SEQUENCE OWNED BY; Schema: public; Owner: -
--

ALTER SEQUENCE public.products_product_id_seq OWNED BY public.products_product.id;


--
-- Name: products_subcategory; Type: TABLE; Schema: public; Owner: -
--

CREATE TABLE public.products_subcategory (
    id bigint NOT NULL,
    name text,
    description text,
    category_id bigint
);


--
-- Name: products_subcategory_id_seq; Type: SEQUENCE; Schema: public; Owner: -
--

CREATE SEQUENCE public.products_subcategory_id_seq
    START WITH 1
    INCREMENT BY 1
    NO MINVALUE
    NO MAXVALUE
    CACHE 1;


--
-- Name: products_subcategory_id_seq; Type: SEQUENCE OWNED BY; Schema: public; Owner: -
--

ALTER SEQUENCE public.products_subcategory_id_seq OWNED BY public.products_subcategory.id;


--
-- Name: socialaccount_socialaccount; Type: TABLE; Schema: public; Owner: -
--

CREATE TABLE public.socialaccount_socialaccount (
    id integer NOT NULL,
    provider character varying(200) NOT NULL,
    uid character varying(191) NOT NULL,
    last_login timestamp with time zone NOT NULL,
    date_joined timestamp with time zone NOT NULL,
    extra_data jsonb NOT NULL,
    user_id bigint NOT NULL
);


--
-- Name: socialaccount_socialaccount_id_seq; Type: SEQUENCE; Schema: public; Owner: -
--

ALTER TABLE public.socialaccount_socialaccount ALTER COLUMN id ADD GENERATED BY DEFAULT AS IDENTITY (
    SEQUENCE NAME public.socialaccount_socialaccount_id_seq
    START WITH 1
    INCREMENT BY 1
    NO MINVALUE
    NO MAXVALUE
    CACHE 1
);


--
-- Name: socialaccount_socialapp; Type: TABLE; Schema: public; Owner: -
--

CREATE TABLE public.socialaccount_socialapp (
    id integer NOT NULL,
    provider character varying(30) NOT NULL,
    name character varying(40) NOT NULL,
    client_id character varying(191) NOT NULL,
    secret character varying(191) NOT NULL,
    key character varying(191) NOT NULL,
    provider_id character varying(200) NOT NULL,
    settings jsonb NOT NULL
);


--
-- Name: socialaccount_socialapp_id_seq; Type: SEQUENCE; Schema: public; Owner: -
--

ALTER TABLE public.socialaccount_socialapp ALTER COLUMN id ADD GENERATED BY DEFAULT AS IDENTITY (
    SEQUENCE NAME public.socialaccount_socialapp_id_seq
    START WITH 1
    INCREMENT BY 1
    NO MINVALUE
    NO MAXVALUE
    CACHE 1
);


--
-- Name: socialaccount_socialapp_sites; Type: TABLE; Schema: public; Owner: -
--

CREATE TABLE public.socialaccount_socialapp_sites (
    id bigint NOT NULL,
    socialapp_id integer NOT NULL,
    site_id integer NOT NULL
);


--
-- Name: socialaccount_socialapp_sites_id_seq; Type: SEQUENCE; Schema: public; Owner: -
--

ALTER TABLE public.socialaccount_socialapp_sites ALTER COLUMN id ADD GENERATED BY DEFAULT AS IDENTITY (
    SEQUENCE NAME public.socialaccount_socialapp_sites_id_seq
    START WITH 1
    INCREMENT BY 1
    NO MINVALUE
    NO MAXVALUE
    CACHE 1
);


--
-- Name: socialaccount_socialtoken; Type: TABLE; Schema: public; Owner: -
--

CREATE TABLE public.socialaccount_socialtoken (
    id integer NOT NULL,
    token text NOT NULL,
    token_secret text NOT NULL,
    expires_at timestamp with time zone,
    account_id integer NOT NULL,
    app_id integer
);


--
-- Name: socialaccount_socialtoken_id_seq; Type: SEQUENCE; Schema: public; Owner: -
--

ALTER TABLE public.socialaccount_socialtoken ALTER COLUMN id ADD GENERATED BY DEFAULT AS IDENTITY (
    SEQUENCE NAME public.socialaccount_socialtoken_id_seq
    START WITH 1
    INCREMENT BY 1
    NO MINVALUE
    NO MAXVALUE
    CACHE 1
);


--
-- Name: subscriptions_subscription; Type: TABLE; Schema: public; Owner: -
--

CREATE TABLE public.subscriptions_subscription (
    id bigint NOT NULL,
    start_date date,
    end_date date,
    status text,
    package_id bigint,
    user_id bigint,
    payment_id bigint
);


--
-- Name: subscriptions_subscription_id_seq; Type: SEQUENCE; Schema: public; Owner: -
--

CREATE SEQUENCE public.subscriptions_subscription_id_seq
    START WITH 1
    INCREMENT BY 1
    NO MINVALUE
    NO MAXVALUE
    CACHE 1;


--
-- Name: subscriptions_subscription_id_seq; Type: SEQUENCE OWNED BY; Schema: public; Owner: -
--

ALTER SEQUENCE public.subscriptions_subscription_id_seq OWNED BY public.subscriptions_subscription.id;


--
-- Name: workout_activitylog; Type: TABLE; Schema: public; Owner: -
--

CREATE TABLE public.workout_activitylog (
    id bigint NOT NULL,
    sets_completed integer NOT NULL,
    reps_completed character varying(20) NOT NULL,
    weight_used character varying(50) NOT NULL,
    actual_rpe integer,
    is_completed boolean NOT NULL,
    is_modified boolean NOT NULL,
    modification_reason text NOT NULL,
    notes text NOT NULL,
    activity_template_id bigint NOT NULL,
    session_id bigint NOT NULL,
    CONSTRAINT workout_activitylog_actual_rpe_check CHECK ((actual_rpe >= 0)),
    CONSTRAINT workout_activitylog_sets_completed_check CHECK ((sets_completed >= 0))
);


--
-- Name: workout_activitylog_id_seq; Type: SEQUENCE; Schema: public; Owner: -
--

ALTER TABLE public.workout_activitylog ALTER COLUMN id ADD GENERATED BY DEFAULT AS IDENTITY (
    SEQUENCE NAME public.workout_activitylog_id_seq
    START WITH 1
    INCREMENT BY 1
    NO MINVALUE
    NO MAXVALUE
    CACHE 1
);


--
-- Name: workout_activitytemplate; Type: TABLE; Schema: public; Owner: -
--

CREATE TABLE public.workout_activitytemplate (
    id bigint NOT NULL,
    activity_type character varying(20) NOT NULL,
    "order" integer NOT NULL,
    sets integer NOT NULL,
    reps character varying(20) NOT NULL,
    weight_percentage character varying(20) NOT NULL,
    rest_time character varying(20) NOT NULL,
    estimated_duration character varying(20) NOT NULL,
    form_cues text NOT NULL,
    rpe_target character varying(20) NOT NULL,
    progression_notes text NOT NULL,
    special_instructions text NOT NULL,
    day_template_id bigint NOT NULL,
    exercise_id bigint NOT NULL,
    CONSTRAINT workout_activitytemplate_order_check CHECK (("order" >= 0)),
    CONSTRAINT workout_activitytemplate_sets_check CHECK ((sets >= 0))
);


--
-- Name: workout_activitytemplate_id_seq; Type: SEQUENCE; Schema: public; Owner: -
--

ALTER TABLE public.workout_activitytemplate ALTER COLUMN id ADD GENERATED BY DEFAULT AS IDENTITY (
    SEQUENCE NAME public.workout_activitytemplate_id_seq
    START WITH 1
    INCREMENT BY 1
    NO MINVALUE
    NO MAXVALUE
    CACHE 1
);


--
-- Name: workout_daytemplate; Type: TABLE; Schema: public; Owner: -
--

CREATE TABLE public.workout_daytemplate (
    id bigint NOT NULL,
    day character varying(10) NOT NULL,
    name character varying(200) NOT NULL,
    is_rest_day boolean NOT NULL,
    estimated_duration character varying(20) NOT NULL,
    warm_up_instructions text NOT NULL,
    cool_down_instructions text NOT NULL,
    notes text NOT NULL,
    weekly_template_id bigint NOT NULL
);


--
-- Name: workout_daytemplate_id_seq; Type: SEQUENCE; Schema: public; Owner: -
--

ALTER TABLE public.workout_daytemplate ALTER COLUMN id ADD GENERATED BY DEFAULT AS IDENTITY (
    SEQUENCE NAME public.workout_daytemplate_id_seq
    START WITH 1
    INCREMENT BY 1
    NO MINVALUE
    NO MAXVALUE
    CACHE 1
);


--
-- Name: workout_equipment; Type: TABLE; Schema: public; Owner: -
--

CREATE TABLE public.workout_equipment (
    id bigint NOT NULL,
    name character varying(100) NOT NULL,
    category character varying(50) NOT NULL,
    description text NOT NULL
);


--
-- Name: workout_equipment_id_seq; Type: SEQUENCE; Schema: public; Owner: -
--

ALTER TABLE public.workout_equipment ALTER COLUMN id ADD GENERATED BY DEFAULT AS IDENTITY (
    SEQUENCE NAME public.workout_equipment_id_seq
    START WITH 1
    INCREMENT BY 1
    NO MINVALUE
    NO MAXVALUE
    CACHE 1
);


--
-- Name: workout_exercise; Type: TABLE; Schema: public; Owner: -
--

CREATE TABLE public.workout_exercise (
    id bigint NOT NULL,
    name character varying(100) NOT NULL,
    muscle_groups character varying(200) NOT NULL,
    instructions text NOT NULL,
    safety_notes text NOT NULL,
    video_url character varying(200) NOT NULL,
    equipment_id bigint NOT NULL
);


--
-- Name: workout_exercise_id_seq; Type: SEQUENCE; Schema: public; Owner: -
--

ALTER TABLE public.workout_exercise ALTER COLUMN id ADD GENERATED BY DEFAULT AS IDENTITY (
    SEQUENCE NAME public.workout_exercise_id_seq
    START WITH 1
    INCREMENT BY 1
    NO MINVALUE
    NO MAXVALUE
    CACHE 1
);


--
-- Name: workout_fitnesslevel; Type: TABLE; Schema: public; Owner: -
--

CREATE TABLE public.workout_fitnesslevel (
    id bigint NOT NULL,
    name character varying(20) NOT NULL,
    description text NOT NULL
);


--
-- Name: workout_fitnesslevel_id_seq; Type: SEQUENCE; Schema: public; Owner: -
--

ALTER TABLE public.workout_fitnesslevel ALTER COLUMN id ADD GENERATED BY DEFAULT AS IDENTITY (
    SEQUENCE NAME public.workout_fitnesslevel_id_seq
    START WITH 1
    INCREMENT BY 1
    NO MINVALUE
    NO MAXVALUE
    CACHE 1
);


--
-- Name: workout_goal; Type: TABLE; Schema: public; Owner: -
--

CREATE TABLE public.workout_goal (
    id bigint NOT NULL,
    name character varying(30) NOT NULL,
    description text NOT NULL
);


--
-- Name: workout_goal_id_seq; Type: SEQUENCE; Schema: public; Owner: -
--

ALTER TABLE public.workout_goal ALTER COLUMN id ADD GENERATED BY DEFAULT AS IDENTITY (
    SEQUENCE NAME public.workout_goal_id_seq
    START WITH 1
    INCREMENT BY 1
    NO MINVALUE
    NO MAXVALUE
    CACHE 1
);


--
-- Name: workout_userworkoutassignment; Type: TABLE; Schema: public; Owner: -
--

CREATE TABLE public.workout_userworkoutassignment (
    id bigint NOT NULL,
    assigned_date timestamp with time zone NOT NULL,
    start_date date NOT NULL,
    end_date date,
    status character varying(20) NOT NULL,
    custom_notes text NOT NULL,
    modifications jsonb NOT NULL,
    trainer_id bigint NOT NULL,
    user_id bigint NOT NULL,
    weekly_template_id bigint NOT NULL
);


--
-- Name: workout_userworkoutassignment_id_seq; Type: SEQUENCE; Schema: public; Owner: -
--

ALTER TABLE public.workout_userworkoutassignment ALTER COLUMN id ADD GENERATED BY DEFAULT AS IDENTITY (
    SEQUENCE NAME public.workout_userworkoutassignment_id_seq
    START WITH 1
    INCREMENT BY 1
    NO MINVALUE
    NO MAXVALUE
    CACHE 1
);


--
-- Name: workout_weeklytemplate; Type: TABLE; Schema: public; Owner: -
--

CREATE TABLE public.workout_weeklytemplate (
    id bigint NOT NULL,
    name character varying(200) NOT NULL,
    description text NOT NULL,
    is_active boolean NOT NULL,
    created_at timestamp with time zone NOT NULL,
    updated_at timestamp with time zone NOT NULL,
    total_sessions_per_week integer NOT NULL,
    estimated_duration_per_session character varying(20) NOT NULL,
    fitness_level_id bigint NOT NULL,
    goal_id bigint NOT NULL,
    trainer_id bigint NOT NULL
);


--
-- Name: workout_weeklytemplate_id_seq; Type: SEQUENCE; Schema: public; Owner: -
--

ALTER TABLE public.workout_weeklytemplate ALTER COLUMN id ADD GENERATED BY DEFAULT AS IDENTITY (
    SEQUENCE NAME public.workout_weeklytemplate_id_seq
    START WITH 1
    INCREMENT BY 1
    NO MINVALUE
    NO MAXVALUE
    CACHE 1
);


--
-- Name: workout_workoutsession; Type: TABLE; Schema: public; Owner: -
--

CREATE TABLE public.workout_workoutsession (
    id bigint NOT NULL,
    date date NOT NULL,
    started_at timestamp with time zone,
    completed_at timestamp with time zone,
    is_completed boolean NOT NULL,
    is_skipped boolean NOT NULL,
    overall_rpe integer,
    energy_level integer,
    notes text NOT NULL,
    assignment_id bigint NOT NULL,
    day_template_id bigint NOT NULL,
    CONSTRAINT workout_workoutsession_energy_level_check CHECK ((energy_level >= 0)),
    CONSTRAINT workout_workoutsession_overall_rpe_check CHECK ((overall_rpe >= 0))
);


--
-- Name: workout_workoutsession_id_seq; Type: SEQUENCE; Schema: public; Owner: -
--

ALTER TABLE public.workout_workoutsession ALTER COLUMN id ADD GENERATED BY DEFAULT AS IDENTITY (
    SEQUENCE NAME public.workout_workoutsession_id_seq
    START WITH 1
    INCREMENT BY 1
    NO MINVALUE
    NO MAXVALUE
    CACHE 1
);


--
-- Name: account_emailaddress id; Type: DEFAULT; Schema: public; Owner: -
--

ALTER TABLE ONLY public.account_emailaddress ALTER COLUMN id SET DEFAULT nextval('public.account_emailaddress_id_seq'::regclass);


--
-- Name: account_emailconfirmation id; Type: DEFAULT; Schema: public; Owner: -
--

ALTER TABLE ONLY public.account_emailconfirmation ALTER COLUMN id SET DEFAULT nextval('public.account_emailconfirmation_id_seq'::regclass);


--
-- Name: accounts_banner id; Type: DEFAULT; Schema: public; Owner: -
--

ALTER TABLE ONLY public.accounts_banner ALTER COLUMN id SET DEFAULT nextval('public.accounts_banner_id_seq'::regclass);


--
-- Name: accounts_customer id; Type: DEFAULT; Schema: public; Owner: -
--

ALTER TABLE ONLY public.accounts_customer ALTER COLUMN id SET DEFAULT nextval('public.accounts_customer_id_seq'::regclass);


--
-- Name: accounts_customuser member_id; Type: DEFAULT; Schema: public; Owner: -
--

ALTER TABLE ONLY public.accounts_customuser ALTER COLUMN member_id SET DEFAULT nextval('public.accounts_customuser_member_id_seq'::regclass);


--
-- Name: accounts_customuser_groups id; Type: DEFAULT; Schema: public; Owner: -
--

ALTER TABLE ONLY public.accounts_customuser_groups ALTER COLUMN id SET DEFAULT nextval('public.accounts_customuser_groups_id_seq'::regclass);


--
-- Name: accounts_customuser_user_permissions id; Type: DEFAULT; Schema: public; Owner: -
--

ALTER TABLE ONLY public.accounts_customuser_user_permissions ALTER COLUMN id SET DEFAULT nextval('public.accounts_customuser_user_permissions_id_seq'::regclass);


--
-- Name: accounts_passwordresetotp id; Type: DEFAULT; Schema: public; Owner: -
--

ALTER TABLE ONLY public.accounts_passwordresetotp ALTER COLUMN id SET DEFAULT nextval('public.accounts_passwordresetotp_id_seq'::regclass);


--
-- Name: accounts_review id; Type: DEFAULT; Schema: public; Owner: -
--

ALTER TABLE ONLY public.accounts_review ALTER COLUMN id SET DEFAULT nextval('public.accounts_review_id_seq'::regclass);


--
-- Name: accounts_socialmedia id; Type: DEFAULT; Schema: public; Owner: -
--

ALTER TABLE ONLY public.accounts_socialmedia ALTER COLUMN id SET DEFAULT nextval('public.accounts_socialmedia_id_seq'::regclass);


--
-- Name: attendance_attendance id; Type: DEFAULT; Schema: public; Owner: -
--

ALTER TABLE ONLY public.attendance_attendance ALTER COLUMN id SET DEFAULT nextval('public.attendance_attendance_id_seq'::regclass);


--
-- Name: attendance_checkinlog id; Type: DEFAULT; Schema: public; Owner: -
--

ALTER TABLE ONLY public.attendance_checkinlog ALTER COLUMN id SET DEFAULT nextval('public.attendance_checkinlog_id_seq'::regclass);


--
-- Name: attendance_classenrollment id; Type: DEFAULT; Schema: public; Owner: -
--

ALTER TABLE ONLY public.attendance_classenrollment ALTER COLUMN id SET DEFAULT nextval('public.attendance_classenrollment_id_seq'::regclass);


--
-- Name: attendance_qrtoken id; Type: DEFAULT; Schema: public; Owner: -
--

ALTER TABLE ONLY public.attendance_qrtoken ALTER COLUMN id SET DEFAULT nextval('public.attendance_qrtoken_id_seq'::regclass);


--
-- Name: attendance_schedule id; Type: DEFAULT; Schema: public; Owner: -
--

ALTER TABLE ONLY public.attendance_schedule ALTER COLUMN id SET DEFAULT nextval('public.attendance_schedule_id_seq'::regclass);


--
-- Name: auth_group id; Type: DEFAULT; Schema: public; Owner: -
--

ALTER TABLE ONLY public.auth_group ALTER COLUMN id SET DEFAULT nextval('public.auth_group_id_seq'::regclass);


--
-- Name: auth_group_permissions id; Type: DEFAULT; Schema: public; Owner: -
--

ALTER TABLE ONLY public.auth_group_permissions ALTER COLUMN id SET DEFAULT nextval('public.auth_group_permissions_id_seq'::regclass);


--
-- Name: auth_permission id; Type: DEFAULT; Schema: public; Owner: -
--

ALTER TABLE ONLY public.auth_permission ALTER COLUMN id SET DEFAULT nextval('public.auth_permission_id_seq'::regclass);


--
-- Name: auth_user id; Type: DEFAULT; Schema: public; Owner: -
--

ALTER TABLE ONLY public.auth_user ALTER COLUMN id SET DEFAULT nextval('public.auth_user_id_seq'::regclass);


--
-- Name: auth_user_groups id; Type: DEFAULT; Schema: public; Owner: -
--

ALTER TABLE ONLY public.auth_user_groups ALTER COLUMN id SET DEFAULT nextval('public.auth_user_groups_id_seq'::regclass);


--
-- Name: auth_user_user_permissions id; Type: DEFAULT; Schema: public; Owner: -
--

ALTER TABLE ONLY public.auth_user_user_permissions ALTER COLUMN id SET DEFAULT nextval('public.auth_user_user_permissions_id_seq'::regclass);


--
-- Name: cms_chatmessage id; Type: DEFAULT; Schema: public; Owner: -
--

ALTER TABLE ONLY public.cms_chatmessage ALTER COLUMN id SET DEFAULT nextval('public.cms_chatmessage_id_seq'::regclass);


--
-- Name: cms_supportexecutive id; Type: DEFAULT; Schema: public; Owner: -
--

ALTER TABLE ONLY public.cms_supportexecutive ALTER COLUMN id SET DEFAULT nextval('public.cms_supportexecutive_id_seq'::regclass);


--
-- Name: cms_ticket id; Type: DEFAULT; Schema: public; Owner: -
--

ALTER TABLE ONLY public.cms_ticket ALTER COLUMN id SET DEFAULT nextval('public.cms_ticket_id_seq'::regclass);


--
-- Name: core_businessdetails id; Type: DEFAULT; Schema: public; Owner: -
--

ALTER TABLE ONLY public.core_businessdetails ALTER COLUMN id SET DEFAULT nextval('public.core_businessdetails_id_seq'::regclass);


--
-- Name: core_configuration id; Type: DEFAULT; Schema: public; Owner: -
--

ALTER TABLE ONLY public.core_configuration ALTER COLUMN id SET DEFAULT nextval('public.core_configuration_id_seq'::regclass);


--
-- Name: django_admin_log id; Type: DEFAULT; Schema: public; Owner: -
--

ALTER TABLE ONLY public.django_admin_log ALTER COLUMN id SET DEFAULT nextval('public.django_admin_log_id_seq'::regclass);


--
-- Name: django_content_type id; Type: DEFAULT; Schema: public; Owner: -
--

ALTER TABLE ONLY public.django_content_type ALTER COLUMN id SET DEFAULT nextval('public.django_content_type_id_seq'::regclass);


--
-- Name: django_migrations id; Type: DEFAULT; Schema: public; Owner: -
--

ALTER TABLE ONLY public.django_migrations ALTER COLUMN id SET DEFAULT nextval('public.django_migrations_id_seq'::regclass);


--
-- Name: enquiry_enquiry enquiry_id; Type: DEFAULT; Schema: public; Owner: -
--

ALTER TABLE ONLY public.enquiry_enquiry ALTER COLUMN enquiry_id SET DEFAULT nextval('public.enquiry_enquiry_enquiry_id_seq'::regclass);


--
-- Name: google_sso_user id; Type: DEFAULT; Schema: public; Owner: -
--

ALTER TABLE ONLY public.google_sso_user ALTER COLUMN id SET DEFAULT nextval('public.google_sso_user_id_seq'::regclass);


--
-- Name: orders_cart id; Type: DEFAULT; Schema: public; Owner: -
--

ALTER TABLE ONLY public.orders_cart ALTER COLUMN id SET DEFAULT nextval('public.orders_cart_id_seq'::regclass);


--
-- Name: orders_cartitem id; Type: DEFAULT; Schema: public; Owner: -
--

ALTER TABLE ONLY public.orders_cartitem ALTER COLUMN id SET DEFAULT nextval('public.orders_cartitem_id_seq'::regclass);


--
-- Name: orders_order id; Type: DEFAULT; Schema: public; Owner: -
--

ALTER TABLE ONLY public.orders_order ALTER COLUMN id SET DEFAULT nextval('public.orders_order_id_seq'::regclass);


--
-- Name: orders_orderitem id; Type: DEFAULT; Schema: public; Owner: -
--

ALTER TABLE ONLY public.orders_orderitem ALTER COLUMN id SET DEFAULT nextval('public.orders_orderitem_id_seq'::regclass);


--
-- Name: orders_subscriptionorder id; Type: DEFAULT; Schema: public; Owner: -
--

ALTER TABLE ONLY public.orders_subscriptionorder ALTER COLUMN id SET DEFAULT nextval('public.orders_subscriptionorder_id_seq'::regclass);


--
-- Name: orders_temporder id; Type: DEFAULT; Schema: public; Owner: -
--

ALTER TABLE ONLY public.orders_temporder ALTER COLUMN id SET DEFAULT nextval('public.orders_temporder_id_seq'::regclass);


--
-- Name: payments_payment id; Type: DEFAULT; Schema: public; Owner: -
--

ALTER TABLE ONLY public.payments_payment ALTER COLUMN id SET DEFAULT nextval('public.payments_payment_id_seq'::regclass);


--
-- Name: payments_paymentapilog id; Type: DEFAULT; Schema: public; Owner: -
--

ALTER TABLE ONLY public.payments_paymentapilog ALTER COLUMN id SET DEFAULT nextval('public.payments_paymentapilog_id_seq'::regclass);


--
-- Name: payments_transaction id; Type: DEFAULT; Schema: public; Owner: -
--

ALTER TABLE ONLY public.payments_transaction ALTER COLUMN id SET DEFAULT nextval('public.payments_transaction_id_seq'::regclass);


--
-- Name: products_category id; Type: DEFAULT; Schema: public; Owner: -
--

ALTER TABLE ONLY public.products_category ALTER COLUMN id SET DEFAULT nextval('public.products_category_id_seq'::regclass);


--
-- Name: products_package id; Type: DEFAULT; Schema: public; Owner: -
--

ALTER TABLE ONLY public.products_package ALTER COLUMN id SET DEFAULT nextval('public.products_package_id_seq'::regclass);


--
-- Name: products_product id; Type: DEFAULT; Schema: public; Owner: -
--

ALTER TABLE ONLY public.products_product ALTER COLUMN id SET DEFAULT nextval('public.products_product_id_seq'::regclass);


--
-- Name: products_subcategory id; Type: DEFAULT; Schema: public; Owner: -
--

ALTER TABLE ONLY public.products_subcategory ALTER COLUMN id SET DEFAULT nextval('public.products_subcategory_id_seq'::regclass);


--
-- Name: subscriptions_subscription id; Type: DEFAULT; Schema: public; Owner: -
--

ALTER TABLE ONLY public.subscriptions_subscription ALTER COLUMN id SET DEFAULT nextval('public.subscriptions_subscription_id_seq'::regclass);


--
-- Data for Name: account_emailaddress; Type: TABLE DATA; Schema: public; Owner: -
--

COPY public.account_emailaddress (id, verified, "primary", user_id, email) FROM stdin;
\.


--
-- Data for Name: account_emailconfirmation; Type: TABLE DATA; Schema: public; Owner: -
--

COPY public.account_emailconfirmation (id, created, sent, key, email_address_id) FROM stdin;
\.


--
-- Data for Name: accounts_banner; Type: TABLE DATA; Schema: public; Owner: -
--

COPY public.accounts_banner (id, name, series, image, button_text, subtitle, tagline, title_highlight, title_main) FROM stdin;
2	first Banner	1	banners/hero-1.jpg	Get Info	Training Hard	Shape Your Body	Strong	Be
5	Second Banner	2	banners/hero-2.jpg	Get Info	Training Hard	Shape Your Body	Strong	Be
\.


--
-- Data for Name: accounts_customer; Type: TABLE DATA; Schema: public; Owner: -
--

COPY public.accounts_customer (id, phone, shipping_address, billing_address, date_of_birth, loyalty_points, created_at, updated_at, country, customer_username, first_name, last_name, pincode, state, user_id) FROM stdin;
\.


--
-- Data for Name: accounts_customuser; Type: TABLE DATA; Schema: public; Owner: -
--

COPY public.accounts_customuser (password, last_login, is_superuser, first_name, last_name, email, is_staff, is_active, date_joined, phone_number, member_id, join_date, staff_role, address, city, date_of_birth, gender, pincode, state, username, profile_image, package_id, on_subscription, package_expiry_date, gym_id) FROM stdin;
pbkdf2_sha256$870000$26kALmJYAbCxzAwNrvebQx$wSLPAoe52ogngIhCiGoZtq3t0VplvyJd22dm8yi1A5M=	\N	f	Sudharshan	Sabari	cugec@example.com	t	t	2025-07-28 05:59:29.709297+00	+91 8496583719	5	2025-07-28	Employee	29 White Nobel Street	Sihora	1981-03-08	Male	998841	Debitis aut omnis fugit adipisicing eiusmod aut sunt possimus dolore anim voluptatem	MEMBER00005		\N	f	\N	1
pbkdf2_sha256$870000$pcSFDfwn63ROkZcgTQ6rFr$kdbe6f2mPHd/OytxnGvLdKwmUYd6bMSBPRlfbbHsvZo=	2025-08-02 16:59:33.493975+00	f	Vijay	Sharif	motyhowaf@example.com	t	t	2025-08-02 15:08:07.509396+00	+91 1712833973	20	2025-08-02	Admin	165 New Street	Asarganj	1985-05-05	Male	268135	Fugit aliquid reprehenderit aut non sit ut aut esse quia aut esse consectetur iure et	ADMIN00020		\N	f	\N	1
pbkdf2_sha256$870000$bs70pBv6Rs4QWvV3XJkBWi$5aDY60OIlHCXmtBMSTRXFKkR5jUGDMbRj3foDBroIq0=	2025-08-22 10:54:41.824456+00	f	Yogharaj	Sweety	satheeshappz@gmail.com	f	t	2025-07-28 10:26:01.668072+00	7736500152	10	2025-07-28	Member	643 Rocky New Extension	Gooty	2003-05-26	Male	826569	Dolorem ut qui doloremque itaque consectetur soluta eveniet maiores doloribus non commodi id eius	MEMBER00010		2	t	2025-09-21	1
pbkdf2_sha256$870000$VtzDT8ZqYUpk9u9NZ8zNRT$L+edCujPWwMylfFe69dWSSDrfEpDpCQi+NXa4MIOlgQ=	\N	f	Swetha	Kumar	vane@example.com	t	t	2025-08-02 17:03:23.981905+00	+91 7669963455	22	2025-08-02	Employee	850 South Old Parkway	Sugauli	2000-07-08	Other	458436	Officiis id aute qui consequat Quia optio qui dolorum	ADMIN00022		\N	f	\N	1
pbkdf2_sha256$870000$jXjxf8vkBaPHPRdzUyCEyb$H78CfYJf8BrMAbHb0XWHXpkL5PDrZsQo/UcYBZhYRTM=	\N	f	Vijay	Suthan	kovudono@example.com	t	t	2025-08-02 10:20:38.930862+00	+91 6838293683	18	2025-08-02		219 White New Avenue	Cheruthazham	2015-08-06	Other	763180	Anim quis officia itaque qui tempor veniam molestias minima exercitationem est veniam ex assumend	STAFF00018		\N	f	\N	1
pbkdf2_sha256$870000$CRKuB5hJD1bwjaOYdCmlWN$sqtpM034uGCgC0cCvHIJTa9V0GWjU8xvwH7Jsg4OzII=	2025-07-29 17:10:37.477223+00	f	Jeya	Sweety	duxikike@example.com	t	t	2025-07-28 09:39:17.16131+00	+91 4654542395	8	2025-07-28	Admin	58 New Freeway	Nongstoin	1971-07-19	Other	711249	Similique aliquam id excepturi non consequatur qui delectus sit officia est	MEMBER00008		\N	t	\N	2
pbkdf2_sha256$870000$1XGrIoTmr4MxjSzO9Lgota$pPDdwN6MgwYdMUdr/QhhYCNzUL8TE6b5ENHB5jJbKmc=	\N	f	Bearcin	Kumar	noqopojezu@example.com	t	t	2025-08-02 10:07:11.068928+00	+91 3941818669	13	2025-08-02	Customer	44 First Freeway	Durgapur	2019-10-22	Other	110739	Anim nemo corrupti iste libero nemo accusantium ipsam harum ratione eum non sit sequi est numquam e	MEMBER00013		\N	f	\N	1
pbkdf2_sha256$870000$Gp0ifIBQoFVkJAL5tL07M3$uAFP7AzCRExnbZ5WI+Hz5YYCHS/YtSE5OaRJvqFxUFI=	\N	f	Vijay	Ramesh	qotu@example.com	t	t	2025-08-02 10:14:52.965068+00	+91 2248454864	14	2025-08-02	Customer	367 West Oak Court	Banmankhi Bazar	2017-03-12	Female	541240	Minima aut commodi ut quis velit omnis quaerat quas accusamus	MEMBER00014		\N	f	\N	1
pbkdf2_sha256$870000$f1r4l6LWgkYgCqsSZC20gH$QxCvaR26fds2NiUSBK/tMzQeqEtryiHR3OsfwMG8E/4=	\N	f	Khaja	Suthan	nubeg@example.com	t	t	2025-08-02 10:20:58.064688+00	+91 4972946643	19	2025-08-02		86 West First Parkway	Shahabad	1999-05-29	Male	987615	Eligendi expedita ratione est inventore est voluptatibus incididunt labore ab adipisci facere adipis	STAFF00019		\N	f	\N	1
pbkdf2_sha256$870000$lpGgGoCU2VWncE7PmgPZDd$3d7WHGONPvvy0vY/XAZv6/qr+A3fV6KeETlK8LDiWGM=	2025-08-02 17:44:41.280359+00	f	Bearcin	Devi	gidel@example.com	t	t	2025-08-02 17:31:19.844662+00	+91 7622863319	25	2025-08-02	Admin	63 White Second Extension	Godhra	1990-11-14	Female	690613	Consectetur in possimus eum ex laborum consectetur nihil aut est harum fugit illo aut optio comm	ADMIN00025	profile_pics/Study_Abroad_Opportunities_with_Campus_World_ySUDpx8.png	\N	f	\N	2
pbkdf2_sha256$870000$g4yFDSRl7axJiHxer0P0MT$slkAj3tgEBklccHSJwEPAniJ0aIg8kdMgjwTGOdM8r0=	2025-08-02 17:25:57.586289+00	f	Shajid	Vedhasekaran	myvylyjuv@example.com	t	t	2025-08-02 17:04:16.03173+00	+91 5534474557	23	2025-08-02	Admin	596 Fabien Freeway	Neemuch	1994-08-20	Female	125411	Exercitationem alias minima laboriosam hic modi rerum quod ab quis mollit	ADMIN00023		\N	f	\N	1
pbkdf2_sha256$870000$DGiRbHidcWBhMfWNoT8mu7$RwWZrfbJITR/YeIs3Zz9jo0QpgOCWrH4d26WQlExyWk=	2025-08-22 21:07:36.275213+00	t	Satheesh A	A	satheeshappz1@gmail.com	t	t	2025-03-29 13:29:21.980931+00	7736500760	2	2025-03-29	Admin	Durga Junction	Palakkad	2025-03-01	Male	640044	Kerala	EMP00002	profile_pics/Satheesh_gCcRJdm.png	5	f	2025-08-09	1
pbkdf2_sha256$870000$z1MCrmqWAAoL3NyDSLcx7N$Cv7Terw/ng/GMvJGy7UXKJUi2d3bcLgV8BBcQTmyqcc=	\N	f	Muthu	Rosini	kory@example.com	t	t	2025-08-02 17:30:24.795631+00	+91 1577149381	24	2025-08-02	Member	58 Cowley Street	Hardoi	2017-03-30	Other	195134	Atque dolor quasi dolorem asperiores est ut sunt officia aliquam distinctio Voluptatem Expedita u	ADMIN00024		\N	f	\N	1
pbkdf2_sha256$870000$QeAmxxOqbXkrUIVC2eFOmA$QP/dfKaibQpBxEnirRcb6ve/aiwUoH7LMlcaXgNbHxY=	\N	f	Kishor	Kummar	cydyku@example.com	t	t	2025-08-15 10:18:09.152143+00	+91 5397374211	26	2025-08-15	Trainer	29 North Milton Road	Begusarai	1995-11-01	Male	167186	Qui do omnis hic nisi distinctio Dolorem similique repellendus Nemo reprehenderit autem	MEMBER00026		\N	f	\N	1
\.


--
-- Data for Name: accounts_customuser_groups; Type: TABLE DATA; Schema: public; Owner: -
--

COPY public.accounts_customuser_groups (id, customuser_id, group_id) FROM stdin;
\.


--
-- Data for Name: accounts_customuser_user_permissions; Type: TABLE DATA; Schema: public; Owner: -
--

COPY public.accounts_customuser_user_permissions (id, customuser_id, permission_id) FROM stdin;
\.


--
-- Data for Name: accounts_gym; Type: TABLE DATA; Schema: public; Owner: -
--

COPY public.accounts_gym (id, name, location, latitude, longitude, proprietor_name, is_active, admin_id) FROM stdin;
1	Default Gym	123 Main Street, Demo City	12.971598	77.594566	John Doe	t	20
2	Gayathri Suthan	Sheoganj	36.604551	17.061437	Muthu Shafee	t	25
\.


--
-- Data for Name: accounts_monthlymembershiptrend; Type: TABLE DATA; Schema: public; Owner: -
--

COPY public.accounts_monthlymembershiptrend (id, year, month, member_count, last_updated, gym_id) FROM stdin;
8	2025	8	0	2025-08-22 20:13:26.827088+00	1
9	2025	8	0	2025-08-22 20:13:26.830691+00	2
1	2025	1	0	2025-08-02 06:09:35.500998+00	1
2	2025	2	0	2025-08-02 06:09:35.507663+00	1
3	2025	3	0	2025-08-02 06:09:35.511932+00	1
4	2025	4	0	2025-08-02 06:09:35.514597+00	1
5	2025	5	0	2025-08-02 06:09:35.51787+00	1
6	2025	6	0	2025-08-02 06:09:35.521316+00	1
7	2025	7	1	2025-08-02 06:09:35.527341+00	1
\.


--
-- Data for Name: accounts_passwordresetotp; Type: TABLE DATA; Schema: public; Owner: -
--

COPY public.accounts_passwordresetotp (id, otp, created_at, expires_at, is_used, user_id) FROM stdin;
31	164834	2025-03-30 10:54:42.386931+00	2025-03-30 11:09:42.386931+00	t	2
32	021065	2025-03-30 11:03:36.125586+00	2025-03-30 11:18:36.125586+00	t	2
35	604004	2025-03-30 11:12:17.314914+00	2025-03-30 11:27:17.314914+00	t	2
36	719424	2025-03-31 11:00:19.563759+00	2025-03-31 11:15:19.562743+00	t	2
37	674255	2025-04-09 15:20:34.520637+00	2025-04-09 15:35:34.520637+00	t	2
77	488438	2025-04-09 18:31:30.387023+00	2025-04-09 18:46:30.387023+00	t	2
78	837737	2025-04-09 18:34:10.285149+00	2025-04-09 18:49:10.284145+00	t	2
\.


--
-- Data for Name: accounts_review; Type: TABLE DATA; Schema: public; Owner: -
--

COPY public.accounts_review (id, customer_name, review_rating, review_content, review_date) FROM stdin;
1	SRI KUMARAN MOTORS AND AUTOPAINTZ	5	I recently installed the engine carbon cleaning machine from SAPET, and I must say, the equipment is incredibly user-friendly. I'm truly impressed with its ease of use. Thank you so much for providing such a great product!	2025-03-11 00:00:00+00
3	charles charles	5	My thanks to your company, SAP Equipment, and my heartfelt congratulations to all of you who have helped me with all the things I have mentioned in a neat manner.	2025-01-06 00:00:00+00
4	padma jeeva	4	Had a great experience in our recent purchase for our service centre.timely support and very good product.Highly recommend.	2025-03-04 00:00:00+00
5	SHAMENI J	4	Great experience with sapet company. Wonderful staff and good communication. Best working with sap equipments & Tools.	2025-03-03 00:00:00+00
\.


--
-- Data for Name: accounts_socialmedia; Type: TABLE DATA; Schema: public; Owner: -
--

COPY public.accounts_socialmedia (id, platform, is_active, created_at, updated_at, user_id, url) FROM stdin;
1	GMAIL	t	2025-03-31 18:05:34.863097+00	2025-03-31 18:05:34.863097+00	2	http://127.0.0.1:8000/socialmedia/add/
2	PHONE	t	2025-03-31 18:45:22.859049+00	2025-03-31 18:45:22.859049+00	2	7735600150
\.


--
-- Data for Name: attendance_attendance; Type: TABLE DATA; Schema: public; Owner: -
--

COPY public.attendance_attendance (id, date, check_in_time, check_out_time, status, duration, user_id, schedule_id, gym_id) FROM stdin;
8	2025-08-05	2025-08-05 22:59:32.394913+00	2025-08-05 23:59:32.394913+00	\N	\N	2	\N	1
\.


--
-- Data for Name: attendance_checkinlog; Type: TABLE DATA; Schema: public; Owner: -
--

COPY public.attendance_checkinlog (id, ip_address, user_agent, gps_lat, gps_lng, scanned_at, attendance_id, user_id, token_id, gym_id) FROM stdin;
\.


--
-- Data for Name: attendance_classenrollment; Type: TABLE DATA; Schema: public; Owner: -
--

COPY public.attendance_classenrollment (id, enrolled_on, user_id, schedule_id, gym_id) FROM stdin;
\.


--
-- Data for Name: attendance_qrtoken; Type: TABLE DATA; Schema: public; Owner: -
--

COPY public.attendance_qrtoken (id, token, generated_at, used, schedule_id, expires_at, gym_id) FROM stdin;
\.


--
-- Data for Name: attendance_schedule; Type: TABLE DATA; Schema: public; Owner: -
--

COPY public.attendance_schedule (id, name, end_time, capacity, status, created_at, trainer_id, start_time, schedule_date, gym_id) FROM stdin;
\.


--
-- Data for Name: auth_group; Type: TABLE DATA; Schema: public; Owner: -
--

COPY public.auth_group (id, name) FROM stdin;
\.


--
-- Data for Name: auth_group_permissions; Type: TABLE DATA; Schema: public; Owner: -
--

COPY public.auth_group_permissions (id, group_id, permission_id) FROM stdin;
\.


--
-- Data for Name: auth_permission; Type: TABLE DATA; Schema: public; Owner: -
--

COPY public.auth_permission (id, content_type_id, codename, name) FROM stdin;
1	1	add_logentry	Can add log entry
2	1	change_logentry	Can change log entry
3	1	delete_logentry	Can delete log entry
4	1	view_logentry	Can view log entry
5	2	add_permission	Can add permission
6	2	change_permission	Can change permission
7	2	delete_permission	Can delete permission
8	2	view_permission	Can view permission
9	3	add_group	Can add group
10	3	change_group	Can change group
11	3	delete_group	Can delete group
12	3	view_group	Can view group
13	4	add_user	Can add user
14	4	change_user	Can change user
15	4	delete_user	Can delete user
16	4	view_user	Can view user
17	5	add_contenttype	Can add content type
18	5	change_contenttype	Can change content type
19	5	delete_contenttype	Can delete content type
20	5	view_contenttype	Can view content type
21	6	add_session	Can add session
22	6	change_session	Can change session
23	6	delete_session	Can delete session
24	6	view_session	Can view session
25	7	add_category	Can add category
26	7	change_category	Can change category
27	7	delete_category	Can delete category
28	7	view_category	Can view category
29	8	add_product	Can add product
30	8	change_product	Can change product
31	8	delete_product	Can delete product
32	8	view_product	Can view product
33	9	add_subcategory	Can add sub category
34	9	change_subcategory	Can change sub category
35	9	delete_subcategory	Can delete sub category
36	9	view_subcategory	Can view sub category
37	10	add_enquiry	Can add enquiry
38	10	change_enquiry	Can change enquiry
39	10	delete_enquiry	Can delete enquiry
40	10	view_enquiry	Can view enquiry
41	11	add_customuser	Can add user
42	11	change_customuser	Can change user
43	11	delete_customuser	Can delete user
44	11	view_customuser	Can view user
45	12	add_review	Can add review
46	12	change_review	Can change review
47	12	delete_review	Can delete review
48	12	view_review	Can view review
49	13	add_banner	Can add banner
50	13	change_banner	Can change banner
51	13	delete_banner	Can delete banner
52	13	view_banner	Can view banner
53	14	add_config	Can add System Configuration
54	14	change_config	Can change System Configuration
55	14	delete_config	Can delete System Configuration
56	14	view_config	Can view System Configuration
57	15	add_passwordresetotp	Can add password reset otp
58	15	change_passwordresetotp	Can change password reset otp
59	15	delete_passwordresetotp	Can delete password reset otp
60	15	view_passwordresetotp	Can view password reset otp
61	16	add_socialmedia	Can add Social Media Link
62	16	change_socialmedia	Can change Social Media Link
63	16	delete_socialmedia	Can delete Social Media Link
64	16	view_socialmedia	Can view Social Media Link
65	17	add_customer	Can add Customer
66	17	change_customer	Can change Customer
67	17	delete_customer	Can delete Customer
68	17	view_customer	Can view Customer
69	18	add_googlepaycredentials	Can add google pay credentials
70	18	change_googlepaycredentials	Can change google pay credentials
71	18	delete_googlepaycredentials	Can delete google pay credentials
72	18	view_googlepaycredentials	Can view google pay credentials
73	19	add_order	Can add order
74	19	change_order	Can change order
75	19	delete_order	Can delete order
76	19	view_order	Can view order
77	20	add_orderitem	Can add order item
78	20	change_orderitem	Can change order item
79	20	delete_orderitem	Can delete order item
80	20	view_orderitem	Can view order item
81	21	add_payment	Can add payment
82	21	change_payment	Can change payment
83	21	delete_payment	Can delete payment
84	21	view_payment	Can view payment
85	22	add_cartitem	Can add cart item
86	22	change_cartitem	Can change cart item
87	22	delete_cartitem	Can delete cart item
88	22	view_cartitem	Can view cart item
89	23	add_cart	Can add cart
90	23	change_cart	Can change cart
91	23	delete_cart	Can delete cart
92	23	view_cart	Can view cart
93	24	add_transaction	Can add transaction
94	24	change_transaction	Can change transaction
95	24	delete_transaction	Can delete transaction
96	24	view_transaction	Can view transaction
97	25	add_businessdetails	Can add Business Detail
98	25	change_businessdetails	Can change Business Detail
99	25	delete_businessdetails	Can delete Business Detail
100	25	view_businessdetails	Can view Business Detail
101	26	add_configuration	Can add Configuration
102	26	change_configuration	Can change Configuration
103	26	delete_configuration	Can delete Configuration
104	26	view_configuration	Can view Configuration
105	27	add_temporder	Can add temp order
106	27	change_temporder	Can change temp order
107	27	delete_temporder	Can delete temp order
108	27	view_temporder	Can view temp order
109	28	add_supportexecutive	Can add support executive
110	28	change_supportexecutive	Can change support executive
111	28	delete_supportexecutive	Can delete support executive
112	28	view_supportexecutive	Can view support executive
113	29	add_ticket	Can add ticket
114	29	change_ticket	Can change ticket
115	29	delete_ticket	Can delete ticket
116	29	view_ticket	Can view ticket
117	30	add_chatmessage	Can add chat message
118	30	change_chatmessage	Can change chat message
119	30	delete_chatmessage	Can delete chat message
120	30	view_chatmessage	Can view chat message
121	31	add_paymentapilog	Can add payment api log
122	31	change_paymentapilog	Can change payment api log
123	31	delete_paymentapilog	Can delete payment api log
124	31	view_paymentapilog	Can view payment api log
125	32	add_googlessouser	Can add Google SSO User
126	32	change_googlessouser	Can change Google SSO User
127	32	delete_googlessouser	Can delete Google SSO User
128	32	view_googlessouser	Can view Google SSO User
129	33	add_emailaddress	Can add email address
130	33	change_emailaddress	Can change email address
131	33	delete_emailaddress	Can delete email address
132	33	view_emailaddress	Can view email address
133	34	add_emailconfirmation	Can add email confirmation
134	34	change_emailconfirmation	Can change email confirmation
135	34	delete_emailconfirmation	Can delete email confirmation
136	34	view_emailconfirmation	Can view email confirmation
137	35	add_socialaccount	Can add social account
138	35	change_socialaccount	Can change social account
139	35	delete_socialaccount	Can delete social account
140	35	view_socialaccount	Can view social account
141	36	add_socialapp	Can add social application
142	36	change_socialapp	Can change social application
143	36	delete_socialapp	Can delete social application
144	36	view_socialapp	Can view social application
145	37	add_socialtoken	Can add social application token
146	37	change_socialtoken	Can change social application token
147	37	delete_socialtoken	Can delete social application token
148	37	view_socialtoken	Can view social application token
149	38	add_package	Can add package
150	38	change_package	Can change package
151	38	delete_package	Can delete package
152	38	view_package	Can view package
153	39	add_qrtoken	Can add qr token
154	39	change_qrtoken	Can change qr token
155	39	delete_qrtoken	Can delete qr token
156	39	view_qrtoken	Can view qr token
157	40	add_attendance	Can add attendance
158	40	change_attendance	Can change attendance
159	40	delete_attendance	Can delete attendance
160	40	view_attendance	Can view attendance
161	41	add_checkinlog	Can add check in log
162	41	change_checkinlog	Can change check in log
163	41	delete_checkinlog	Can delete check in log
164	41	view_checkinlog	Can view check in log
165	42	add_schedule	Can add schedule
166	42	change_schedule	Can change schedule
167	42	delete_schedule	Can delete schedule
168	42	view_schedule	Can view schedule
169	43	add_classenrollment	Can add class enrollment
170	43	change_classenrollment	Can change class enrollment
171	43	delete_classenrollment	Can delete class enrollment
172	43	view_classenrollment	Can view class enrollment
173	44	add_subscription	Can add subscription
174	44	change_subscription	Can change subscription
175	44	delete_subscription	Can delete subscription
176	44	view_subscription	Can view subscription
177	45	add_subscriptionorder	Can add subscription order
178	45	change_subscriptionorder	Can change subscription order
179	45	delete_subscriptionorder	Can delete subscription order
180	45	view_subscriptionorder	Can view subscription order
181	46	add_payment	Can add payment
182	46	change_payment	Can change payment
183	46	delete_payment	Can delete payment
184	46	view_payment	Can view payment
185	47	add_transaction	Can add transaction
186	47	change_transaction	Can change transaction
187	47	delete_transaction	Can delete transaction
188	47	view_transaction	Can view transaction
189	48	add_gym	Can add gym
190	48	change_gym	Can change gym
191	48	delete_gym	Can delete gym
192	48	view_gym	Can view gym
193	49	add_notificationconfig	Can add notification config
194	49	change_notificationconfig	Can change notification config
195	49	delete_notificationconfig	Can delete notification config
196	49	view_notificationconfig	Can view notification config
197	50	add_notificationlog	Can add notification log
198	50	change_notificationlog	Can change notification log
199	50	delete_notificationlog	Can delete notification log
200	50	view_notificationlog	Can view notification log
201	51	add_monthlymembershiptrend	Can add monthly membership trend
202	51	change_monthlymembershiptrend	Can change monthly membership trend
203	51	delete_monthlymembershiptrend	Can delete monthly membership trend
204	51	view_monthlymembershiptrend	Can view monthly membership trend
205	52	add_equipment	Can add equipment
206	52	change_equipment	Can change equipment
207	52	delete_equipment	Can delete equipment
208	52	view_equipment	Can view equipment
209	53	add_workoutcategory	Can add workout category
210	53	change_workoutcategory	Can change workout category
211	53	delete_workoutcategory	Can delete workout category
212	53	view_workoutcategory	Can view workout category
213	54	add_workoutprogram	Can add workout program
214	54	change_workoutprogram	Can change workout program
215	54	delete_workoutprogram	Can delete workout program
216	54	view_workoutprogram	Can view workout program
217	55	add_memberworkoutassignment	Can add member workout assignment
218	55	change_memberworkoutassignment	Can change member workout assignment
219	55	delete_memberworkoutassignment	Can delete member workout assignment
220	55	view_memberworkoutassignment	Can view member workout assignment
221	56	add_workouttemplate	Can add workout template
222	56	change_workouttemplate	Can change workout template
223	56	delete_workouttemplate	Can delete workout template
224	56	view_workouttemplate	Can view workout template
225	57	add_workouttemplateday	Can add workout template day
226	57	change_workouttemplateday	Can change workout template day
227	57	delete_workouttemplateday	Can delete workout template day
228	57	view_workouttemplateday	Can view workout template day
229	58	add_token	Can add Token
230	58	change_token	Can change Token
231	58	delete_token	Can delete Token
232	58	view_token	Can view Token
233	59	add_tokenproxy	Can add Token
234	59	change_tokenproxy	Can change Token
235	59	delete_tokenproxy	Can delete Token
236	59	view_tokenproxy	Can view Token
237	60	add_site	Can add site
238	60	change_site	Can change site
239	60	delete_site	Can delete site
240	60	view_site	Can view site
241	61	add_bodymeasurement	Can add body measurement
242	61	change_bodymeasurement	Can change body measurement
243	61	delete_bodymeasurement	Can delete body measurement
244	61	view_bodymeasurement	Can view body measurement
245	62	add_daytemplate	Can add day template
246	62	change_daytemplate	Can change day template
247	62	delete_daytemplate	Can delete day template
248	62	view_daytemplate	Can view day template
249	63	add_exerciselibrary	Can add exercise library
250	63	change_exerciselibrary	Can change exercise library
251	63	delete_exerciselibrary	Can delete exercise library
252	63	view_exerciselibrary	Can view exercise library
253	64	add_blocktemplate	Can add block template
254	64	change_blocktemplate	Can change block template
255	64	delete_blocktemplate	Can delete block template
256	64	view_blocktemplate	Can view block template
257	65	add_assignedday	Can add assigned day
258	65	change_assignedday	Can change assigned day
259	65	delete_assignedday	Can delete assigned day
260	65	view_assignedday	Can view assigned day
261	66	add_exercisetemplate	Can add exercise template
262	66	change_exercisetemplate	Can change exercise template
263	66	delete_exercisetemplate	Can delete exercise template
264	66	view_exercisetemplate	Can view exercise template
265	67	add_assignedexercise	Can add assigned exercise
266	67	change_assignedexercise	Can change assigned exercise
267	67	delete_assignedexercise	Can delete assigned exercise
268	67	view_assignedexercise	Can view assigned exercise
269	68	add_programassignment	Can add program assignment
270	68	change_programassignment	Can change program assignment
271	68	delete_programassignment	Can delete program assignment
272	68	view_programassignment	Can view program assignment
273	69	add_programtemplate	Can add program template
274	69	change_programtemplate	Can change program template
275	69	delete_programtemplate	Can delete program template
276	69	view_programtemplate	Can view program template
277	70	add_programweektemplate	Can add program week template
278	70	change_programweektemplate	Can change program week template
279	70	delete_programweektemplate	Can delete program week template
280	70	view_programweektemplate	Can view program week template
281	71	add_setlog	Can add set log
282	71	change_setlog	Can change set log
283	71	delete_setlog	Can delete set log
284	71	view_setlog	Can view set log
285	72	add_equipment	Can add equipment
286	72	change_equipment	Can change equipment
287	72	delete_equipment	Can delete equipment
288	72	view_equipment	Can view equipment
289	73	add_fitnesslevel	Can add fitness level
290	73	change_fitnesslevel	Can change fitness level
291	73	delete_fitnesslevel	Can delete fitness level
292	73	view_fitnesslevel	Can view fitness level
293	74	add_goal	Can add goal
294	74	change_goal	Can change goal
295	74	delete_goal	Can delete goal
296	74	view_goal	Can view goal
297	75	add_exercise	Can add exercise
298	75	change_exercise	Can change exercise
299	75	delete_exercise	Can delete exercise
300	75	view_exercise	Can view exercise
301	76	add_activitytemplate	Can add activity template
302	76	change_activitytemplate	Can change activity template
303	76	delete_activitytemplate	Can delete activity template
304	76	view_activitytemplate	Can view activity template
305	77	add_weeklytemplate	Can add weekly template
306	77	change_weeklytemplate	Can change weekly template
307	77	delete_weeklytemplate	Can delete weekly template
308	77	view_weeklytemplate	Can view weekly template
309	78	add_userworkoutassignment	Can add user workout assignment
310	78	change_userworkoutassignment	Can change user workout assignment
311	78	delete_userworkoutassignment	Can delete user workout assignment
312	78	view_userworkoutassignment	Can view user workout assignment
313	79	add_workoutsession	Can add workout session
314	79	change_workoutsession	Can change workout session
315	79	delete_workoutsession	Can delete workout session
316	79	view_workoutsession	Can view workout session
317	80	add_activitylog	Can add activity log
318	80	change_activitylog	Can change activity log
319	80	delete_activitylog	Can delete activity log
320	80	view_activitylog	Can view activity log
\.


--
-- Data for Name: auth_user; Type: TABLE DATA; Schema: public; Owner: -
--

COPY public.auth_user (id, password, last_login, is_superuser, username, last_name, email, is_staff, is_active, date_joined, first_name) FROM stdin;
1	pbkdf2_sha256$870000$wLHebUb5vaaWCK4GOgDHPN$4FFqUG40fcfn2vVyLo0QfSJRz3LEzuMFIFiY10nRFds=	2025-03-29 12:40:55.852434+00	t	sapadmin		sapadmin@gamil.com	t	t	2025-03-09 06:44:12.032945+00	
\.


--
-- Data for Name: auth_user_groups; Type: TABLE DATA; Schema: public; Owner: -
--

COPY public.auth_user_groups (id, user_id, group_id) FROM stdin;
\.


--
-- Data for Name: auth_user_user_permissions; Type: TABLE DATA; Schema: public; Owner: -
--

COPY public.auth_user_user_permissions (id, user_id, permission_id) FROM stdin;
\.


--
-- Data for Name: authtoken_token; Type: TABLE DATA; Schema: public; Owner: -
--

COPY public.authtoken_token (key, created, user_id) FROM stdin;
93e91defc52c52b0f32bf82694fa7de8e6accd00	2025-08-09 11:42:44.304363+00	2
0060828568472b5e1fb9ebd697f758e6c81b2774	2025-08-15 10:51:56.248976+00	10
\.


--
-- Data for Name: cms_chatmessage; Type: TABLE DATA; Schema: public; Owner: -
--

COPY public.cms_chatmessage (id, message, created_at, sender_id, ticket_id) FROM stdin;
30	hello how can help you	2025-04-13 08:26:39.72456+00	2	7
31	hi viji	2025-04-15 19:56:56.81954+00	2	7
32	hii	2025-04-15 19:56:59.17097+00	2	7
\.


--
-- Data for Name: cms_supportexecutive; Type: TABLE DATA; Schema: public; Owner: -
--

COPY public.cms_supportexecutive (id, department, user_id) FROM stdin;
\.


--
-- Data for Name: cms_ticket; Type: TABLE DATA; Schema: public; Owner: -
--

COPY public.cms_ticket (id, title, description, status, created_at, updated_at, customer_id, support_executive_id, ticket_id) FROM stdin;
6	Hi payment delay	Helloo payment delay	resolved	2025-04-10 20:23:18.819466+00	2025-04-10 20:28:07.370774+00	2	\N	SPRT000002
7	sads	sadsad	in_progress	2025-04-13 08:26:06.494998+00	2025-04-13 08:26:39.709325+00	2	\N	SPRT000003
\.


--
-- Data for Name: core_businessdetails; Type: TABLE DATA; Schema: public; Owner: -
--

COPY public.core_businessdetails (id, company_name, company_tagline, company_logo, company_favicon, company_logo_svg, offline_address, map_location, info_mobile, info_email, complaint_mobile, complaint_email, sales_mobile, sales_email, company_instagram, company_facebook, company_email_ceo, closed_days, closing_time, opening_time, gstn, breadcrumb_image, about_page_image) FROM stdin;
1	Codespike Studio	Transforming Ideas into Interactive Masterpieces Empowering Your Digital Presence with Expertise and Creativity.	company/logo.png	company/favicon_2_UoJYoh7.png	company/Screenshot_from_2025-08-02_23-29-14.svg	11/03 2nd Floor Ksum, Kochin, Kerala 641033, India	http://127.0.0.1:8000/core/business-details/	+917736500760	codespikestudio@gmail.com	+917736500760	satheeshappz@gmail.com	+917736500760	codespikestudio@gmail.com	https://www.instagram.com/codespikestudio?igsh=MXR6aGg3NXJtcmt5dA==	https://www.instagram.com/codespikestudio?igsh=MXR6aGg3NXJtcmt5dA==	codespikestudio@gmail.com	Sunday	19:30:00	10:30:00	33BHTPR6598F188	company/hero-bg.jpg	company/hero-bg_jUsPj0S.jpg.jpg
\.


--
-- Data for Name: core_configuration; Type: TABLE DATA; Schema: public; Owner: -
--

COPY public.core_configuration (id, config, value) FROM stdin;
1	enable-cart	True
2	enable-gpay	True
3	enable-phonepay	True
4	show-testimonial-homepage	True
5	show-products-homepage	True
6	shipping-module	True
7	tax-module	True
8	enable-smsotp	False
9	enable-emailotp	True
10	product-management	False
11	packages-mode	True
12	order-management	False
\.


--
-- Data for Name: django_admin_log; Type: TABLE DATA; Schema: public; Owner: -
--

COPY public.django_admin_log (id, object_id, object_repr, action_flag, change_message, content_type_id, user_id, action_time) FROM stdin;
\.


--
-- Data for Name: django_content_type; Type: TABLE DATA; Schema: public; Owner: -
--

COPY public.django_content_type (id, app_label, model) FROM stdin;
1	admin	logentry
2	auth	permission
3	auth	group
4	auth	user
5	contenttypes	contenttype
6	sessions	session
7	products	category
8	products	product
9	products	subcategory
10	enquiry	enquiry
11	accounts	customuser
12	accounts	review
13	accounts	banner
14	core	config
15	accounts	passwordresetotp
16	accounts	socialmedia
17	accounts	customer
18	orders	googlepaycredentials
19	orders	order
20	orders	orderitem
21	orders	payment
22	orders	cartitem
23	orders	cart
24	orders	transaction
25	core	businessdetails
26	core	configuration
27	orders	temporder
28	cms	supportexecutive
29	cms	ticket
30	cms	chatmessage
31	payments	paymentapilog
32	django_google_sso	googlessouser
33	account	emailaddress
34	account	emailconfirmation
35	socialaccount	socialaccount
36	socialaccount	socialapp
37	socialaccount	socialtoken
38	products	package
39	attendance	qrtoken
40	attendance	attendance
41	attendance	checkinlog
42	attendance	schedule
43	attendance	classenrollment
44	subscriptions	subscription
45	orders	subscriptionorder
46	payments	payment
47	payments	transaction
48	accounts	gym
49	notifications	notificationconfig
50	notifications	notificationlog
51	accounts	monthlymembershiptrend
52	health	equipment
53	health	workoutcategory
54	health	workoutprogram
55	health	memberworkoutassignment
56	health	workouttemplate
57	health	workouttemplateday
58	authtoken	token
59	authtoken	tokenproxy
60	sites	site
61	health	bodymeasurement
62	workout	daytemplate
63	workout	exerciselibrary
64	workout	blocktemplate
65	workout	assignedday
66	workout	exercisetemplate
67	workout	assignedexercise
68	workout	programassignment
69	workout	programtemplate
70	workout	programweektemplate
71	workout	setlog
72	workout	equipment
73	workout	fitnesslevel
74	workout	goal
75	workout	exercise
76	workout	activitytemplate
77	workout	weeklytemplate
78	workout	userworkoutassignment
79	workout	workoutsession
80	workout	activitylog
\.


--
-- Data for Name: django_migrations; Type: TABLE DATA; Schema: public; Owner: -
--

COPY public.django_migrations (id, app, name, applied) FROM stdin;
1	contenttypes	0001_initial	2025-03-06 10:46:34.977495+00
2	auth	0001_initial	2025-03-06 10:46:35.04465+00
3	admin	0001_initial	2025-03-06 10:46:35.075903+00
4	admin	0002_logentry_remove_auto_add	2025-03-06 10:46:35.111522+00
5	admin	0003_logentry_add_action_flag_choices	2025-03-06 10:46:35.139393+00
6	contenttypes	0002_remove_content_type_name	2025-03-06 10:46:35.18793+00
7	auth	0002_alter_permission_name_max_length	2025-03-06 10:46:35.22075+00
8	auth	0003_alter_user_email_max_length	2025-03-06 10:46:35.256522+00
9	auth	0004_alter_user_username_opts	2025-03-06 10:46:35.275167+00
10	auth	0005_alter_user_last_login_null	2025-03-06 10:46:35.319878+00
11	auth	0006_require_contenttypes_0002	2025-03-06 10:46:35.326885+00
12	auth	0007_alter_validators_add_error_messages	2025-03-06 10:46:35.346875+00
13	auth	0008_alter_user_username_max_length	2025-03-06 10:46:35.387405+00
14	auth	0009_alter_user_last_name_max_length	2025-03-06 10:46:35.41797+00
15	auth	0010_alter_group_name_max_length	2025-03-06 10:46:35.44496+00
16	auth	0011_update_proxy_permissions	2025-03-06 10:46:35.473351+00
17	auth	0012_alter_user_first_name_max_length	2025-03-06 10:46:35.51127+00
18	sessions	0001_initial	2025-03-06 10:46:35.531296+00
19	products	0001_initial	2025-03-09 06:39:11.100943+00
20	products	0002_product_product_uid	2025-03-09 09:32:44.365513+00
21	enquiry	0001_initial	2025-03-09 09:40:11.765779+00
22	products	0003_product_price	2025-03-09 10:14:39.445163+00
23	products	0004_product_image_1_product_image_2_product_image_3	2025-03-09 20:21:27.200102+00
24	accounts	0001_initial	2025-03-14 17:31:24.002585+00
25	accounts	0002_customuser_address_customuser_city_and_more	2025-03-14 17:49:54.726366+00
26	products	0005_category_image	2025-03-19 11:21:29.323643+00
27	products	0006_rename_subcategory_product_subcategory	2025-03-20 12:00:01.742784+00
28	accounts	0003_review	2025-03-23 12:52:02.725091+00
29	accounts	0004_banner	2025-03-25 08:45:02.905752+00
30	accounts	0005_alter_banner_series	2025-03-25 08:53:24.173561+00
31	accounts	0006_alter_customuser_managers_remove_customuser_username_and_more	2025-03-29 12:43:49.134663+00
32	accounts	0007_customuser_username	2025-03-29 13:00:45.170699+00
33	core	0001_initial	2025-03-30 06:44:30.832854+00
34	accounts	0008_passwordresetotp	2025-03-30 08:47:53.448803+00
35	accounts	0009_customuser_profile_image	2025-03-31 11:30:28.179888+00
36	products	0007_alter_product_options_product_country_of_origin_and_more	2025-03-31 16:34:51.340708+00
37	accounts	0010_socialmedia	2025-03-31 17:58:33.512349+00
38	accounts	0011_alter_socialmedia_platform_alter_socialmedia_url	2025-03-31 18:45:09.39026+00
39	accounts	0012_customer	2025-03-31 20:34:30.065575+00
40	orders	0001_initial	2025-03-31 20:35:13.198721+00
41	core	0002_businessdetails_delete_config	2025-04-01 07:32:36.187454+00
42	core	0003_businessdetails_closed_days_and_more	2025-04-01 08:34:32.670267+00
43	core	0004_alter_businessdetails_closing_time_and_more	2025-04-01 09:16:50.966408+00
44	core	0005_configuration	2025-04-02 10:39:37.063802+00
45	accounts	0013_add_unique_customer_username	2025-04-02 19:08:14.881015+00
46	accounts	0014_customer_country_customer_customer_username_and_more	2025-04-02 19:28:44.45334+00
47	orders	0002_temporder	2025-04-07 13:29:43.799592+00
48	orders	0003_remove_temporder_unique_id	2025-04-07 13:41:00.946376+00
49	orders	0004_transaction_status_alter_order_customer	2025-04-08 13:53:12.434277+00
50	orders	0005_alter_order_billing_address_and_more	2025-04-08 14:12:43.329117+00
51	orders	0006_orderitem_product_sku	2025-04-08 14:24:43.590425+00
52	orders	0007_order_payment_status_alter_order_status	2025-04-09 07:12:50.12025+00
53	orders	0008_alter_order_payment_status	2025-04-09 07:13:56.428077+00
54	orders	0009_temporder_processed	2025-04-09 11:05:10.632707+00
55	cms	0001_initial	2025-04-10 15:16:48.752386+00
56	cms	0002_ticket_ticket_id	2025-04-10 19:11:27.353691+00
57	products	0008_product_image_4	2025-04-15 19:16:14.249867+00
58	accounts	0015_alter_customuser_staff_role	2025-04-27 08:01:32.237281+00
59	core	0006_businessdetails_gstn	2025-04-27 08:01:32.266716+00
60	core	0007_businessdetails_breadcrumb_image	2025-04-27 08:27:03.664985+00
61	core	0008_businessdetails_about_page_image	2025-04-27 08:42:47.240231+00
62	payments	0001_initial	2025-05-11 12:50:24.944069+00
63	payments	0002_paymentapilog_link_id_alter_paymentapilog_action	2025-05-11 16:13:19.441994+00
64	django_google_sso	0001_initial	2025-06-13 18:42:35.144117+00
65	django_google_sso	0002_alter_googlessouser_picture_url	2025-06-13 18:42:35.177683+00
66	account	0001_initial	2025-06-13 19:03:05.258088+00
67	account	0002_email_max_length	2025-06-13 19:03:05.29695+00
68	account	0003_alter_emailaddress_create_unique_verified_email	2025-06-13 19:03:05.339333+00
69	account	0004_alter_emailaddress_drop_unique_email	2025-06-13 19:03:05.375402+00
70	account	0005_emailaddress_idx_upper_email	2025-06-13 19:03:05.394906+00
71	account	0006_emailaddress_lower	2025-06-13 19:03:05.441331+00
72	account	0007_emailaddress_idx_email	2025-06-13 19:03:05.53995+00
73	account	0008_emailaddress_unique_primary_email_fixup	2025-06-13 19:03:05.577381+00
74	account	0009_emailaddress_unique_primary_email	2025-06-13 19:03:05.611878+00
81	accounts	0016_banner_button_text_banner_subtitle_banner_tagline_and_more	2025-06-29 17:51:33.569017+00
82	payments	0003_alter_paymentapilog_action	2025-06-29 17:51:33.585461+00
83	products	0009_package	2025-07-04 16:59:17.991044+00
84	attendance	0001_initial	2025-07-12 06:54:38.803929+00
85	attendance	0002_schedule_weekday_alter_schedule_end_time_and_more	2025-07-12 08:05:09.734754+00
86	attendance	0003_remove_schedule_weekday_alter_schedule_end_time_and_more	2025-07-12 08:10:24.158582+00
87	attendance	0004_alter_schedule_end_time_alter_schedule_start_time	2025-07-12 08:13:38.693988+00
88	accounts	0017_alter_customuser_staff_role	2025-07-12 08:42:32.076793+00
89	attendance	0005_alter_qrtoken_expires_at	2025-07-12 08:42:32.103417+00
90	accounts	0018_customuser_package	2025-07-15 21:38:08.188983+00
91	accounts	0019_customuser_on_subscription	2025-07-15 21:38:52.905543+00
92	subscriptions	0001_initial	2025-07-19 09:28:28.270104+00
93	accounts	0020_rename_employee_id_customuser_member_id	2025-07-19 09:53:41.970346+00
94	orders	0010_subscriptionorder	2025-07-19 09:59:00.651357+00
95	orders	0011_remove_payment_order_remove_transaction_payment_and_more	2025-07-19 10:22:54.714967+00
96	payments	0004_paymentapilog_content_type_paymentapilog_object_id_and_more	2025-07-19 10:27:48.193057+00
97	payments	0005_payment_transaction	2025-07-19 18:11:55.697715+00
98	subscriptions	0002_alter_subscription_payment	2025-07-19 18:19:55.426073+00
99	orders	0012_delete_googlepaycredentials_and_more	2025-07-19 18:19:55.534788+00
100	orders	0013_delete_payment_delete_transaction	2025-07-19 18:19:55.544289+00
101	payments	0006_payment_customer	2025-07-19 18:30:38.001653+00
102	accounts	0021_customuser_package_expiry_date	2025-07-28 05:44:26.429591+00
103	accounts	0022_gym	2025-07-28 05:46:06.782644+00
104	accounts	0023_customuser_gym	2025-07-28 05:48:04.59858+00
105	attendance	0006_schedule_schedule_date_alter_attendance_date	2025-07-28 05:48:04.659449+00
106	notifications	0001_initial	2025-07-28 05:48:04.76222+00
107	attendance	0007_schedule_gym	2025-07-28 05:51:05.759014+00
108	attendance	0008_qrtoken_gym	2025-07-28 09:11:48.994449+00
109	attendance	0009_attendance_gym_checkinlog_gym_classenrollment_gym	2025-07-28 09:13:54.989812+00
110	products	0010_package_gym	2025-07-28 09:17:55.739283+00
111	orders	0014_cart_gym_cartitem_gym_order_gym_orderitem_gym_and_more	2025-07-28 09:33:14.685281+00
112	notifications	0002_notificationconfig_gym_notificationlog_gym	2025-07-28 09:59:32.627903+00
113	notifications	0003_alter_notificationconfig_gym_and_more	2025-07-28 10:13:00.508972+00
114	payments	0007_payment_gym_paymentapilog_gym_transaction_gym	2025-07-28 10:32:16.015498+00
115	accounts	0024_monthlymembershiptrend	2025-08-02 06:04:20.47152+00
116	accounts	0025_alter_monthlymembershiptrend_unique_together_and_more	2025-08-02 06:32:52.67899+00
117	accounts	0026_gym_admin	2025-08-02 15:18:07.329376+00
118	health	0001_initial	2025-08-02 20:14:57.814227+00
119	health	0002_workouttemplate_memberworkoutassignment_and_more	2025-08-02 20:26:07.356915+00
120	authtoken	0001_initial	2025-08-08 20:52:48.909326+00
121	authtoken	0002_auto_20160226_1747	2025-08-08 20:52:49.10157+00
122	authtoken	0003_tokenproxy	2025-08-08 20:52:49.106582+00
123	authtoken	0004_alter_tokenproxy_options	2025-08-08 20:52:49.116296+00
124	sites	0001_initial	2025-08-09 11:19:19.684259+00
125	sites	0002_alter_domain_unique	2025-08-09 11:19:19.702697+00
126	socialaccount	0001_initial	2025-08-09 11:22:38.999867+00
127	socialaccount	0002_token_max_lengths	2025-08-09 11:22:39.067768+00
128	socialaccount	0003_extra_data_default_dict	2025-08-09 11:22:39.101985+00
129	socialaccount	0004_app_provider_id_settings	2025-08-09 11:22:39.16697+00
130	socialaccount	0005_socialtoken_nullable_app	2025-08-09 11:22:39.252415+00
131	socialaccount	0006_alter_socialaccount_extra_data	2025-08-09 11:22:39.324553+00
138	health	0003_bodymeasurement	2025-08-16 19:42:35.409247+00
139	workout	0001_initial	2025-08-16 20:13:19.127515+00
\.


--
-- Data for Name: django_session; Type: TABLE DATA; Schema: public; Owner: -
--

COPY public.django_session (session_key, session_data, expire_date) FROM stdin;
lvp4lqhxf36lu4rszu0v3ve0n9nr6bu1	.eJxVjMsOwiAQRf-FtSE8AoMu3fsNBIYZqRpISrtq_Hdt0oVu7znnbiKmdalxHTTHqYiL0OL0u-WET2o7KI_U7l1ib8s8Zbkr8qBD3nqh1_Vw_w5qGvVbW1ABE4LNVgcAIGBGDuwVIBcI-eyVc-S1MR5dKBZIFUWZszbsHIr3B-PkOBg:1ttADm:Hzx8alKTvxLwoImckCY5rmnVgQrvBq3Xq3E3AbDywn0	2025-03-28 18:57:26.3029+00
qht03eewhc0eee6a02wxi30ih5f6xnbo	.eJxVjMsOwiAQRf-FtSE8AoMu3fsNBIYZqRpISrtq_Hdt0oVu7znnbiKmdalxHTTHqYiL0OL0u-WET2o7KI_U7l1ib8s8Zbkr8qBD3nqh1_Vw_w5qGvVbW1ABE4LNVgcAIGBGDuwVIBcI-eyVc-S1MR5dKBZIFUWZszbsHIr3B-PkOBg:1ttJ3n:5NdovmKFPC3kOcWD0JPACgbxsNElTzyVARgjNoi5igo	2025-03-29 04:23:43.255425+00
owaoxtj4j0snl223hey7juglhjqke828	.eJxVjMsOwiAQRf-FtSE8AoMu3fsNBIYZqRpISrtq_Hdt0oVu7znnbiKmdalxHTTHqYiL0OL0u-WET2o7KI_U7l1ib8s8Zbkr8qBD3nqh1_Vw_w5qGvVbW1ABE4LNVgcAIGBGDuwVIBcI-eyVc-S1MR5dKBZIFUWZszbsHIr3B-PkOBg:1tx6na:EAbz93lRQioQTRvDKpJ2zLS0-vV9HudWpt9mrqN91Pk	2025-04-08 16:06:42.354427+00
aenwm84a2agm1n18xsllwkj9p9i98thw	.eJxVjMsOwiAQRf-FtSE8AoMu3fsNBIYZqRpISrtq_Hdt0oVu7znnbiKmdalxHTTHqYiL0OL0u-WET2o7KI_U7l1ib8s8Zbkr8qBD3nqh1_Vw_w5qGvVbW1ABE4LNVgcAIGBGDuwVIBcI-eyVc-S1MR5dKBZIFUWZszbsHIr3B-PkOBg:1txOgD:V2hpYG4Ec6Eff9mgICfwQgrl0QH-SbAE9oQ9i1ZK7mg	2025-04-09 11:12:17.361125+00
58k4pzeopor63lahltvpzt027vgmrefs	.eJxVjMsOwiAQRf-FtSE8AoMu3fsNBIYZqRpISrtq_Hdt0oVu7znnbiKmdalxHTTHqYiL0OL0u-WET2o7KI_U7l1ib8s8Zbkr8qBD3nqh1_Vw_w5qGvVbW1ABE4LNVgcAIGBGDuwVIBcI-eyVc-S1MR5dKBZIFUWZszbsHIr3B-PkOBg:1tu7Ie:q6ClTBkfPTSDGZ5tgr7tSJk_9RweJT6hsNC0D6bpmxc	2025-03-31 10:02:24.96346+00
1laokjzjt9qqzjbgtihwb62n2ei42a6r	.eJxVjMsOwiAQRf-FtSE8AoMu3fsNBIYZqRpISrtq_Hdt0oVu7znnbiKmdalxHTTHqYiL0OL0u-WET2o7KI_U7l1ib8s8Zbkr8qBD3nqh1_Vw_w5qGvVbW1ABE4LNVgcAIGBGDuwVIBcI-eyVc-S1MR5dKBZIFUWZszbsHIr3B-PkOBg:1ty45k:OSxBuVoereHNTeTOAGPeEzq-qTBaIC9BZEB4XHHvj70	2025-04-11 07:25:24.456445+00
y3vex4y76wkw8v2v0np83wdknpr98c8f	.eJxVjMsOwiAQRf-FtSE8AoMu3fsNBIYZqRpISrtq_Hdt0oVu7znnbiKmdalxHTTHqYiL0OL0u-WET2o7KI_U7l1ib8s8Zbkr8qBD3nqh1_Vw_w5qGvVbW1ABE4LNVgcAIGBGDuwVIBcI-eyVc-S1MR5dKBZIFUWZszbsHIr3B-PkOBg:1tx2Z1:rvqAaXA22dKsZYheDllMVJQOkHuklwQAtfDcOTLBU6E	2025-04-08 11:35:23.263071+00
pn1wbv8fpvoathhwh7tsami5ccot9lb2	.eJxVjDEOwjAMRe-SGUXg4KZmZOcMkRM7pIBSqWknxN1RpA6w_vfef5vA21rC1nQJk5iLAXP43SKnp9YO5MH1Pts013WZou2K3Wmzt1n0dd3dv4PCrfSaUHzCnDwoZTnGqBn4rDA4RCQn6CkmUFaHcWTK5ECcO_kB08hA5vMFB0w4TQ:1tyWJc:d-DgOIC580G09YNzi1_TgRrRhis6zJ_f9NBrl8I4SVY	2025-04-12 13:33:36.157695+00
s7lbudelf4fyqukb217pf643k14o8qw3	.eJxVjDEOwjAMRe-SGUXg4KZmZOcMkRM7pIBSqWknxN1RpA6w_vfef5vA21rC1nQJk5iLAXP43SKnp9YO5MH1Pts013WZou2K3Wmzt1n0dd3dv4PCrfSaUHzCnDwoZTnGqBn4rDA4RCQn6CkmUFaHcWTK5ECcO_kB08hA5vMFB0w4TQ:1tylnY:Sf1q6bfWBBYxtDTyIN7jeHDL-9Ar4OfxlFhou7BIZRQ	2025-04-13 06:05:32.508311+00
mh4fjmdquml5tm392iit3qntxhvo27e8	.eJxVjDEOwjAMRe-SGUXg4KZmZOcMkRM7pIBSqWknxN1RpA6w_vfef5vA21rC1nQJk5iLAXP43SKnp9YO5MH1Pts013WZou2K3Wmzt1n0dd3dv4PCrfSaUHzCnDwoZTnGqBn4rDA4RCQn6CkmUFaHcWTK5ECcO_kB08hA5vMFB0w4TQ:1tylnY:Sf1q6bfWBBYxtDTyIN7jeHDL-9Ar4OfxlFhou7BIZRQ	2025-04-13 06:05:32.633043+00
1xgdu2oxxcv39lgxxaur86zm2h6ljwpc	.eJxVjEEOwiAQRe_C2hAHCg4u3XsGMjAoVQNJaVemdy9NutDtf-_9r_C0zNkvLU1-ZHEVSpx-t0DxncoO-EXlWWWsZZ7GIHdFHrTJe-X0uR3u30GmlnsNdkgawRA4JMRHANYcQBlSCM5FsISXjhQ4o85BW20YAW3kREM3xboBvNI3Fg:1tyqbK:o6HFcMVSXuZhuYep1oY477rGxNSDPK0VRxRgXJyx9Es	2025-04-13 11:13:14.901128+00
r7bhft18s2h5eqhilz8of3sqxe9iebfe	.eJxVjMsOwiAURP-FtSG8Hy7d9xsIFy5SNZCUdmX8d9ukC13OnDPzJiFuaw3bwCXMmVyJIJffDmJ6YjtAfsR27zT1ti4z0EOhJx106hlft9P9O6hx1H0NNiNTQkvBNHMevfRotOCqRMBiCpMJ9iSdlVwka3TyWjGLoLhHlwv5fAHBjDcb:1tzVbV:gZtmpaz_bm6tDMF3a-XsOsOTee5h4L6v3TEIHw-uNKQ	2025-04-15 07:00:09.227699+00
edmm35rg7eic5sv5er88nn5879tqkmfd	.eJxVjMsOwiAURP-FtSG8Hy7d9xsIFy5SNZCUdmX8d9ukC13OnDPzJiFuaw3bwCXMmVyJIJffDmJ6YjtAfsR27zT1ti4z0EOhJx106hlft9P9O6hx1H0NNiNTQkvBNHMevfRotOCqRMBiCpMJ9iSdlVwka3TyWjGLoLhHlwv5fAHBjDcb:1tzX0g:UEBzswf__7jBFeQr2ZSs_JNahCx6pGOP63LW5aTcPbI	2025-04-15 08:30:14.250637+00
7prjuh1fa49ucxhstzown3zdaes5qxj2	.eJxVjMsOwiAURP-FtSG8Hy7d9xsIFy5SNZCUdmX8d9ukC13OnDPzJiFuaw3bwCXMmVyJIJffDmJ6YjtAfsR27zT1ti4z0EOhJx106hlft9P9O6hx1H0NNiNTQkvBNHMevfRotOCqRMBiCpMJ9iSdlVwka3TyWjGLoLhHlwv5fAHBjDcb:1tzrb5:XsVBS1qKeW-cM6cGCuj19te_QWrzQ75s2snEiyaycqM	2025-04-16 06:29:11.482133+00
iynez62u0dl7qfhzd27stlp309opel7f	.eJxVjMsOwiAURP-FtSG8Hy7d9xsIFy5SNZCUdmX8d9ukC13OnDPzJiFuaw3bwCXMmVyJIJffDmJ6YjtAfsR27zT1ti4z0EOhJx106hlft9P9O6hx1H0NNiNTQkvBNHMevfRotOCqRMBiCpMJ9iSdlVwka3TyWjGLoLhHlwv5fAHBjDcb:1tzw09:ULzVhoUrpCNf9jJl0JWtsGiQ_rF_9sBCNHxisFfuBd0	2025-04-16 11:11:21.116237+00
w7spxrd14knh0qh5dacm8b49aphjnrgp	.eJxVjMsOwiAURP-FtSG8Hy7d9xsIFy5SNZCUdmX8d9ukC13OnDPzJiFuaw3bwCXMmVyJIJffDmJ6YjtAfsR27zT1ti4z0EOhJx106hlft9P9O6hx1H0NNiNTQkvBNHMevfRotOCqRMBiCpMJ9iSdlVwka3TyWjGLoLhHlwv5fAHBjDcb:1tzwA9:hoHc5Wh6pdEbWe-xlf9NODvz6ivS5mgSg5_Za5Rllco	2025-04-16 11:21:41.65882+00
v43j0fv8sz9jee6dvt9sqpwgjy9rzfc4	.eJxVjMsOwiAURP-FtSG8Hy7d9xsIFy5SNZCUdmX8d9ukC13OnDPzJiFuaw3bwCXMmVyJIJffDmJ6YjtAfsR27zT1ti4z0EOhJx106hlft9P9O6hx1H0NNiNTQkvBNHMevfRotOCqRMBiCpMJ9iSdlVwka3TyWjGLoLhHlwv5fAHBjDcb:1u0TOC:KL9LpI1ExoSilAK-isevGlhKTRAki3wZ3I1Q7csbZaI	2025-04-17 22:50:24.263093+00
hn96x0ham9sl7uaazligs46ywbwu3xu3	.eJxVjMsOwiAURP-FtSG8Hy7d9xsIFy5SNZCUdmX8d9ukC13OnDPzJiFuaw3bwCXMmVyJIJffDmJ6YjtAfsR27zT1ti4z0EOhJx106hlft9P9O6hx1H0NNiNTQkvBNHMevfRotOCqRMBiCpMJ9iSdlVwka3TyWjGLoLhHlwv5fAHBjDcb:1u1o26:OqkHeE5k4IMQtdCQZsZ6_S_BhaFtwNhr7Nwm0WAXBic	2025-04-21 15:05:06.552882+00
wsak6z8va3ycl7qoojjt576spjl4feuu	.eJxVjDsOwjAQBe_iGln-xR9Kes5g7XptHEC2FCcV4u4QKQW0b2bei0XY1hq3kZc4EzszxU6_G0J65LYDukO7dZ56W5cZ-a7wgw5-7ZSfl8P9O6gw6rf2xiCSS8KhLFaXYEWSCGi8wACB1AQq6yIBg88StNNBIDo7JW_JZ2DvD_MyOF8:1u2XRp:exYmrOp5N34dhTmY44NUOdTolbc1o-5gjXGODgwVqcc	2025-04-23 15:34:41.207245+00
u7khadqyav58jvxtr5fj9qchbficetok	.eJxVjDsOwjAQBe_iGln-xR9Kes5g7XptHEC2FCcV4u4QKQW0b2bei0XY1hq3kZc4EzszxU6_G0J65LYDukO7dZ56W5cZ-a7wgw5-7ZSfl8P9O6gw6rf2xiCSS8KhLFaXYEWSCGi8wACB1AQq6yIBg88StNNBIDo7JW_JZ2DvD_MyOF8:1u2YT8:zMLVSEm5dtWapznkJQS9RM5SJIo-02rX9MyEwQxsDIU	2025-04-23 16:40:06.911233+00
qxj084klbc7dvmicdozn2j9p1n2m221p	.eJxVjDsOwjAQBe_iGln-xR9Kes5g7XptHEC2FCcV4u4QKQW0b2bei0XY1hq3kZc4EzszxU6_G0J65LYDukO7dZ56W5cZ-a7wgw5-7ZSfl8P9O6gw6rf2xiCSS8KhLFaXYEWSCGi8wACB1AQq6yIBg88StNNBIDo7JW_JZ2DvD_MyOF8:1u2YxB:H68v5O7twO-4skVewvcZRWqA5dtMMXvAUXwj-RQHSAM	2025-04-23 17:11:09.871911+00
ebe8neqk5bq09qefqomy9ux6yrxwc9pj	.eJxVjDsOwjAQBe_iGln-xR9Kes5g7XptHEC2FCcV4u4QKQW0b2bei0XY1hq3kZc4EzszxU6_G0J65LYDukO7dZ56W5cZ-a7wgw5-7ZSfl8P9O6gw6rf2xiCSS8KhLFaXYEWSCGi8wACB1AQq6yIBg88StNNBIDo7JW_JZ2DvD_MyOF8:1u2Z1Z:YPjC-JnAiYLZfRKvmcyLo4rPM7Mzi6konaE11gvbApI	2025-04-23 17:15:41.624605+00
270orp0b6x9z240yptvyey0f5856rs2b	.eJxVjjsOwjAQRO_iGqLdlfOjRLQIiQtY9npDAiFGjlMh7o4jpYB23szTvJWxS-rNMks0g1cHRWr3mznLD5lW4O92uoWCw5Ti4Iq1Umx0Ls7By3jcun-C3s59XgvVjlA0A3rrQHdUN63TlSUrukIN0goy1g2UAJ1jz0ysfUO-hcqiy9IQffZdrqc9AZWgEfYAgIbD8zVKknwyxUU-X8-6RJs:1u2ab2:39I1B189yuKJMddPsXrZpPHmFl8CCXZoDfI8MFmPHJk	2025-04-23 18:56:24.419691+00
4zmu3f4wex09w52uuur8m90vepj150dp	eyJvdHAiOiI0Njc5ODUiLCJvdHBfdmFsaWRfdW50aWwiOiIyMDI1LTA0LTEwVDA4OjMyOjI4LjQ2OTEyNyswMDowMCIsInBob25lX251bWJlciI6Ijc3MzY1MDA3NjAifQ:1u2nFy:00eJbBstBnwb7X9XPubyfZ2iOJ9wXnE4uRBYHNj5LkU	2025-04-10 08:32:30.281313+00
35790ssadcp87i0wquhn1lcw5qj09gze	eyJvdHAiOiI5MzQxODQiLCJvdHBfdmFsaWRfdW50aWwiOiIyMDI1LTA0LTEwVDA4OjQyOjUyLjQ4NDE1NiswMDowMCIsInBob25lX251bWJlciI6IjcwMTIxNTkzNjkifQ:1u2nQ1:2BS0ghKTS7q_kF1G11SkJrpfOCKZvGM7bOexUuzMJdM	2025-04-10 08:42:53.06129+00
dem14xa2l1dghmptq5imdnlpoyqmtc5f	eyJvdHAiOiI5MDY0MzYiLCJvdHBfdmFsaWRfdW50aWwiOiIyMDI1LTA0LTEwVDA4OjUxOjIzLjQyMjk2NCswMDowMCIsInBob25lX251bWJlciI6IjA3NzM2NTAwNzYwIn0:1u2nYG:U2nWFcT-4E3FaE9W_wrZbI0p5LOebv-jnZMv07-UtHM	2025-04-10 08:51:24.053827+00
3kvmgdswovkvd5ojdly666l5flpfxvpr	.eJwVjE0KgCAUBu_ytv3wvWdqeY72UiQkmEVUm-ju1XIYZm5aj40cWTZKmMof_TWkOPkzHzF9SiC6QlMxenQOjVNStywwXAAO-KJtXnPw-VzGsP8zq4wGrAE9LxakGd0:1u2nkz:qkj8OYmS7bhtCqMDxIFSpnSmWSxA91McW9LyYOHpyuw	2025-04-10 09:04:33.63574+00
1m8ajpbh5n045ugg1uzv0ica1n7wdsx7	.eJxVjMsOgjAQRf-la9NMJ7WAS_d-QzMvLGogobAi_ruSsNDtPefczWVal5LXanMe1F0cutPvxiRPG3egDxrvk5dpXOaB_a74g1Z_m9Re18P9OyhUy7c2bBiDRYGgxBB7bNqOYyIkiylEsM6ChKaFM0DPoiIoUVvUDhIFdu8P5Nw4DA:1u2o6T:Gi5VJAXl62I-dWHOYnwQSIPnFcaOT91AmUoYES-QeOM	2025-04-10 09:26:45.291404+00
xqwh6g1xwuqzxl9m12f33uveg19wbfnf	eyJvdHAiOiI0NDYyOTUiLCJvdHBfdmFsaWRfdW50aWwiOiIyMDI1LTA0LTEwVDEwOjU0OjI1LjM1MTU3MiswMDowMCIsInBob25lX251bWJlciI6Ijc3MzY1MDA3NjAifQ:1u2pTN:7wv_iQoxXrFxJsOP5945xNcJJsB2fpfI7nTyRHSuePk	2025-04-10 10:54:29.466238+00
wirlvwp0wh4txj9ukli3r4eru7bede1t	.eJxVjMsOgjAQRf-la9NMJ7WAS_d-QzMvLGogobAi_ruSsNDtPefczWVal5LXanMe1F0cutPvxiRPG3egDxrvk5dpXOaB_a74g1Z_m9Re18P9OyhUy7c2bBiDRYGgxBB7bNqOYyIkiylEsM6ChKaFM0DPoiIoUVvUDhIFdu8P5Nw4DA:1u2tJT:-jWtLSciiAb6ccRV1zrWaVlynSs3SYdLdh4jZ2TRz3A	2025-04-10 15:00:31.971766+00
swhw9mbcr0i79z1m0foaekbx913wpl9n	.eJxVjMsOgjAQRf-la9NMJ7WAS_d-QzMvLGogobAi_ruSsNDtPefczWVal5LXanMe1F0cutPvxiRPG3egDxrvk5dpXOaB_a74g1Z_m9Re18P9OyhUy7c2bBiDRYGgxBB7bNqOYyIkiylEsM6ChKaFM0DPoiIoUVvUDhIFdu8P5Nw4DA:1u2tPG:wKCQqMgnj8jQuZYGonU3PYiyxQfAd-B_Wv8-5eQzvL0	2025-04-10 15:06:30.644615+00
dh2ffnco73g15l0pk23sbhd3zevvckkt	.eJxVjMsOgjAQRf-la9NMJ7WAS_d-QzMvLGogobAi_ruSsNDtPefczWVal5LXanMe1F0cutPvxiRPG3egDxrvk5dpXOaB_a74g1Z_m9Re18P9OyhUy7c2bBiDRYGgxBB7bNqOYyIkiylEsM6ChKaFM0DPoiIoUVvUDhIFdu8P5Nw4DA:1u2thu:B28SGCKYsA7S7pv-DDvtoLXB01DskH3lngFit_FTJhA	2025-04-10 15:25:46.148902+00
zgpoyrbl2rvdye0jjocut6gwf7zno4vh	.eJxVjMsOgjAQRf-la9NMJ7WAS_d-QzMvLGogobAi_ruSsNDtPefczWVal5LXanMe1F0cutPvxiRPG3egDxrvk5dpXOaB_a74g1Z_m9Re18P9OyhUy7c2bBiDRYGgxBB7bNqOYyIkiylEsM6ChKaFM0DPoiIoUVvUDhIFdu8P5Nw4DA:1u2toI:tWAE9lgSBfADbrKdodwcrMkpv3HFteoFe1fx_vSDJRQ	2025-04-10 15:32:22.439428+00
m5krxy8ewdyig7dws8uec5ugrnpugwt9	.eJxVjMsOgjAQRf-la9NMJ7WAS_d-QzMvLGogobAi_ruSsNDtPefczWVal5LXanMe1F0cutPvxiRPG3egDxrvk5dpXOaB_a74g1Z_m9Re18P9OyhUy7c2bBiDRYGgxBB7bNqOYyIkiylEsM6ChKaFM0DPoiIoUVvUDhIFdu8P5Nw4DA:1u2ttK:VvlgziKKLRPPWfgUNJeOdoXNU5lWnC2rpazB0hUo95M	2025-04-10 15:37:34.066687+00
pgriq19l3im38yre5qs8xvfesi4lnwze	.eJxVjMsOgjAQRf-la9NMJ7WAS_d-QzMvLGogobAi_ruSsNDtPefczWVal5LXanMe1F0cutPvxiRPG3egDxrvk5dpXOaB_a74g1Z_m9Re18P9OyhUy7c2bBiDRYGgxBB7bNqOYyIkiylEsM6ChKaFM0DPoiIoUVvUDhIFdu8P5Nw4DA:1u2tz4:h0F73CaVS_d_G7qgivZK8OBiRjexbP72tpK8PfYSVMU	2025-04-10 15:43:30.753946+00
scakz3qos0qwme0obwcervw6z07jh9bh	.eJxVjMsOgjAQRf-la9NMJ7WAS_d-QzMvLGogobAi_ruSsNDtPefczWVal5LXanMe1F0cutPvxiRPG3egDxrvk5dpXOaB_a74g1Z_m9Re18P9OyhUy7c2bBiDRYGgxBB7bNqOYyIkiylEsM6ChKaFM0DPoiIoUVvUDhIFdu8P5Nw4DA:1u2u41:uQu0sIGLdoNExyB8-iGgVbebdnuPcvHPsyOhoFuBsho	2025-04-10 15:48:37.601584+00
kjskg1t2io8i0s0ncx2gkpakjq40jk8n	.eJxVjMsOgjAQRf-la9NMJ7WAS_d-QzMvLGogobAi_ruSsNDtPefczWVal5LXanMe1F0cutPvxiRPG3egDxrvk5dpXOaB_a74g1Z_m9Re18P9OyhUy7c2bBiDRYGgxBB7bNqOYyIkiylEsM6ChKaFM0DPoiIoUVvUDhIFdu8P5Nw4DA:1u2uDN:86sSJdqmY_aJtnANSmbfWdby-e7wXoXOBqPL9hA1-Tc	2025-04-10 15:58:17.747519+00
zi21danca94pro7pntlonqzpdd9rpuvk	.eJxVjMsOgjAQRf-la9NMJ7WAS_d-QzMvLGogobAi_ruSsNDtPefczWVal5LXanMe1F0cutPvxiRPG3egDxrvk5dpXOaB_a74g1Z_m9Re18P9OyhUy7c2bBiDRYGgxBB7bNqOYyIkiylEsM6ChKaFM0DPoiIoUVvUDhIFdu8P5Nw4DA:1u2uJW:O2ouAnmcWzHBIW-Sj3hpYFihJ01pfc3IxT5HwIXCWOU	2025-04-10 16:04:38.291972+00
zyzc06jedv6o88ktryutona3u6c5z9q6	.eJxVjMsOgjAQRf-la9NMJ7WAS_d-QzMvLGogobAi_ruSsNDtPefczWVal5LXanMe1F0cutPvxiRPG3egDxrvk5dpXOaB_a74g1Z_m9Re18P9OyhUy7c2bBiDRYGgxBB7bNqOYyIkiylEsM6ChKaFM0DPoiIoUVvUDhIFdu8P5Nw4DA:1u2ujA:K2u0zXIlSEin4XEJZ9k5ZHE_vpute-KBz-FxLj-zO-4	2025-04-10 16:31:08.08928+00
uhcr298phf6ztuno61vz8e24jqwxk8et	.eJx1jssKwjAQRf-laxtmkrS1LsWtCP5ASCYTW62N9LES_90UulDB5Z175nCfmbHz1Jh55MG0PttlKtt83pylG_dL4a-2v0RBsZ-G1okFEWs7imP03O1X9kvQ2LFJ364qakQqfanrimRJRKCZLZZbloUHdKi0DBZCraqUtMKaFQYZIIDTOknj4JPvdD7kEmQBGjEHADQU74-OJ04jp2Hmf6D8BV9vdZRQeg:1u2y40:26vwfbjS_LdqDSKrefTS9gZKkpCi9zls5i5RJjRD4K4	2025-04-24 19:59:52.309329+00
dp93k26aw8d0n72yqbtxkc60ux0ycwsk	.eJxVjMsOgjAQRf-la9NMJ7WAS_d-QzMvLGogobAi_ruSsNDtPefczWVal5LXanMe1F0cutPvxiRPG3egDxrvk5dpXOaB_a74g1Z_m9Re18P9OyhUy7c2bBiDRYGgxBB7bNqOYyIkiylEsM6ChKaFM0DPoiIoUVvUDhIFdu8P5Nw4DA:1u2yOr:4FJDiAtkkBz_uXVkuBnBtida8u1Pzc7noZxSvOhfwD4	2025-04-24 20:21:25.750771+00
8snysgux2r4kh4qiul1hag92fpsafyg3	.eJxVjMsOgjAQRf-la9NMJ7WAS_d-QzMvLGogobAi_ruSsNDtPefczWVal5LXanMe1F0cutPvxiRPG3egDxrvk5dpXOaB_a74g1Z_m9Re18P9OyhUy7c2bBiDRYGgxBB7bNqOYyIkiylEsM6ChKaFM0DPoiIoUVvUDhIFdu8P5Nw4DA:1u3sbu:LwsjiES0MhcwjXep7a7V3IQaQnMMayD5t7nXvd3WCoc	2025-04-27 08:22:38.862557+00
a9zcjj0qicg55ag1d4j3sve3yh403dba	.eJxVjMsOgjAQRf-la9NMJ7WAS_d-QzMvLGogobAi_ruSsNDtPefczWVal5LXanMe1F0cutPvxiRPG3egDxrvk5dpXOaB_a74g1Z_m9Re18P9OyhUy7c2bBiDRYGgxBB7bNqOYyIkiylEsM6ChKaFM0DPoiIoUVvUDhIFdu8P5Nw4DA:1u4diM:5xOLEzoOIaXcditIJkgSmFDqU9LtHStP8aK3RSWWDA8	2025-04-29 10:40:26.790921+00
5i0a0eug2ez2sjlb8srg4w9cf1wx8gtk	.eJxVjMsOgjAQRf-la9NMJ7WAS_d-QzMvLGogobAi_ruSsNDtPefczWVal5LXanMe1F0cutPvxiRPG3egDxrvk5dpXOaB_a74g1Z_m9Re18P9OyhUy7c2bBiDRYGgxBB7bNqOYyIkiylEsM6ChKaFM0DPoiIoUVvUDhIFdu8P5Nw4DA:1u4hRI:Tzgo6Pa_uHbDLN_sKjsUtNy8PeUtbT1R6URuW6zSarc	2025-04-29 14:39:04.994842+00
mncmvbbzobm3u234k2t81jgs2x2maley	.eJxVjMsOgjAQRf-la9NMJ7WAS_d-QzMvLGogobAi_ruSsNDtPefczWVal5LXanMe1F0cutPvxiRPG3egDxrvk5dpXOaB_a74g1Z_m9Re18P9OyhUy7c2bBiDRYGgxBB7bNqOYyIkiylEsM6ChKaFM0DPoiIoUVvUDhIFdu8P5Nw4DA:1u4mNb:JGYJMs5k6RbN7Nge0NFdNQXqgl8Y9XTO02tDcXAlL8w	2025-04-29 19:55:35.410646+00
yjyowd9kuoj1xpy5jf4psejrtish4dni	.eJxVjsEOwiAQRP-Fs5JlQ2nr0Xg1Jv4AgWVrq7UYSk_Gf5cmPeh13szLvIV1S-7tMnOyQxAHgWL3m3lHD55WEO5uukVJccpp8HKtyI3O8hwDj8et-yfo3dyXNWPtUbEmUMF50B3WTeu1cehYG6WBW1ak6gYqgM5TIELSocHQgnHKF2lMofgu19MeASvQyuwBQFmKz9fImcvJnBb-fAHQRESh:1u4mT6:naVL3xQXMb-NPsR1BgaxZHyi-JjuM5AAqONf_qzUFSA	2025-04-29 20:01:16.066274+00
3f5nbbc5vf7k5ge145c7gp9dxutgrhuj	.eJxVjsEOwiAQRP-Fs5JlQ2nr0Xg1Jv4AgWVrq7UYSk_Gf5cmPeh13szLvIV1S-7tMnOyQxAHgWL3m3lHD55WEO5uukVJccpp8HKtyI3O8hwDj8et-yfo3dyXNWPtUbEmUMF50B3WTeu1cehYG6WBW1ak6gYqgM5TIELSocHQgnHKF2lMofgu19MeASvQyuwBAC3F52vkzOVkTgt_vtBWRKI:1u4paG:GA-SgtAYKortbkjblDSOhjtj8QImJj1aHBsrLYsdj9c	2025-04-29 23:20:52.245861+00
hs2cks7ks6qtiudscktxxpzba4x57ozo	.eJxVjMsOgjAQRf-la9NMJ7WAS_d-QzMvLGogobAi_ruSsNDtPefczWVal5LXanMe1F0cutPvxiRPG3egDxrvk5dpXOaB_a74g1Z_m9Re18P9OyhUy7c2bBiDRYGgxBB7bNqOYyIkiylEsM6ChKaFM0DPoiIoUVvUDhIFdu8P5Nw4DA:1u4yVE:I6qMEHSzMI5X8ccP2tPbsiwwIBx7r1r-epV_9EOFN6Y	2025-04-30 08:52:16.285864+00
5t4ueylhbovid8s9e99ztaf7c46105h2	.eJxVjMsOgjAQRf-la9NMJ7WAS_d-QzMvLGogobAi_ruSsNDtPefczWVal5LXanMe1F0cutPvxiRPG3egDxrvk5dpXOaB_a74g1Z_m9Re18P9OyhUy7c2bBiDRYGgxBB7bNqOYyIkiylEsM6ChKaFM0DPoiIoUVvUDhIFdu8P5Nw4DA:1u4ych:qhHW-QzjcPmpkcBGRz8JyGcJEnNIeL7RqDpiSkQ7rvc	2025-04-30 08:59:59.750366+00
ve6aip7dbu94fs0e3r3eoto2x05ul0df	.eJxVjMsOgjAQRf-la9NMJ7WAS_d-QzMvLGogobAi_ruSsNDtPefczWVal5LXanMe1F0cutPvxiRPG3egDxrvk5dpXOaB_a74g1Z_m9Re18P9OyhUy7c2bBiDRYGgxBB7bNqOYyIkiylEsM6ChKaFM0DPoiIoUVvUDhIFdu8P5Nw4DA:1u62wO:yZ28VBJhzDqogaaPIq4k_wZ0kZLiI6kVnKLb-pTs7Gg	2025-05-03 07:48:44.157166+00
0afmr6zmnvoxwd8fd80di9tp5efmqjig	.eJxVjMsOgjAQRf-la9NMJ7WAS_d-QzMvLGogobAi_ruSsNDtPefczWVal5LXanMe1F0cutPvxiRPG3egDxrvk5dpXOaB_a74g1Z_m9Re18P9OyhUy7c2bBiDRYGgxBB7bNqOYyIkiylEsM6ChKaFM0DPoiIoUVvUDhIFdu8P5Nw4DA:1u8wLP:-QAqCqmEW1THiM5suUfiRDYZfjzNQr4tE0mVR_fa6N0	2025-05-11 07:22:31.016987+00
vxbq6va7wm2xdf3zcanxwnzv0g3euru7	.eJxVjMsOgjAQRf-la9NMJ7WAS_d-QzMvLGogobAi_ruSsNDtPefczWVal5LXanMe1F0cutPvxiRPG3egDxrvk5dpXOaB_a74g1Z_m9Re18P9OyhUy7c2bBiDRYGgxBB7bNqOYyIkiylEsM6ChKaFM0DPoiIoUVvUDhIFdu8P5Nw4DA:1uCA13:6MRAjbW7AuDdIinytuUzlbTZbY5o-vP3e4B4V64RAcI	2025-05-20 04:34:49.450589+00
9ebywv2cmfjowbbtjyo4jisbmremck5a	.eJyNjs0KwjAQhN8lZy27a_rnUbyK4AuEZLO11dpI2p7Ed7eFHlQQvM588zEPZew41GbsJZrGq60itXrPnOWrdHPhL7Y7h4RDN8TGJTOSLG2fHIKXdrewH4La9vW0FsodoWgG9NaBrigvSqczS1Z0hhqkFGTMC0gBKseemVj7gnwJmUU3SUP0k-942q8JKIUUcQ0AaDjc7q0MMp0c4ii_QPoX3HyDzxewal3C:1uE3Pb:EviT7d7OM9GjDs38tdVbcpZN7ix96IB9cW4ZzfeEatY	2025-05-25 09:55:59.828085+00
l10v406x2pfbv4ovft0pdnn5ciy90i8i	.eJxVjMsOgjAQRf-la9NMJ7WAS_d-QzMvLGogobAi_ruSsNDtPefczWVal5LXanMe1F0cutPvxiRPG3egDxrvk5dpXOaB_a74g1Z_m9Re18P9OyhUy7c2bBiDRYGgxBB7bNqOYyIkiylEsM6ChKaFM0DPoiIoUVvUDhIFdu8P5Nw4DA:1uEC7D:q7Z__CUpvdnuK7uLpW0Lc3Bl1-AzRuSUDXXULYCiuNA	2025-05-25 19:13:35.123021+00
xp8poaow1ztme00aphc4e08b9ar4runb	.eJxVjMsOgjAQRf-la9NMJ7WAS_d-QzMvLGogobAi_ruSsNDtPefczWVal5LXanMe1F0cutPvxiRPG3egDxrvk5dpXOaB_a74g1Z_m9Re18P9OyhUy7c2bBiDRYGgxBB7bNqOYyIkiylEsM6ChKaFM0DPoiIoUVvUDhIFdu8P5Nw4DA:1uGxF6:7m4rkpyHZMxrS060gKsGt0C4evWot0NZBZyB5FVyBqk	2025-06-02 09:57:08.527557+00
dcyewaogg7ju86nl4lfohob3hblibeg4	.eJxVjMsOgjAQRf-la9NMJ7WAS_d-QzMvLGogobAi_ruSsNDtPefczWVal5LXanMe1F0cutPvxiRPG3egDxrvk5dpXOaB_a74g1Z_m9Re18P9OyhUy7c2bBiDRYGgxBB7bNqOYyIkiylEsM6ChKaFM0DPoiIoUVvUDhIFdu8P5Nw4DA:1uGxLt:SvnMIQt6IzgTnuUGJg8RGKMeBCXFFTKtoE-sS1ljFcE	2025-06-02 10:04:09.513821+00
2okr7vax2z5x45neunnhxgbkaj54bxle	.eJxVjMsOgjAQRf-la9NMJ7WAS_d-QzMvLGogobAi_ruSsNDtPefczWVal5LXanMe1F0cutPvxiRPG3egDxrvk5dpXOaB_a74g1Z_m9Re18P9OyhUy7c2bBiDRYGgxBB7bNqOYyIkiylEsM6ChKaFM0DPoiIoUVvUDhIFdu8P5Nw4DA:1uIrDw:ovtfz66R6RKTsKofFRKeeeO8qQnuxO8yN818c_UvIdY	2025-06-07 15:55:48.101596+00
isyhaz65pmkzdagxk59gk1tayp29udto	.eJyNzsEOgjAMgOF34SxLV8cAj8arMfEFlq0rgiIzME7GdxcSDmpi9Np-_dN7YuwYazMO3JvGJ5sEk9XrzFm6cDcv_Nl2pyAodLFvnJiJWLaD2AfP7Xaxb4HaDvV0zZg7lKwIpLcOVIV5UTqlLVpWWirgkiXJvIAMoHLkiZCUL9CXoK10UzT0fuodjrsUATPI1jIFAGkoXG8tR56ejP3I36D-CTX8WVwgfsLHE6kgalo:1uLV96:vgH_X68siQELrDsQIALFq5jlCGisJvnvCJA7oj1FTfw	2025-06-14 22:57:44.963046+00
w3mea72lbivvm0bb4ca9zi84xyco0qpr	eyJfc2Vzc2lvbl9leHBpcnkiOjYwMCwic3NvX3N0YXRlIjoibEs0d1VuRlVXeTB1dTI1bjA1dHM2cHRxWHNQZmVJIiwic3NvX25leHRfdXJsIjoiL2FkbWluLyJ9:1uQ9S7:DCvbv72VXdD17ZXXf9DEHyjF0nx7W60O9YuxA_GSTPY	2025-06-13 18:58:35.641877+00
mvknxipv1z8vufcljuzpicwg1tmxheye	eyJfc2Vzc2lvbl9leHBpcnkiOjYwMCwic3NvX3N0YXRlIjoid1V5OFdwMTREYkJVbVVIcEpaNDd4SmtyRWFZNGtEIiwic3NvX25leHRfdXJsIjoiL2FkbWluLyJ9:1uQ9NZ:8rrTUWTRCk9-uHW2eqt2BuI96FetTFlq8Ly69LR3vX4	2025-06-13 18:53:53.064576+00
ohj003sqqn5ai0ii2re73bfymua3ih1s	.eJytzctOhDAUgOF3OWtCoPT0FHbGmPE2LsDBOGZCalu1AemEizoQ3l0SH2Fc_3_yzdB77VSjtPZjO1T9oAbbQzYD_uBe1JvyVMrd9Og_IHuZ4dh5bfu1Q-PfXQsBGDUoyNqxaQI41tpW2htbfdnOvTnb_ZUliImnknORUIhcYkKH9S4Kw-5cvb2c2HhryvMB4hyjUKBIE5KroF4f7k_-omDbb775LHZnC2mEMeMhMhHJWKzCjXm-nvK8e8rr6UrL_X8IlFIYSYpR0mFZfgHY4Ies:1uQQR3:vg1JQGKdJNToHKMIQsX7i22FZRPElJTu8pVy-I7E39w	2025-06-28 12:56:37.087566+00
f8xh32v7e0bpymrcsczbpksl7w6ieyxd	.eJytzcEKgyAcgPF3-Z8llimpx9Val2C7DMaIELMhkwy1MQjffcFeYecfH98GwSkjrVTKrXMcQpRRBxAb0FvrT23VrE15mZYzB_HYYPFO6bA7WPc0MyAYZZQg5tVaBMtL6UG5UQ9v7c1ktP9JQnlJOCM5w0XGMc4p7_eS-KJzVX39jMf2Hrt_DDjjGT0QVtI-pS_yBEga:1uQQYR:GytTvD1Phci4GoDoGrj4y58ZnRsYusLKAUB8iHZSpMw	2025-06-28 13:04:15.725651+00
96ah6ntluo3kckwk9pf97qqitfxv70it	.eJxVjEsOwjAMBe-SNYocK_S3ZM8ZIsc2NIAS1LQSCHF3qNQFbN_Mm5cJtMxjWKpOIYkZDJrd7xaJr5pXIBfK52K55HlK0a6K3Wi1xyJ6O2zuX2CkOn7fim1Ep57BCUXwJ2y7PvqGkNQ3zoP26ti1HewBTpGFGdlLh9JDQy6u0aq1ppKDPu5pepoB3h-QIj9J:1uQVMO:NO1545biUb6Gig4EGuyxfBy3OrZDzRmDEmLuwKfnlGQ	2025-07-14 18:12:08.529899+00
na5ixotgx06im7mssv9az02u2c1dgemr	.eJxVjEsOwjAMBe-SNYocK_S3ZM8ZIsc2NIAS1LQSCHF3qNQFbN_Mm5cJtMxjWKpOIYkZDJrd7xaJr5pXIBfK52K55HlK0a6K3Wi1xyJ6O2zuX2CkOn7fim1Ep57BCUXwJ2y7PvqGkNQ3zoP26ti1HewBTpGFGdlLh9JDQy6u0aq1ppKDPu5pepoB3h-QIj9J:1uQVOo:cSAe8IkvuFCvvnh1jtWcDJgS6sZllBrP6dYbYOlH-VU	2025-07-14 18:14:38.618244+00
lc3ssw1a8r8x5i8c0j5rlqsqp2fucyqd	.eJxVjMsKwjAQRf8lawmTIX2kS_d-Q5hMpjYqiTQtKOK_a6EL3d5z7nkpT-sy-bXK7FNUg0J1-N0C8VXyBuKF8rloLnmZU9Cbonda9alEuR139y8wUZ2-b8EuoBHLYCIFsCN2vQu2JSSxrbEgTgybrocGYAwcmZFt7DE6aMmELVql1lSyl8c9zU81YOMQAN4fDotAew:1uQVPK:x1GrMbsoJeuhJT-miWKQT32aq7LjJKl43XJMfaotCqo	2025-07-14 18:15:10.587165+00
qls7m8awefft177cofwns4zsrt1bq6yd	.eJwlycEKAiEQANB_mbNEu22aHiM6dowgQobZqSTTTd06iP9e0Lu-CjmSQ49EcQ7F5oKFM5gKr7uSHz4G_9wfut1pC-ZcYUqROP8efLy5AAJGLAgmzN4LmB7EluLI9s3JXR2n_zTRqUFrqeVmvdBD3y_V6tLaF7jBKdU:1uQh3V:CGVKjYjKp7u8wT-wOaKBods4V9aKUrdsiU1PXJ82Gng	2025-07-15 06:41:25.944012+00
5ltgxmp5jx7wt1i9k4p6r5z0dfr5s03w	.eJxVjMsOgjAQRf-la9NMJ7WAS_d-QzMvLGogobAi_ruSsNDtPefczWVal5LXanMe1F0cutPvxiRPG3egDxrvk5dpXOaB_a74g1Z_m9Re18P9OyhUy7c2bBiDRYGgxBB7bNqOYyIkiylEsM6ChKaFM0DPoiIoUVvUDhIFdu8P5Nw4DA:1uQh3f:OM-C3emoW3QeeDLUOaxSlCYkgK1HYJeo0PDXYp3E77E	2025-07-15 06:41:35.360395+00
3ytmwo3u1pn874vme7ws21mdtuu65pg8	.eJxVjEsOwjAMBe-SNYocK_S3ZM8ZIsc2NIAS1LQSCHF3qNQFbN_Mm5cJtMxjWKpOIYkZDJrd7xaJr5pXIBfK52K55HlK0a6K3Wi1xyJ6O2zuX2CkOn7fim1Ep57BCUXwJ2y7PvqGkNQ3zoP26ti1HewBTpGFGdlLh9JDQy6u0aq1ppKDPu5pepoB3h-QIj9J:1uVpd2:qG1xKOq7ZkzboKDRY1yP7ybaKqbYirYarnyUVGVHVhM	2025-07-29 10:51:20.083047+00
miyozbhdeqwcya86b7ee1xpzwkb6n5vx	eyJvdHAiOiI1MzE5NzAiLCJvdHBfdmFsaWRfdW50aWwiOiIyMDI1LTA3LTA0VDE2OjUyOjIyLjc0Mjg1MSswMDowMCIsInBob25lX251bWJlciI6Ijk5NTIzMjI0MDgifQ:1uXjZK:zQdSMRnB1s8KbJUjeu4sjAhrZErMfnQ54N4Zovv42rU	2025-08-03 16:47:22.788156+00
wtfezh19xtpq9y4nvyd6q9rusnvngy3l	.eJxVjEsOwjAMBe-SNYocK_S3ZM8ZIsc2NIAS1LQSCHF3qNQFbN_Mm5cJtMxjWKpOIYkZDJrd7xaJr5pXIBfK52K55HlK0a6K3Wi1xyJ6O2zuX2CkOn7fim1Ep57BCUXwJ2y7PvqGkNQ3zoP26ti1HewBTpGFGdlLh9JDQy6u0aq1ppKDPu5pepoB3h-QIj9J:1uXkMe:fQD7ZMCWsQt06HakbVD1xSM0kiENclKIljZXvXwkMHs	2025-08-03 17:38:20.125635+00
c9298kxd1up4inbnfypz0d69jqlyyzut	.eJxVjEsOwjAMBe-SNYocK_S3ZM8ZIsc2NIAS1LQSCHF3qNQFbN_Mm5cJtMxjWKpOIYkZDJrd7xaJr5pXIBfK52K55HlK0a6K3Wi1xyJ6O2zuX2CkOn7fim1Ep57BCUXwJ2y7PvqGkNQ3zoP26ti1HewBTpGFGdlLh9JDQy6u0aq1ppKDPu5pepoB3h-QIj9J:1uaSrt:yQ6qohj3rbBujDbCNeg-HeXuLH0tmGzt4H5mgNnKkEg	2025-08-11 05:33:49.53524+00
ee3hys428m4hduswn8rr7h42kdu0t4lu	.eJxVjEsOwjAMBe-SNYocK_S3ZM8ZIsc2NIAS1LQSCHF3qNQFbN_Mm5cJtMxjWKpOIYkZDJrd7xaJr5pXIBfK52K55HlK0a6K3Wi1xyJ6O2zuX2CkOn7fim1Ep57BCUXwJ2y7PvqGkNQ3zoP26ti1HewBTpGFGdlLh9JDQy6u0aq1ppKDPu5pepoB3h-QIj9J:1uaWM5:-BMKOqm88iEitTPVC30zYwbFViiExBcWmKMbPBAX_5Y	2025-08-11 09:17:13.669212+00
r0mtr77ebgkia2tdlinmws1o9sonfi7j	.eJxVjMsOwiAURP-FtSEtlVeX7v0GcuFeLGrAQJtojP9um3Shy5k5c97MwTJPbmlUXUI2MsUOv52HcKO8DXiFfCk8lDzX5PmG8H1t_FyQ7qed_RNM0Kb1LUla3fcqBvJHZbQdBhAdRPSarI1W4hpRCRERQUcJJghj1OCNh150fpM2ai2V7Oj5SPXFxu7zBZxbP38:1uaWNw:7vNnmL8osPuIAXfDwNMIdagOMrylzf5R0w3y6RQIIwI	2025-08-11 09:19:08.306213+00
9xcwvoll4d9x8eya88iqwhgzmlhcy1c3	.eJxVj8tqwzAQRf9l1sZIQn7Iy0KhULLpLi1FjEaTWLUrGcsubU3-vQ7NJtt77pzhbpATBRyRKK1xsXnBhTN0G_y-HF6Pn6YenoN5fJqO0L1tMM2JOO8cxnQOEQrwuCB0cR3HAqaB2FLybL94DqfA8z-5FLKplG6NrnSp6krW8v1SgMV16e2aebbB70oFd5lDGjhegf_AeE4lpbjMwZXXSnmjuTzs_8aHW_dO0GPu92tWjVOSNQnp0Ql9Uk1rnK5RIetaasGGJcmmFZUQJ0eeSJH2rfJG1CjdVZr30SFFy99TmH-gU5VRQojLH8TJaTI:1ubGZB:1HZIg9payX7jUatoBwnWba9c_8ervJgxogK3sSQ2jXc	2025-08-13 10:37:49.944048+00
1rvpjxtm55cy2w8ndfq21d14n7zuuqzu	.eJxVjEsOwjAMBe-SNYocK_S3ZM8ZIsc2NIAS1LQSCHF3qNQFbN_Mm5cJtMxjWKpOIYkZDJrd7xaJr5pXIBfK52K55HlK0a6K3Wi1xyJ6O2zuX2CkOn7fim1Ep57BCUXwJ2y7PvqGkNQ3zoP26ti1HewBTpGFGdlLh9JDQy6u0aq1ppKDPu5pepoB3h-QIj9J:1ubGjG:ZDGBWPnXMYLipbQXzBqgxMuO08PMWUUfzwVaJrCAkoY	2025-08-13 10:48:14.038202+00
5vsgduruzykcptadbsvgquhtb4yuszry	.eJxVjMsOwiAURP-FtSEtlVeX7v0GcuFeLGrAQJtojP9um3Shy5k5c97MwTJPbmlUXUI2MsUOv52HcKO8DXiFfCk8lDzX5PmG8H1t_FyQ7qed_RNM0Kb1LUla3fcqBvJHZbQdBhAdRPSarI1W4hpRCRERQUcJJghj1OCNh150fpM2ai2V7Oj5SPXFxu7zBZxbP38:1ubGjj:Jwvcqml1xm5-rLYlLfNcSQdYSMrEP-GChUAbiR8Px8I	2025-08-13 10:48:43.569409+00
dh03mc971omaqrx08ti0qeguctm8d6is	.eJxVjMsOwiAURP-FtSEtlVeX7v0GcuFeLGrAQJtojP9um3Shy5k5c97MwTJPbmlUXUI2MsUOv52HcKO8DXiFfCk8lDzX5PmG8H1t_FyQ7qed_RNM0Kb1LUla3fcqBvJHZbQdBhAdRPSarI1W4hpRCRERQUcJJghj1OCNh150fpM2ai2V7Oj5SPXFxu7zBZxbP38:1ubGkO:fAirGYeDxpcjW5S1xnUGgiLG4iz2ukl7zTzSx2Fdr_8	2025-08-13 10:49:24.959258+00
9djk4c3vgk6c2cfqyqg11k2yen8joyjk	.eJxVjMsOwiAURP-FtSEtlVeX7v0GcuFeLGrAQJtojP9um3Shy5k5c97MwTJPbmlUXUI2MsUOv52HcKO8DXiFfCk8lDzX5PmG8H1t_FyQ7qed_RNM0Kb1LUla3fcqBvJHZbQdBhAdRPSarI1W4hpRCRERQUcJJghj1OCNh150fpM2ai2V7Oj5SPXFxu7zBZxbP38:1ubGoL:j86CSxAMsaY8b_mgk1c70HQWxsZZxWHdNGNNVSS12bc	2025-08-13 10:53:29.76303+00
2a5c5vx7ill1283zlqwwx5kziapjo8cl	.eJxVjEsOwjAMBe-SNYocK_S3ZM8ZIsc2NIAS1LQSCHF3qNQFbN_Mm5cJtMxjWKpOIYkZDJrd7xaJr5pXIBfK52K55HlK0a6K3Wi1xyJ6O2zuX2CkOn7fim1Ep57BCUXwJ2y7PvqGkNQ3zoP26ti1HewBTpGFGdlLh9JDQy6u0aq1ppKDPu5pepoB3h-QIj9J:1ubGsX:sH4QLkqyy507qm4crtNUoseu99O98ea_P0CVUv6y700	2025-08-13 10:57:49.757176+00
1qrx6b79usizlfaay80dxzsqrfx6vgf5	.eJxVjEsOwjAMBe-SNYocK_S3ZM8ZIsc2NIAS1LQSCHF3qNQFbN_Mm5cJtMxjWKpOIYkZDJrd7xaJr5pXIBfK52K55HlK0a6K3Wi1xyJ6O2zuX2CkOn7fim1Ep57BCUXwJ2y7PvqGkNQ3zoP26ti1HewBTpGFGdlLh9JDQy6u0aq1ppKDPu5pepoB3h-QIj9J:1ubMwI:EI9p2VQJsJpuj2p0VLRTKycafZdounK8OQFfI7NNH_I	2025-08-13 17:26:06.85378+00
ngqtge8o2a3wiko9pdrgpl64c4tzirhm	.eJxVjEsOwjAMBe-SNYocK_S3ZM8ZIsc2NIAS1LQSCHF3qNQFbN_Mm5cJtMxjWKpOIYkZDJrd7xaJr5pXIBfK52K55HlK0a6K3Wi1xyJ6O2zuX2CkOn7fim1Ep57BCUXwJ2y7PvqGkNQ3zoP26ti1HewBTpGFGdlLh9JDQy6u0aq1ppKDPu5pepoB3h-QIj9J:1ubhgC:Qj4RgeSaeZIET5HjA4LxjKx0sq585cVLbQChRaM2fTw	2025-08-14 15:34:52.562673+00
2tbuh96w8786e5sax6brb7bdm12eonft	.eJxVjEsOwjAMBe-SNYocK_S3ZM8ZIsc2NIAS1LQSCHF3qNQFbN_Mm5cJtMxjWKpOIYkZDJrd7xaJr5pXIBfK52K55HlK0a6K3Wi1xyJ6O2zuX2CkOn7fim1Ep57BCUXwJ2y7PvqGkNQ3zoP26ti1HewBTpGFGdlLh9JDQy6u0aq1ppKDPu5pepoB3h-QIj9J:1ubi7z:IzC4rJ-xAgZYHFJv-BTjmpTesw3fHq7eDgSYybqsDL8	2025-08-14 16:03:35.467808+00
5f11anok3qf9jn6qutpuyurkpm2sx125	.eJxVjEsOwjAMBe-SNYocK_S3ZM8ZIsc2NIAS1LQSCHF3qNQFbN_Mm5cJtMxjWKpOIYkZDJrd7xaJr5pXIBfK52K55HlK0a6K3Wi1xyJ6O2zuX2CkOn7fim1Ep57BCUXwJ2y7PvqGkNQ3zoP26ti1HewBTpGFGdlLh9JDQy6u0aq1ppKDPu5pepoB3h-QIj9J:1ubkey:JPDvAhFpPu0LA62zdgCpzdGidtT52BJrNiemRVwovDc	2025-08-14 18:45:48.396259+00
rexniomznjp24odt6gmqjughq754wnf6	.eJxVjEsOwjAMBe-SNYocK_S3ZM8ZIsc2NIAS1LQSCHF3qNQFbN_Mm5cJtMxjWKpOIYkZDJrd7xaJr5pXIBfK52K55HlK0a6K3Wi1xyJ6O2zuX2CkOn7fim1Ep57BCUXwJ2y7PvqGkNQ3zoP26ti1HewBTpGFGdlLh9JDQy6u0aq1ppKDPu5pepoB3h-QIj9J:1ubkzo:ypk_WArQuHiMxODTXKvgZUhV0HbAy4eodJ2Y9AMk5kg	2025-08-14 19:07:20.152427+00
ws10qj8lcnrhzi8yi5li6ygjxw808abq	.eJxVjEsOwjAMBe-SNYocK_S3ZM8ZIsc2NIAS1LQSCHF3qNQFbN_Mm5cJtMxjWKpOIYkZDJrd7xaJr5pXIBfK52K55HlK0a6K3Wi1xyJ6O2zuX2CkOn7fim1Ep57BCUXwJ2y7PvqGkNQ3zoP26ti1HewBTpGFGdlLh9JDQy6u0aq1ppKDPu5pepoB3h-QIj9J:1ud2f7:jG_rqtUunFDEqQ34AGGLNIEJDCEVIVWNwWd2ZeK2uGU	2025-08-18 08:11:17.204566+00
52jcb9ntcnbc0vfqy9cojluf6e084gu1	.eJx1j8sKgzAQRf8la5XJEJ_L7rsqXYdkMlb7MJIotJT-exXcWOj2nnMv3LfwwXHQp_MhRcAcSlmnADLX5B_jnSd2opnCzInQZp46PcfF7pdQoNhl1tCNhxW4qxkuPiM_TKG32apkG43Z0Tu-HzZ3N9CZ2C1txtKiZEUgnbGgWiyr2qrCoGFVSAVcsyRZVpADtJYcEZJyFboaCiPtOho5xt4Pmp9jH16igeTPzeL35ucLIv1YlA:1ud7re:5WNQq9y7STdusW4oWd3JbOom8SZ0mCKc7d33ZrZeb6E	2025-08-18 13:44:34.826575+00
emz1t1e7d0tkphrgd3aecqj7qzihsg95	.eJxVjEsOwjAMBe-SNYocK_S3ZM8ZIsc2NIAS1LQSCHF3qNQFbN_Mm5cJtMxjWKpOIYkZDJrd7xaJr5pXIBfK52K55HlK0a6K3Wi1xyJ6O2zuX2CkOn7fim1Ep57BCUXwJ2y7PvqGkNQ3zoP26ti1HewBTpGFGdlLh9JDQy6u0aq1ppKDPu5pepoB3h-QIj9J:1udScc:oqDRaLonVyuJB1I2BF0WCLyQ6LTPSffcxuvs6_sdXtc	2025-08-19 11:54:26.81671+00
eevyu09idmxa7n8ow74tna96h0ldld7m	.eJxVj80OgyAQhN-FszFABcFj730Gws-i9AeMaNKm6bsXGg_2tMl8szO7b6T0tk5qy7Co4NCABGqOmtH2BrECd9VxTK1NcV2Caaul3WluL8nB_bx7_wImnaeyLYkg2DKHReeltx14RjmlmAOT1lArhJFC9u6EOel7yjTnhnLsNZWeON_X0Aw5hxQVPOewvNCAGzSXvhBH9YCHKWX7qI-QA53LYXqEn84-X1GKUVM:1ugL3T:nA4Vl7dKP0I7wInHaoKR6WXzHjX6IR7dGjrY-JVmGvE	2025-08-27 10:26:03.848218+00
gpuqp4khff3aw34u29hqz4suv8amgrvc	.eJxVjkEOwiAURO_C2hCE8qFduvcMBPgfixowpU00xrtrTRe6nfdmMk_m_DKPbmk0uYxsYJLtfrPg44XKCvDsy6nyWMs85cBXhW-08WNFuh42929g9G38tPsImiQKLYFsJ1BZkAJBgA22J72PSiRQSQUFpsMkyRuJJlptjMeUvq8atZZrcXS_5enBBvF6A2ULPsM:1ugntJ:iyg06vDkSHu_1jZ8P08F2FbkQvDKzHJyraXIH0rOJ1M	2025-08-28 17:13:29.509507+00
0b9jwfvo1p65dyb5arf14p5g094vmne8	.eJwVy0kKgDAQBdG79NaBn7E153AfFAMGNIpEN-LdjctHUQ_t-SBHnRBCM9U__T2ucfZXynEtSUKaBtwoDKJzgNO2tbrXjKoAKNOx7Cn4dG1TOMvBrKwB2ILeDxpSGfE:1uhB3H:fSVVTXXMqXIdv1Y-HrFzCya5fFKCqLhV74OMR-0qlcU	2025-08-29 17:57:19.673325+00
nmmbhhl1tm12nax1h9f6rtxojthwp5k5	.eJwVi00KgCAUBu_ytv3wlT1feY72UhQkmEZkm-juGcxmGOaheB1kiCHdwFT-au_Ju8WmcDmfU4uWK0ilMDaDyXBfoxMFKQAD5OnYYlhtSPu8nvkQUZoB0aD3Ax4QGf4:1uhCGQ:nOvhjXn0VmIvpgoG52-wwqCBL0i3fiSLreCmhrsMY0Q	2025-08-29 19:14:58.053118+00
x7zz3ll5bchwxwfd0kf22vjougmno6mr	eyJvdHAiOiI4NDc5OTQiLCJvdHBfdmFsaWRfdW50aWwiOiIyMDI1LTA3LTMwVDE5OjQ5OjU1LjEyNjEwMSswMDowMCIsInBob25lX251bWJlciI6Ijc3MzY1MDA3NjAifQ:1uhCjP:bSaouw2pN7E1Ow5myUtk2l3ieRYdohmMVhonMgvjaIc	2025-08-29 19:44:55.135414+00
3gfzo0atw531d83pck2qlmmz4s86kwb9	.eJwVy0sKgCAURuG93GkZv8-LrqO5FAUFZRLWJNp7NjwcvoeOkimQY2m8p_bPeA_bOsUrlXWrS0FZARYavfTBuqB0Z6G94QYIQEV5OdIc07WP81kFs3YWYAd6Px_3GgQ:1uhCpf:5B8SH9ar_DsYHhf-b_Iyl8I6yiGKcKOBvPhR_Ojyul0	2025-08-29 19:51:23.509075+00
4c8mijpbhstgh5pmjfnz4nlj6ir82j7o	.eJwVy0sKgCAYReG9_NMe3DQfuY7mUiQkmEZok2jv2fBw-B5K-SRDTAs9Mmr_tPcS_GZLzD78C0x0UB3HPExGSMNkj4lz6AYwQEXnnqKzsRyru6pQiksBKAl6Px1wGfs:1uhCpi:KStA0ZnnptmZ57XHXhXk2nCn6g2_bF86UhI0iu00qbA	2025-08-29 19:51:26.097731+00
lvgxjwc7c1hyx1zclef9j1d5afhbp4i6	eyJvdHAiOiI1NDYxOTQiLCJvdHBfdmFsaWRfdW50aWwiOiIyMDI1LTA3LTMwVDE5OjU2OjI2Ljg2NTE5MSswMDowMCIsInBob25lX251bWJlciI6Ijc3MzY1MDA3NjAifQ:1uhCpi:2K7AmQePdyzhZCjV2wTSu2l8Or8OWCx2ZU098vQHaNY	2025-08-29 19:51:26.870075+00
uc0jy7ukjmsg29ck9kcv0lomx5ctns84	.eJwVjEEKgCAUBe_yt2W8lO8vz9FeioKCMolsE909XQ7DzEvnHcmRdGxgqS7on3HfZp_Cve1ZaWhWEGUwtL1j67Q0wmi1qQAH5CiuZ1h8SMe0XGUmxjIgFvT9HPYZ9w:1uhCpj:6HbLj_R8ULnkDyCXxfulckVDwS5TVndDGzyoLrJDMtE	2025-08-29 19:51:27.756794+00
u3irua4z5ngq8ulnpr41tfj9h6x2yw8f	eyJvdHAiOiIyOTM2MjIiLCJvdHBfdmFsaWRfdW50aWwiOiIyMDI1LTA3LTMwVDE5OjU2OjI5LjM5NDA3MSswMDowMCIsInBob25lX251bWJlciI6Ijc3MzY1MDA3NjAifQ:1uhCpl:Q049rBQEmpIxQKYfU-nwifoIZlJDN23hYyxoSXKb3a0	2025-08-29 19:51:29.399399+00
kdcnpagiooo4mlcnw31gbem0phq6fg7c	.eJwVjEsKgDAQxe4yWz88p7aDcw73RbFgQauIuhHvrl2GkDy0nTspSSPoQGVGfw9LnPyVzrj8isG2glQGfdOpdWpQtyxsuAAUOdrnLQWfrnUMR56JcRYQB3o_Gn8Z7g:1uhCpm:IJ_bHQbHqXHGObr63HTh6I_2ZMLg1m_ExWVHoOfwtdo	2025-08-29 19:51:30.432981+00
jelpczrbcaaziw7b6kue5voc6x5fj0x7	.eJwVy0sKgCAURuG93GkP_q7pLdfRXIqEhLKIbBLtPRt-HM5D-3WQJdXqDobKn-4e1zC7FK-w5sRgXUEqhYFhwZZ1jb5tBAWykadj2aN3MW2TP_MhoowGxIDeDxi6GeQ:1uhCvV:ydnm2I_nJML9ru2EDMKnNxx0xlfJGTryD_G85mSe81E	2025-08-29 19:57:25.099136+00
0ytl4kl59yjpyn11upthyd6t0ywtf88b	.eJwVy8sOQDAQRuF3ma1Lfh2doc9h3xBNSCgRbMS7q-XJyffQdu7kSCphUcr_9He_zKO_4jkvaRkYW0ALRmfgKjhGiUa4bjPAAQnt0xaDj9c6hCMJVRYLqIDeDxorGes:1uhD3K:ZFgR9A8F4Aa61kNFb2_0IFaTaAyE7ie_mvSnknnX8ek	2025-08-29 20:05:30.09126+00
jtp3dncb7hcxi7pc14kx04ego20equ3t	.eJxVjkEOwiAURO_C2hCE8qFduvcMBPgfixowpU00xrtrTRe6nfdmMk_m_DKPbmk0uYxsYJLtfrPg44XKCvDsy6nyWMs85cBXhW-08WNFuh42929g9G38tPsImiQKLYFsJ1BZkAJBgA22J72PSiRQSQUFpsMkyRuJJlptjMeUvq8atZZrcXS_5enBBvF6A2ULPsM:1ui52u:na_6GHWFqn0QpJq8hZK3tUtdoQqcoEL_3eVr2Xzm61E	2025-09-01 05:44:40.009619+00
iodnyo0cwdad0eatyk8hfh8zr6s3124g	.eJxVjkEOwiAURO_C2hCE8qFduvcMBPgfixowpU00xrtrTRe6nfdmMk_m_DKPbmk0uYxsYJLtfrPg44XKCvDsy6nyWMs85cBXhW-08WNFuh42929g9G38tPsImiQKLYFsJ1BZkAJBgA22J72PSiRQSQUFpsMkyRuJJlptjMeUvq8atZZrcXS_5enBBvF6A2ULPsM:1ui5bK:97OkH_6OHbooTUp7nWTDiTNjkXG7bUIwOpZce24Oj18	2025-09-01 06:20:14.369741+00
1dcxn4qy1q450xnxmi8hykl2zbs6ohve	.eJxVjkEOwiAURO_C2hCE8qFduvcMBPgfixowpU00xrtrTRe6nfdmMk_m_DKPbmk0uYxsYJLtfrPg44XKCvDsy6nyWMs85cBXhW-08WNFuh42929g9G38tPsImiQKLYFsJ1BZkAJBgA22J72PSiRQSQUFpsMkyRuJJlptjMeUvq8atZZrcXS_5enBBvF6A2ULPsM:1uiGWk:vtBGeutG0aWu6ILZjRngZqhINeZ3ZnPdXunCoufEQc4	2025-09-01 18:00:14.638603+00
dcrmpg9shbnyrai28wmm9tedu9kq27cl	.eJxVjkEOwiAURO_C2hCE8qFduvcMBPgfixowpU00xrtrTRe6nfdmMk_m_DKPbmk0uYxsYJLtfrPg44XKCvDsy6nyWMs85cBXhW-08WNFuh42929g9G38tPsImiQKLYFsJ1BZkAJBgA22J72PSiRQSQUFpsMkyRuJJlptjMeUvq8atZZrcXS_5enBBvF6A2ULPsM:1uiKQu:JNk42i-KwvQgT-vU7kgXc7EKqvs4yxu2Bzz9qA83paA	2025-09-01 22:10:28.194135+00
it1rtsvdegcicfpboa5bcrctrqnc8q5z	.eJxVjkEOwiAURO_C2hCE8qFduvcMBPgfixowpU00xrtrTRe6nfdmMk_m_DKPbmk0uYxsYJLtfrPg44XKCvDsy6nyWMs85cBXhW-08WNFuh42929g9G38tPsImiQKLYFsJ1BZkAJBgA22J72PSiRQSQUFpsMkyRuJJlptjMeUvq8atZZrcXS_5enBBvF6A2ULPsM:1ukOn0:I0831gFc33h-XbzOUUO2sVoHryipsfyIuqKSlAp9TxU	2025-09-07 15:13:50.205932+00
mm93t8i9dy9ll44hskowlfgfpfz6scjg	.eJwVi8sKgCAUBf_lbntwfFwNv6O9FAkJZhHWJvr3DGYzDPPQXg5ypA1rCWp_9feU4uKvXGKqSUJyh6EyCnasnNA9KwuYBnD4p2Pdc_D52uZw1sNaZRiwBvR-GekZ7Q:1ukPKI:2Yxl-Mstk6Gbvv4g4VoZqSxEpUnsN-KXjKt4gs39OD8	2025-09-07 15:48:14.542357+00
s5cjle7m3guep9he9lojcwi3o9ftx6b5	eyJvdHAiOiIxOTQ4MDgiLCJvdHBfdmFsaWRfdW50aWwiOiIyMDI1LTA4LTA4VDE1OjU1OjExLjQ2ODU3OCswMDowMCIsInBob25lX251bWJlciI6Ijc3MzY1MDA3NjAifQ:1ukPMB:TIYb0_TP11Owh2bXLUo32ggNV4knIY7oAi45rY8GapI	2025-09-07 15:50:11.47133+00
a0x9ykqlz7rlyed1pn99ag72jc67l9ys	.eJwVi0sKgCAYBu_yb3vwqfnAc7SXIiHBVMLaRHfPYDbDMA_lWsiSAZtgqP_V3UsMm7tSDbElDi4HmMbMlIWwgo2KC8ZNB1igTWXPybt0Has_26G1UBLQCvR-GQ0Z6Q:1ukPUF:UDgZU1Y52NbVqR1bjLCOAv77U9sG1k6Tm8pdk29O1Mc	2025-09-07 15:58:31.629671+00
nuuytdlnolovmkf1en44gsugluy5ez6f	.eJwVizsKgDAQBe-yrR_e5qs5h31QDBjQKGJsxLsbYZphmIf26yBHLJSBpPpXf49rnH1OV1xLEhC6QVcY2DiGY9n2WijFFeCAMh3LnoJPeZvCWQ5rpdGANaD3AxeLGeU:1ukPaj:1QPc-bB7uvdFxgXSr3xnIpbE1xSl1ZWbJysf0oBjNyQ	2025-09-07 16:05:13.965267+00
ahpds3wi605c55q5sadh53k5dwgwslhw	.eJwVi00KgCAUBu_ytv3wPcWneY72UhQUmEZUm-juGcxmGOahfO7kyYmzpqP613APcZ3Clc41lqSgTANX6Fk8s4duhVmZrgI8UKZ9yWkO6drG-SiHtVoMYAX0fiBlGf8:1ukPbX:M2hpq4-SgI5gPOzzNxmWHnXc4yss-CCTs52i6jm58fo	2025-09-07 16:06:03.615143+00
4ap0e531lmb2t5x4ek0ka2nghvdsewxi	.eJwVi8sKgCAUBf_lbntwfF3F72gvRUFBmYS2if49g9kMwzx05kSenNQaltpfwz3u2xxKzNtek4Q0HVxlEOyF8DA9K4YSDeCBOqX1jEuI5ZiWqx7WKjaAZdD7ARoGGeo:1ukPcv:NuWsZiNJp6ayF_VDuo-vljERTB69O1kOV_5Vyqm1f4I	2025-09-07 16:07:29.742429+00
ijv0t71c355twq59o7d0sa9e8hfbbda3	.eJyrVsovKVCyUjIyMzG0NFDSAXHjyxJzMlPiS_NKMnNAUgZGproGFkAUYmhmZWhsZWCkZ2hhCgTaBgZWBiBNBRn5eanxeaW5SalFQB3m5sZmpgYG5mYGSrUAGk8Z8A:1ukPdS:X6zP9f6Az7TlIGKQt53PqXHZq_3u8OJ3Wtelm1fr6_M	2025-09-07 16:08:02.191062+00
58jgc1ixc05hxk43bdvmuvotxpf6eme6	.eJxVjEEOwiAQRe_C2hAcykBduu8ZCDCDVA0kpV0Z765NutDtf-_9l_BhW4vfOi9-JnERIE6_WwzpwXUHdA_11mRqdV3mKHdFHrTLqRE_r4f7d1BCL996TGgYSBlAdoMi7RAUoUIX3cjmnLTKqLOOGu1AGThYIJucsTZQziDeH8Q9N4Y:1ukPdd:yA1NMMk0HnEB1eA_bMJxfY6oFHwwWreN0qdGsV0KAXE	2025-09-07 16:08:13.863339+00
if0ozvak1tqweqyh41gap7txv9bs60e0	.eJwVizsKgDAQBe-yrR9evis5h31QFBRiIqI24t1dYZphmIfKuVMg65RRTPWv8R7SOsUrn2uSpKFdg07olQ-CUa1mWOsrIAAy7UvJc8zXNs6HHMzGO4A96P0AGe0Z7g:1ukPgp:-jCE9B9idj2UUZlrVEbZqgmLQkf8CBEOBiCypVj6r10	2025-09-07 16:11:31.273705+00
0x1zw61nvmoztz0mj1461z6ulkaaykcq	.eJxVjEEOwiAQRe_C2hAcykBduu8ZCDCDVA0kpV0Z765NutDtf-_9l_BhW4vfOi9-JnERIE6_WwzpwXUHdA_11mRqdV3mKHdFHrTLqRE_r4f7d1BCL996TGgYSBlAdoMi7RAUoUIX3cjmnLTKqLOOGu1AGThYIJucsTZQziDeH8Q9N4Y:1ukPh2:LbnIe0ew81mGcaN8TFWm-UEwyLhbty-n8Mxau9PdyLI	2025-09-07 16:11:44.389975+00
5gfbfzz5bi7xv4bm2a48w2xo35c25fod	eyJvdHAiOiI5ODY5NDQiLCJvdHBfdmFsaWRfdW50aWwiOiIyMDI1LTA4LTA4VDE2OjE3OjE0LjA4Mzc4MiswMDowMCIsInBob25lX251bWJlciI6Ijc3MzY1MDA3NjAifQ:1ukPhW:FC0lTu1icxGElI2VPhcjhBoUt5r6y3NkVQvhi1egdzA	2025-09-07 16:12:14.087978+00
geo1h07yc79zdoekndhv73hsbkpgyign	.eJxVjEEOwiAQRe_C2hAcykBduu8ZCDCDVA0kpV0Z765NutDtf-_9l_BhW4vfOi9-JnERIE6_WwzpwXUHdA_11mRqdV3mKHdFHrTLqRE_r4f7d1BCL996TGgYSBlAdoMi7RAUoUIX3cjmnLTKqLOOGu1AGThYIJucsTZQziDeH8Q9N4Y:1ukPho:nnCR1VAskPomVzDqpMsAv2znvkzA7N5CMh-oQ-LGAPc	2025-09-07 16:12:32.113908+00
2492oogteufytena46ub8cncyzyhxt17	eyJvdHAiOiI5Njc1NzkiLCJvdHBfdmFsaWRfdW50aWwiOiIyMDI1LTA4LTA4VDE2OjE5OjQyLjQzMzI1MCswMDowMCIsInBob25lX251bWJlciI6Ijc3MzY1MDA3NjAifQ:1ukPju:xLdtvP7_BKZ7PlL7JT4ht-cspROpXtJnnx5K7f5yDuQ	2025-09-07 16:14:42.436765+00
o87tiwcm5t3l2tw0a57odi1ul863vx1w	.eJxVjEEOwiAQRe_C2hAcykBduu8ZCDCDVA0kpV0Z765NutDtf-_9l_BhW4vfOi9-JnERIE6_WwzpwXUHdA_11mRqdV3mKHdFHrTLqRE_r4f7d1BCL996TGgYSBlAdoMi7RAUoUIX3cjmnLTKqLOOGu1AGThYIJucsTZQziDeH8Q9N4Y:1ukPkB:fqWWGa-XHyBUNilBd9rDE7sXEMpQktVSnl977GtxUwM	2025-09-07 16:14:59.974233+00
bbwvfwa0zstykqeejlyfdjy9pbdj7t6y	.eJwVi00KgCAUBu_ytv3wqfleeY72UiQklEVUm-juGcxmGOah7dzJkdViOlD5q7-HJU7-SmdcctLQtkKb6RU7oxykboRZqQJw-Kd93lLw6VrHcORDxLAFhEHvBxwBGfU:1ukPux:CePGvCk55ZzoJQh9UDYjsrvbo7EdoQFi5OEFgYNG2DM	2025-09-07 16:26:07.491765+00
ul0fy2l39whi9j145xkrajd8jl1li5g5	.eJxVjEEOwiAQRe_C2hAcykBduu8ZCDCDVA0kpV0Z765NutDtf-_9l_BhW4vfOi9-JnERIE6_WwzpwXUHdA_11mRqdV3mKHdFHrTLqRE_r4f7d1BCL996TGgYSBlAdoMi7RAUoUIX3cjmnLTKqLOOGu1AGThYIJucsTZQziDeH8Q9N4Y:1ukPv9:Cvib8okrDcVtkDThswubAVinkGq713zdGgHtthBTYS0	2025-09-07 16:26:19.079776+00
1vw9wz9zoinygmwsdpqlg0giy8k59dpa	eyJvdHAiOiI4Mjg2NjYiLCJvdHBfdmFsaWRfdW50aWwiOiIyMDI1LTA4LTA4VDE2OjMxOjQ3LjI1NTUxNCswMDowMCIsInBob25lX251bWJlciI6Ijc3MzY1MDA3NjAifQ:1ukPvb:WNdCH0vG0vlyWuIWKKL_W3pPrETPFhcmltCRXxRwC2M	2025-09-07 16:26:47.259832+00
09i25gfhzhufamurf0uzh3ty8souskbg	.eJxVjEEOwiAQRe_C2hAcykBduu8ZCDCDVA0kpV0Z765NutDtf-_9l_BhW4vfOi9-JnERIE6_WwzpwXUHdA_11mRqdV3mKHdFHrTLqRE_r4f7d1BCL996TGgYSBlAdoMi7RAUoUIX3cjmnLTKqLOOGu1AGThYIJucsTZQziDeH8Q9N4Y:1ukPvl:9h-4EmDXZhRANFwRPrxrig2Mar50sv4oD0wLurcpbQg	2025-09-07 16:26:57.071558+00
zo6v19fzfdn8ux859ttjsy0eoq8noxgt	.eJwVi0sKgDAQxe4yWz88a2dGeg73RVGwUKuIuhHvboVsQshD27mTI7ZGO6XyV38PMUz-SmeIORkYrtBl-kZca53VmtmySAE4IE_7sqXZp2sd5yMfqq0woAJ6PyBmGgk:1ukPyV:trRFnDCTxmV1xyqoPo-6ij5AKYT5IEXzA_cypoWuyU4	2025-09-07 16:29:47.557872+00
pvgtu562c4z7tnu2a4nm1nbgo25q3i8h	.eJxVjEEOwiAQRe_C2hAcykBduu8ZCDCDVA0kpV0Z765NutDtf-_9l_BhW4vfOi9-JnERIE6_WwzpwXUHdA_11mRqdV3mKHdFHrTLqRE_r4f7d1BCL996TGgYSBlAdoMi7RAUoUIX3cjmnLTKqLOOGu1AGThYIJucsTZQziDeH8Q9N4Y:1ukPyn:ewA9EnXy1d9XbXoGqnJnc3v-ruoENU5zx6QoIF5Itjo	2025-09-07 16:30:05.185452+00
tua4p6pv8wkpt45r5xiy1f7aca42ygr8	.eJwVi0kKgDAQBP8yVxc6e8w7vAdFQUGTIOpF_Lsj1KWprofyWSiQMp22mup_xnvY1ile6Vw3VhLSNPBML2xQPmjRCv57WQEB4KgsOc0xXfs4H1w4p6wBnAW9Hx77GgI:1ukQ2H:7GX8-MgJWB-Hw9xpm5iwi09ri5NP97AZvbD8ya3iWz0	2025-09-07 16:33:41.139495+00
stgcut52177vbffhw9iwvzkhn92a7kmb	.eJxVjEEOwiAQRe_C2hAcykBduu8ZCDCDVA0kpV0Z765NutDtf-_9l_BhW4vfOi9-JnERIE6_WwzpwXUHdA_11mRqdV3mKHdFHrTLqRE_r4f7d1BCL996TGgYSBlAdoMi7RAUoUIX3cjmnLTKqLOOGu1AGThYIJucsTZQziDeH8Q9N4Y:1ukQ2U:9oyKRID_njsLPBXFo6ALmdAzE5_QlHQmWj6eLYiERDk	2025-09-07 16:33:54.971424+00
l1cyn60dme8wtq8rs3xzxvs4llkyl2m7	.eJwVi00KgCAUBu_ytv3wPUWfeI72UiQkmEVUm-juGcxmGOah7dzJk3Es7Kj9NdxjTnO4yplyTQrKdHCVga032ivp2UGzbgAP1GlfthJDudYpHvUQ0dYAYkHvBxz_GfY:1ukQGZ:GSDoyhcoxNTaH3d6rvSfX2V4uDf9eM6etK3T6ypo3uA	2025-09-07 16:48:27.183654+00
ksdp3hx9esqo3pcfx1clg7j1lu87wcsi	.eJxVjEEOwiAQRe_C2hAcykBduu8ZCDCDVA0kpV0Z765NutDtf-_9l_BhW4vfOi9-JnERIE6_WwzpwXUHdA_11mRqdV3mKHdFHrTLqRE_r4f7d1BCL996TGgYSBlAdoMi7RAUoUIX3cjmnLTKqLOOGu1AGThYIJucsTZQziDeH8Q9N4Y:1ukQGi:vFhblU_ig2PMisodVG30SgO2Cq8IUojoxRLy7OihOPE	2025-09-07 16:48:36.289769+00
7im2z6dy7fnshlpm4j34r2yb53ux68lu	.eJxVjEEOwiAQRe_C2hAcykBduu8ZCDCDVA0kpV0Z765NutDtf-_9l_BhW4vfOi9-JnERIE6_WwzpwXUHdA_11mRqdV3mKHdFHrTLqRE_r4f7d1BCL996TGgYSBlAdoMi7RAUoUIX3cjmnLTKqLOOGu1AGThYIJucsTZQziDeH8Q9N4Y:1ukTD5:BeGLPqRgnJi-YscfibEmN8dhnGDs1aNU0X_K7FOYObw	2025-09-07 19:57:03.91393+00
rccvmoykeknjpelrpwgptm9lji3go0du	.eJxVjEEOwiAQRe_C2hAcykBduu8ZCDCDVA0kpV0Z765NutDtf-_9l_BhW4vfOi9-JnERIE6_WwzpwXUHdA_11mRqdV3mKHdFHrTLqRE_r4f7d1BCL996TGgYSBlAdoMi7RAUoUIX3cjmnLTKqLOOGu1AGThYIJucsTZQziDeH8Q9N4Y:1ukTLi:Xk7qqQFsNVrs-HWT5vLtmpLtsthZZAjxa3Z_iUOPM90	2025-09-07 20:05:58.806272+00
m9scqce51gkmfka5irozcvsuzbai9cst	.eJxVjEEOwiAQRe_C2hAcykBduu8ZCDCDVA0kpV0Z765NutDtf-_9l_BhW4vfOi9-JnERIE6_WwzpwXUHdA_11mRqdV3mKHdFHrTLqRE_r4f7d1BCL996TGgYSBlAdoMi7RAUoUIX3cjmnLTKqLOOGu1AGThYIJucsTZQziDeH8Q9N4Y:1ukTP3:v1a5SJQr1sWqyLo_lrjWOKu2Ao5AXrWf91gQ2tM_38Y	2025-09-07 20:09:25.854702+00
lrbhwy5rf5l71ih94ebxdbpmku35lv8l	.eJxVjEEOwiAQRe_C2hAcykBduu8ZCDCDVA0kpV0Z765NutDtf-_9l_BhW4vfOi9-JnERIE6_WwzpwXUHdA_11mRqdV3mKHdFHrTLqRE_r4f7d1BCL996TGgYSBlAdoMi7RAUoUIX3cjmnLTKqLOOGu1AGThYIJucsTZQziDeH8Q9N4Y:1ukTVu:jS0ACbk2zgE8dCQBwhaEEBVdM2Oc3FCBACehTGBul1g	2025-09-07 20:16:30.075154+00
7c10emjtegc25ynkcmo3gq4ve2hqpfpw	.eJwVi00KgCAUBu_ytv3w-eppeY72UhQUmEVYm-juKcxmGOalI55kiRvuu57KrO4Z_Ta7O8TN5wSWCl1iYFhWtpVaGWHRBWCBNJ3rERYX7n1arnQY02gBjAZ9Px2AGfk:1ukTW9:1xGAqNmOlJZd0TpXmPL8R93N4SbOmhl87fSbaB_R7kA	2025-09-07 20:16:45.18087+00
xthdt9pfvqrezgouyase5558d6ozur4y	.eJwVi00KgCAUBu_ytv3wZfpMz9FeioIC0whtE909g9kMwzwU00mWDCQbRfWv7p78vrgc0u5LEhCqwVAYBazorFQtD2CpK8ACZTq3GFYX8jGvVzm07lkBmkHvBx5mGf4:1ukTW9:ZMBMcHBNN7mdHqk1mqF---eMs9I61wURTG75LfNtGac	2025-09-07 20:16:45.684334+00
ys7lwt4wz8okqv82q98oms4yd5djr6lb	.eJxVjEEOwiAQRe_C2hAcykBduu8ZCDCDVA0kpV0Z765NutDtf-_9l_BhW4vfOi9-JnERIE6_WwzpwXUHdA_11mRqdV3mKHdFHrTLqRE_r4f7d1BCL996TGgYSBlAdoMi7RAUoUIX3cjmnLTKqLOOGu1AGThYIJucsTZQziDeH8Q9N4Y:1ukU5A:Bd4bdJNSh1kTtnrwzWm758dd5WW8c-G5OheDFa3PVNY	2025-09-07 20:52:56.580276+00
r5q1y8xsb137ck9jmgr89aijo30s1qma	.eJxVjEEOwiAQRe_C2hAcykBduu8ZCDCDVA0kpV0Z765NutDtf-_9l_BhW4vfOi9-JnERIE6_WwzpwXUHdA_11mRqdV3mKHdFHrTLqRE_r4f7d1BCL996TGgYSBlAdoMi7RAUoUIX3cjmnLTKqLOOGu1AGThYIJucsTZQziDeH8Q9N4Y:1ukTXd:I-PD213FQk89wvdJtXALCsqqEItd4QAnyQDIPnQXnpA	2025-09-07 20:18:17.105362+00
6ckkxaior7yangu7l8dzcubfvwqeqzf4	.eJwdi00KgCAUBu_ytv3w-UQtz9FeioSCMgltE909C2YzDHPTkSJZ6jvNANWfumvc1tnlkNatJAarBl1hYFiWVolWKAltKsD-U1yO4F3I--TPchgjtQKMBj0vGkMZ7A:1ukTYB:fgIi6sLhrV5TbA6XyYnuOpQVY06fqB_jSATFXKWdSuI	2025-09-07 20:18:51.155798+00
7f2w3x6nsje38wk2tujy3sacxlw8mdb0	.eJwVi8sKgCAUBf_lbntw0vSa39FeioKCUgltE_17BrM5zJmHQopkSUgz9Irqf7p7OvbFZZ_241cQqoEpjAJWSKu6ljVrcAVYoERxC351Pp_zepWCWWoFlAu9Hx3nGf0:1ukTYB:Cy4ErTBBR0lMk0Rso5LcK_7YYVn9KGvHFtLSkd3tKw0	2025-09-07 20:18:51.77045+00
16k1jamkmcsdkcu2vh1hkxmo8l9g3057	.eJwVi00KgCAUBu_ytv3w9URfeY72UiQkmEZUm-juGcxmGOahfO5kqdeKpaP6V3dPMSzuSmeIJTFYN-gLI8Oyslpa0w0KpgIsUKZ9zcm7dG2zP8ohoowGxIDeDxwWGfY:1ukTYH:ZwTF4cuJp9SHlOSUXnD5k1QuBjnSsglYrPl8ZdzG35k	2025-09-07 20:18:57.623591+00
izgs118mp5xuyv80fplx851lpnf9856f	.eJwVjMsKgCAQRf9ltj24jUyK39FeioQEM4lqE_17CndzOJz70nFlsqRZjB6oreieOYbV3ekKsSgGSwdTNjEsKyumHxQrkQawQInydiTv0r0v_qxnWo0C6BH0_RyUGfU:1ukTYI:nfpgyvMJGOendQK-e9mG9jTT8Ci3qbyJI8hVIDuF1Lw	2025-09-07 20:18:58.136717+00
78126grrwrdwu81oymh38hi9okefzx0c	.eJwVi00KgCAUBu_ytv3wobxneY72UiQkmEVom-juGcxmGOahI59kiXkQ0dT-6u45htWVlEOsSUFxh6EyKVjFlseeRyNaN4AF6nRuR_IulX3xVz2M0cKAEdD7ASBlGgk:1ukTaF:AiitSOdM43VbyL2DJmEBs3O8i-tZKmy0Rf3d_CAZXQE	2025-09-07 20:20:59.600736+00
6ktw5xsv10th314upyyfmnq9er8ik3ly	.eJyNVNly4jgU_ZUZP2NiGxNjqqaqIQRCgEBYwjI1pRJCNsKyZSSZxqT495HBLOnuWd6suxydc--RPzXBEIEUIsSSSILziTKfRFr1U4s525EV5tk3WWlVzWfMp1graDCOi4gSrHpOCde2nVKlYjiOaehwKWKLOs6OMNNDATdY2XUMFNhbapHY2RZVtyiesRKBOWKRVEhFxELtqLDPZC6XRgmlBS2rA7fjjdmNU3JiYppG2VV03Ee74rpWxbbNsq2yFAoJcmVnjBWUGGwYifAVFu8lh0Al4FXyP-HhEBKq8gLKNcZirTQdvvlZ8KSjoO0wJx7BK5BXSp7gghbBEKuuUd71W01V-mSHI_BDRsU9GBKaXhJZZUyQTHh2WksZi-rDA12Xfj3JB_hQe_IrDHVcOe31ul2jNiHBKraIO25vFrr3ug5cYNQOQwAnS283cZpBMpnVN8z6Q7iPOtKOx_PYT06AQnxnPBvI7_bQpbv6kM-bg1Han7ffWr41mx0Oh0ZqdYz5uBtu6sQyGr8cOhFAJDHmZ2APUqGG4hGu6n4ewKn9Tv6XjWmWYZV1o6Ib7tg0q6VS1awUy6650M60875samsWYRAl4fJkGBUJcfZ956cMNNs7vhoMogD6GOB9THj6JSUk9DzAGc3h_9MJcLXiWIhLPyIyvcO6u5NEiK3wF38yDywJl-tL0MfRyfbXZ-ARigEJFdcfqd_UqaFDJJXLLi5kkdrCUiBOYklYdF1Etp1M3TXgp-EV53il-3nMVYNcGlbi_vyX5_q_H8uFYMyVJJ6ej8e_CppkAY6-_hIUyN0Vl1_YLZK3aCm03CI0aqPSy-PbvtnaGB9m_-OtzLaiZAwCz2F-bd-A1pI22voTHOmWD3bog4p0NJg5i-eJUw87FrKTcEubczGdknmtaYZ0Mq3wyovVHK7aDRAN9ImYBWa73O-84oO9mLzLdrjVh-Nnc9h9X0xa8y3AzaRxeKV112FvUclfLiNdPtnNXgnjxdje95zW1KvDJ3_eqeFgVBv2Rs33l9bM6pHn7bDTH6D9aAzidNDdov7iEfqG6ZS1XCgQGHEsc0tmrsVq6zJf3fH4N8LU_hk:1ukhp8:bqg7EDw3LaJO6wy8kNkKwr24p_lLd0E4QofJiYuF8tU	2025-09-08 11:33:18.609782+00
elyeto3to1n8cqpt8lfo3jatynf77501	.eJyNVNly4jgU_ZUZPwPxBsZUTVUDicMOYQkJU1MqIWQjLFtGkmlIin8fGcyS7p7lzbrL0Tn3HvlTEwwRSCFCLI0lOJ8oC0is1T61hLMdWWGefZOVVtMCxgKKtYIGk6SEKMGq55RwbduxqlXdcQy9CJciManj7AgzfBRynZVdR0ehvaUmSZxtSXWL0hkrFZgjFkuFVEIs0o4K-0zmcmmcUlrQsjpwO96Y3TilJyaGoZddRcet2FXXNau2bZRtlaVQSJArO2OsoMRgw0iMr7B4LzkEKgGvkv8JD0eQUJUXUK4xFmul6eNbkAVPOgraDnPiE7wCeaXkKS5oMYyw6prkXb_VVWVAdjgGP2RU3IcRoYdLIqtMCJIpz05rKRNRe3iga-vXk3yAD_VmUGWo68p5v9_r6fUZCVeJSdxpe7Mo-p116AK9_jEGcLb0dzPHC9PZW2PDzD-EWyki7Xg8j_3kBCjEd8azgfzeeLVanjsIB514205M0x5bZBMPO1Uvag2b43JjafJJ0u_9cuhEAJEmmJ-BfUiFGopPuKr7eQCn9jv5XzammbpZLurVou5ODaNmWTWzUqrY5YV2pp33ZVNbsxiDOI2WJ8OoSISz7zs_ZaDZ3vHVYBCFMMAA7xPCD19SQkLfB5zRHP4_nQBXK46FuPQjIg93WHd3khixFf7iT-aDJeFyfQkGOD7Z_voMfEIxIJHi-iP1mzo1dIikctnFhSxWW1gKxEkiCYuvi8i2k6m7BoJDdMU5Xul-HnPVIJeGlbg__-W5_u_HciGYcCWJH87H418FTbIQx19_CQrk7orLL-wWyVu0AzTdEtTrE6tVGey9543-agxfB2W2FZY-Cn2HBfX9IzSX9LFdbMJJ0QzADr1ScZiM3pzF08xpRF0T2Wm0pd67mM_Je90zIjqbV3m1ZXrjVfsRxKPiTLyFRrs87Hbwh72Yvch2tC2Op0_GuPeymD2_bwH20sePDm24DhvEVrBcxkXZtL2-hfFiau_7zvPcb8Bm8N6t43BSH_cn3kvr-c3sk6ftuDscof1kCpLDqLdFw0UFBrrhlLVcKBAYcSxzS2auxWrrMl_d8fg34Rr9UA:1ukhpG:SsbRqXa64fxsGmSRwcUKOXGWc96YK9hLeS9VoGI8WMw	2025-09-08 11:33:26.651815+00
1qn0o85idhibh82acf1yxwodosm8pbva	.eJxVjEEOwiAQRe_C2hAcykBduu8ZCDCDVA0kpV0Z765NutDtf-_9l_BhW4vfOi9-JnERIE6_WwzpwXUHdA_11mRqdV3mKHdFHrTLqRE_r4f7d1BCL996TGgYSBlAdoMi7RAUoUIX3cjmnLTKqLOOGu1AGThYIJucsTZQziDeH8Q9N4Y:1ukTaY:BOi3Ulzv3m7gjP4U3mD3wWL6tODoTKwlOq7FpJe_0mc	2025-09-07 20:21:18.040959+00
l5eya5qlfht26oui29wvwq3g6gtvb8bo	.eJyNVNly4jgU_ZUeP2PiFdtUTdWQhSWEhLCEhKkulRCyUSxbRpIJkOLfRwazpKe7Z96suxydc--RPzXBEIEUIsTyVILDibKIpFr9U8s4W5E55sU3mWt1LWIsoliraDDLqogSrHr2icBxPNv3Dc8zDR3ORGZRz1sRZoYo5gZzA89AsbOkFsm8ZVV1i-oBKxeYI5ZKhVRFLNF2CvtA5nhpmlNa0Yo6cD6emZ055Xsmpmm4gaIT1Bw_CCzfcUzXUVkKhQSlsgPGHEoM3hlJ8QkWryWHQCXgSfKv8HACCVV5AeUCY7FQmrZ_RUVwr6OirTAnIcFzUFZKnuOKlsIEq65h2fWtoSojssIp-CGj4iFMCN0cE0VlRpDMeXFaSJmJ-tUVXdg_n-QVvGrcRD5D3UBOer2HB6MxJvE8s0gw6rxP9fB-EQfAaGwHAI5n4WrsNeN8_Hr9zqw_RVDTkbbbHca-dwIU4oPxYiB_tO0MY7KtRa1ebiy6H66Dh_2PxXqUt9v53cq12vYjRqT206ETAUSeYX4ADiEVaigh4aru3wPYt1_I_7IxzTIsVzd83QhGplm33bptVwPfn2oH2mVfMbUFSzFI82S2N4yKJLj4vvBTAVrsHZ8MBlEMIwzwOiN88yUlJAxDwBkt4f_TCXA-51iIYz8icnOBdXEnSRGb4y_-ZCGYES4Xx2CE073tT88gJBQDkiiuP1I_q1NDh0gqlx1dyFK1hZlAnGSSsPS0iGI7hbpTINokJ5zdie7nrlQNSmlYifv7N8_1fz-WI8GMK0l8czjuvlc0yWKcfv0lKJCLK46_sHOkbNE20Aqq0GgM7Xbtcd1svRsv5tPLo8uWwjb6ceixqLG-hdaM3nb0GzjUrQis0AsVm2H_1Zvejb3rpGshJ0-WtPkmJhPy1miaCR1PfO63reZg3rkFaV8fi9fY7LhP3Xu8dabjZ9lJlvpgdGcOHp6n49bbEuBmfru9p9eBxx5TO5rNUl3eOM2ejfF05Kx7XmsSXsOb6K3bwPGwMegNm8_t1qvVI3fLQfepj9bDEcg2_YcleprWYGSYnquVQoHAiGNZWrJwLVZbl-Xqdrt_ABhW_ng:1ukhrJ:Y1QX14xKlPTgJXdp_wdzvxeQgZrb_63em9MoC5-Or_o	2025-09-08 11:35:33.99386+00
gmcofdxwer0xsa5fook83qv5m4wnud24	.eJxVjEEOwiAQRe_C2hAcykBduu8ZCDCDVA0kpV0Z765NutDtf-_9l_BhW4vfOi9-JnERIE6_WwzpwXUHdA_11mRqdV3mKHdFHrTLqRE_r4f7d1BCL996TGgYSBlAdoMi7RAUoUIX3cjmnLTKqLOOGu1AGThYIJucsTZQziDeH8Q9N4Y:1ukTs0:Xkw5HwUIgHfGkwcvXyB7KZ6jCeBGCZpoKJv_5ru9B8g	2025-09-07 20:39:20.666662+00
536ndks01nodp7hifgd8c50clj3sfe9f	.eJwVjEkKgDAQBP8yVxfayTIh7_AeFAMKmoioF_HvRuhLUVQ_lM-dPAkDcFT_GO5hXaZwpXNZi2KwaeDKeobX2uuuFeVYSQV4oET7nFMM6drGePxnoqwBxILeDxkbGe4:1ukTsL:8Kktc71cejfD1TANi7N6PGmAOx7SpKzUt9omXbltAaQ	2025-09-07 20:39:41.741781+00
m3uxo449zubeks5ji212mzbndkx2iowb	eyJvdHAiOiI5NjI2MTUiLCJvdHBfdmFsaWRfdW50aWwiOiIyMDI1LTA4LTA5VDIyOjAzOjQ1LjIwOTQ3MCswMDowMCIsInBob25lX251bWJlciI6Ijc3MzY1MDA3NjAifQ:1ukraP:WvC8tJ8gGUXh9HqeXb4DD5guVYaIfqvY82JiYlzIWHM	2025-09-08 21:58:45.221301+00
7tw0tof9gdkxsr3uqfw3vtlmesi88jhg	.eJxVjEEOwiAQRe_C2hAcykBduu8ZCDCDVA0kpV0Z765NutDtf-_9l_BhW4vfOi9-JnERIE6_WwzpwXUHdA_11mRqdV3mKHdFHrTLqRE_r4f7d1BCL996TGgYSBlAdoMi7RAUoUIX3cjmnLTKqLOOGu1AGThYIJucsTZQziDeH8Q9N4Y:1ukTsq:MDUICktppzfULFOiwXGjcxR42MyKWkbBEaVHwuuMCzI	2025-09-07 20:40:12.453006+00
rdz502a03lh7t0wda33vy1tpphy9ogah	.eJyNVNly4jgU_ZUZPwOxjYkxVVPVJmFJCGF1CExNqYSQjbBs2ZJMQ1L8-8hglnT3LG_WXY7OuffIn5pgiEAKEWJZLMHpRFlAYq3xqSWcbckK8_ybrLSGFjAWUKyVNJgkFUQJVj3HhGNZdrVe123b0MtwKRKT2vaWMMNHIddZzbF1FFopNUlipxXVLSonrExgjlgsFVIFsUg7KOwTmfOlcUZpScvrwPV4ZXbllB2ZGIZecxQd596qO45ZtyyjZqkshUKCQtkJYwUlBhtGYnyBxTvJIVAJeJH8T3g4goSqvIByjbFYK00f34I8eNRR0raYE5_gFSgqJc9wSYthhFXXpOj6zVWVAdniGPyQUXEfRoTuz4m8MiFIZjw_raVMROPujq6rv57kHbxzH4I6Qz1Hzvr9lxfd9Ui4SkziTJ82i7L_vA4doLsfYwC9pb_17HaYee_NDTP_EM59GWmHw2nsRydAIb4zng_kdxoOFnBko15r1NO9-bDrdcnMg5u3JuoGdNBKO2l36nr6L4dOBBBZgvkJ2IdUqKH4hKu6nwdwbL-R_2VjmqmbtbJeL-vO1DAa1VqjZlT0qr7QTrSLvnxqaxZjEGfR8mgYFYlw_n3jpxw03zu-GAyiEAYY4F1C-P5LSkjo-4AzWsD_pxPgasWxEOd-ROT-BuvmThIjtsJf_Ml8sCRcrs_BAMdH21-egU8oBiRSXH-kflWnhg6RVC47u5DFagtLgThJJGHxZRH5dnJ1l0Cwjy44hwvdz0OhGhTSsBL357881__9WM4EE64k8f3pePirpEkW4vjrL0GB3Fxx_oVdI0WLtoemU4G6O6l271937c5GfzMGb681loqqPgx9mwXu7hGaS_r4VH6Ak7IZgC16o2I_Gb7bi5ZnN6OeiawsSml7LmYzMnfbRkS9WZ3Xu2Z7vHp6BPGw7In30HiqDXrP-MNaeCP5FKXl8bRljF9GC68zTwFuZ48fz7Tp2Ow1rgbLZVyWD1a7X8V4MbV2fbsz85vwIZj3XBxO3HF_0h51O-9mn7TScW8wRLvJFCT74UuKBot7GOiGXdMKoUBgxLEsLJm7Fquty2J1h8PfdOX-Ag:1ukhrb:6TxeGG7WntPyC0cBFxH9aaL19tTZHkmcO3oXqIVujzg	2025-09-08 11:35:51.037098+00
s3rj94u45w9pgswrpeydb9z0f1ib6trh	.eJyNVG1zqjgY_Su7fBYLCCLO7MzFVm1rba1Kre7sZGIMmBIIJsGrdvzvGxRfeu_dl2_keTk553lO-NQEQwRSiBDLUwmOJ8oikmrNTy3jbE0WmBffZKE1tYixiGKtosEsqyJKsOo5JDzbdmuNhuG6pqHDucgs6rprwswQxdxgjucaKLZX1CKZu6qqblE9YuUCc8RSqZCqiCXaXmEfyZwuTXNKK1pRBy7HC7MLp_zAxDQNx1N0vLrd8DyrYdumY6sshUKCUtkRYwElBh-MpPgMizeSQ6AS8Cz5n_BwAglVeQHlEmOxVJp236IieNBR0daYk5DgBSgrJc9xRUthglXXqOz6zVeVEVnjFPyQUfEQJoRuT4miMiNI5rw4LaXMRPPmhi5rv57kDbzxb6MGQz1PTvr9pyfDD0i8yCzijR8-Znr4uIw9YPi7IYDBPFwHbifOg_fWB7P-EF5dR9p-fxz7wQlQiO-MFwP5fcpoVw59J7EMXB9mXbwRu1Ynb9NNr9VWAxw90nUa7Ha_HDoRQOQZ5kfgEFKhhhISrup-HsCh_Ur-l41plmE5utHQDW9sms2a03QaVdM2ZtqRdtlXTG3JUgzSPJkfDKMiCS6-r_xUgBZ7x2eDQRTDCAO8yQjffkkJCcMQcEZL-P90AlwsOBbi1I-I3F5hXd1JUsQW-Is_WQjmhMvlKRjh9GD78zMICcWAJIrrj9Qv6tTQIZLKZScXslRtYS4QJ5kkLD0vothOoe4ciLbJGWd_pvu5L1WDUhpW4v78l-f6vx_LiWDGlSS-PR73f1U0yWKcfv0lKJCrK06_sEukbNG20PKq0PBHtfv686bT_TDezJe3Z4etRM0YxKHLIn9zB605vXvQb-FItyKwRm9UbEeDd3fWDtxW0rOQnScr2pmKyYRM_Y6Z0GDS4I17qzNcPNyBdKAH4j02H5yX3iPe2bPgVT4kK304bpvDp9dZ0J2uAO7kd7tH2vJc9pzWovk81eWt3enXMJ6N7U3f7U7CFryNpj0fxyN_2B91Xu-771aftFfD3ssAbUZjkG0HTyv0MqvDyDBdRyuFAoERx7K0ZOFarLYuy9Xt938Dgcz_aw:1ukhri:5a2qzU2CYKXzEvCKHD62W5rfiatoxcWLG623SZ_uVGo	2025-09-08 11:35:58.146398+00
zy5wsef9a6cay5w4x8hv0ed407xfk4ow	.eJyNVGtzqjoU_Sv38lksIAo4c2eOtbW11tb6rN65k4kxQCQQSIJH2_G_36D46DnnPr6R_VhZa-8VPjXBEIEUIsTyRILjibKAJFrzU0s525AV5sU3WWlNLWAsoFiraDBNq4gSrHoOCc-2nZrrGo5jGjpcitSijrMhzPRRxA1W9xwDRXZGLZI6WVV1i-oRKxeYI5ZIhVRFLNb2CvtI5nRpklNa0Yo6cDlemF045QcmpmnUPUXHa9iu51mubZt1W2UpFBKUyo4YKygxWDOS4DMs3koOgUrAs-R_wsMxJFTlBZQhxiJUmj6-BUXwoKOibTAnPsErUFZKnuOKlsAYq65R2fVbS1UGZIMT8ENGxX0YE7o7JYrKlCCZ8-IUSpmK5s0NDWu_nuQNvGm1A5ehnidn_f7zs9GakGiVWsQbd9cL3X8KIw8YrY8hgJOlv5k4nSifvN-umfWH8Bo60vb749gPToBCfGe8GMjv3lsuwnzLnTwMIzbPBvHLeJj329Nle9yor6ETmffxdFH75dCJACJPMT8C-5AKNRSfcFX38wAO7Vfyv2xMswyrrhuubnhj02zWGk3Drbp1b6EdaZd9xdRClmCQ5PHyYBgViXHxfeWnArTYOz4bDKIIBhjgbUr47ktKSOj7gDNawv-nE-BqxbEQp35E5O4K6-pOkiC2wl_8yXywJFyGp2CAk4Ptz8_AJxQDEiuuP1K_qFNDh0gql51cyBK1haVAnKSSsOS8iGI7hbpzINjFZ5z9me7nvlQNSmlYifvzX57r_34sJ4IpV5L47njc_1XRJItw8vWXoECurjj9wi6RskXbQcurQqM1qj02Xradh7UxNV-nL3WWiZoxiHyHBa3tHbSW9K6rt-FItwKwQVMqdqPBu7O4nzi3cc9Cdh5ntDMXsxmZtzpmTCczl7uPVme46t6BZKBPxHtkduuvvSf8YS8mb7IbZ_pwfG8On98Wk4d5BnAnv_t4oreew16SWrBcJrps251-DePF2N72nYeZfwvbwbzXwtGoNeyPOm-PD-9Wn9xnw97rAG1HY5DuBs8Zel00YGCYTl0rhQKBEceytGThWqy2LsvV7fd_A-bi_vQ:1ukhrs:a2-7sLCftihzgotn4AywpBInQM03D_e0TN1crhId-BQ	2025-09-08 11:36:08.864936+00
wyonrnuqsdt999j2gwy20d97e4zujafw	.eJyNVNly4jgU_ZUZP2PiDYypmqp2SJyQhEAAh8DUlEoI2SiWLSPJNCTFv48MZkl3z_Jm3eXonHuP_KkJhgikECFWZBIcTpTFJNPan1rO2ZosMC-_yUJrazFjMcVaTYN5XkeUYNWzT3iO49qtluG6pqHDucgt6rprwswIJdxgDc81UOKsqEVyd1VX3aJ-wCoE5ohlUiHVEUu1ncI-kDlemhWU1rSyDpyPZ2ZnTsWeiWkaDU_R8ZpOy_OsluOYDUdlKRQSVMoOGAsoMXhnJMMnWLyRHAKVgCfJ_4SHU0ioygsolxiLpdL08S0ug3sdNW2NOYkIXoCqUvIC17QMplh1jaqu33xVGZM1zsAPGRWPYEro9pgoK3OCZMHL01LKXLSvrujS_vUkr-CV34lbDD16ctLrPT0ZfkiSRW4Rb9x9n-nRwzLxgOF_DAEM59E6dIOkCN-u35n1h_CaOtJ2u8PY906AQnxnvBzI7-tbBLOxs_weETcIg7jvC6vTCpb5Q2_q2kI2Xpxe0iTDXw6dCCCKHPMDcASpUEOJCFd1Pw9g334h_8vGNMuwGrrR0g1vbJpt222bVt127Jl2oF31lVNbsgyDrEjne8OoSIrL7ws_laDl3vHJYBAlMMYAb3LCt19SQsIoApzRCv4_nQAXC46FOPYjIrcXWBd3kgyxBf7iTxaBOeFyeQzGONvb_vQMIkIxIKni-iP1szo1dIikctnRhSxTW5gLxEkuCctOiyi3U6o7BeJtesLZneh-7irVoJKGlbg__-W5_u_HciSYcyWJbw_H3V81TbIEZ19_CQrk4orjL-wcqVq0LbS8OjT8kX3ffN4Ed-_Gq9l_fW6wlbCNQRK5LPY3N9Ca05uu3oEj3YrBGr1SsR0N3tzZbehep48Wcop0RYOpmEzI1A_MlIaTFm_dW8Fw0b0B2UAPxVtidhv9xwf84czCF9lNV_pwfGsOn15m4d10BXBQ3Hw80GvPZc-ZHc_nmS47TtCzMZ6NnU3PvZtE17ATTx99nIz8YW8UvNzfvVk9crsaPvYHaDMag3w7eFqh_qwJY8N0G1olFAiMOJaVJUvXYrV1Wa1ut_sbYdL9_A:1ukhsu:PHeRqteGrym-Fk5GhC2jcglQfjU6JxeJqmpSe5otEvc	2025-09-08 11:37:12.349058+00
hupzpwwnkcnnm257k7kfuttpbv396dk5	.eJyNVNly4jgU_ZUZPwOxjYltqqaqHcIeAmEJgakplRCyUSxbRpJpnBT_PjKYJd09y5t1l6Nz7j3ypyYYIpBChFgaS3A6URaQWKt_aglnO7LGPP8ma62uBYwFFGslDSZJBVGCVc8x4VqWXXUc3bYNvQxXIjGpbe8IM3wUcp3VXFtHobWlJknsbUV1i8oJKxWYIxZLhVRBLNIOCvtE5nxpnFJa0vI6cD1emV05pUcmhqHXXEXHvbcc1zUdyzJqlspSKCQolJ0w1lBi8M5IjC-weC85BCoBL5L_CQ9HkFCVF1BuMBYbpenjW5AHjzpK2g5z4hO8BkWl5CkuaTGMsOqaFF2_eaoyIDscgx8yKu7DiNDsnMgrE4JkyvPTRspE1O_u6Kb660newTuvETgM9V05HwyennRvRsJ1YhJ32n1flv3eJnSB7n2MAZyt_N3MboXp7O3hnZl_CPe-jLTD4TT2oxOgEN8ZzwfyO51mxqI9dBt6J8PNTrspRtY89HZpD_Xmz4t41Gc83G8Wvxw6EUCkCeYnYB9SoYbiE67qfh7Asf1G_peNaaZu1sq6U9bdqWHUq07dcCquWVtqJ9pFXz61DYsxiNNodTSMikQ4_77xUw6a7x1fDAZRCAMM8D4hPPuSEhL6PuCMFvD_6QS4XnMsxLkfEZndYN3cSWLE1viLP5kPVoTLzTkY4Pho-8sz8AnFgESK64_Ur-rU0CGSymVnF7JYbWElECeJJCy-LCLfTq7uEgiy6IJzuND9PBSqQSENK3F__stz_d-P5Uww4UoSz07Hw18lTbIQx19_CQrk5orzL-waKVq0DJpuBerepNq5f9632u_6qzF8fa6xrajqo9C3WeDtH6G5oo_dcgNOymYAduiVimwyerOXzZn9EPVNZKXRlrYWYj4nC69lRHQ2d7jTMVvjdfcRxKPyTLyFRrc27Pfwh7WcvchutC2Pp01j_PSynLUXW4Bb6eNHjz64NnuOq8FqFZdlw2oNqhgvp9Z-YLfn_gNsBIu-h8OJNx5MWi-d9ps5IM3tuD8cof1kCpJs9LRFw-U9DHTDrmmFUCAw4lgWlsxdi9XWZbG6w-Fvnjv-oQ:1ukhty:ioy-RSbWBION4W9T4dMtFbRu1y7j959zJEJfR9kdfck	2025-09-08 11:38:18.968796+00
c979ypqx0dyz1xv8pqu1psc2wlj2vt8w	.eJyNVG1zqjgY_Su7fFYLiALO7My1VlvbWq2KWnd2MjEEjASCSfCqHf_7BsWX3nv35Rt5Xk7OeZ4TPjXBEIEUIsSyRILTibKQJFrjU0s52xAf8_yb-FpDCxkLKdZKGkzTCqIEq55jwrUsu-o4um0behkuRGpS294QZgQo4jqrubaOImtNTZLa64rqFpUTViYwRyyRCqmCWKwdFPaJzPnSJKO0pOV14Hq8Mrtyyo5MDEOvuYqOW7cc1zUdyzJqlspSKCQolJ0wfCgxWDGS4Ass3koOgUrAi-R_wsMxJFTlBZRLjMVSadp_C_PgUUdJ22BOAoJ9UFRKnuGSlsAYq65R0fVbU1WGZIMT8ENGxQMYE7o7J_LKlCCZ8fy0lDIVjbs7uqz-epJ38K7ZCh2GXlw57fVeX_WmRyI_NYk77q7m5eB5GblAb-6HAHqLYOPZnSjzZvcrZv4h3HoZaYfDaexHJ0AhvjOeD-T3FqH7ScdGK9Nov89H0O46z8tJ2w2hL5eh15v327Mt73__5dCJACJLMT8BB5AKNZSAcFX38wCO7Tfyv2xMM3WzVtadsu6ODaNRdRo1u6Lr9bl2ol305VNbsgSDJIsXR8OoSIzz7xs_5aD53vHFYBBFMMQAb1PCd19SQsIgAJzRAv4_nQB9n2Mhzv2IyN0N1s2dJEHMx1_8yQKwIFwuz8EQJ0fbX55BQCgGJFZcf6R-VaeGDpFULju7kCVqCwuBOEklYcllEfl2cnWXQLiLLziHC93PQ6EaFNKwEvfnvzzX__1YzgRTriTx3el4-KukSRbh5OsvQYHcXHH-hV0jRYu2g6ZbgXpzVH2qv207jyt9YvQnbzW2FlV9EAU2C5vbB2gu6EO33IKjshmCDZpQsRsNZva87dn38YuJrCxe086HmE7JR7NjxNSbOtx5MjtDv_sAkkHZE7PI6Nb6L894b829d9mN1-XhuG0MX9_n3uPHGuBO9rB_pveuzd6SarhYJGXZsjq9KsbzsbXt2Y_T4B62wo-XJo5GzWFv1Hl_epyZPdJeD1_6A7QdjUG6G7yuUX9eh6Fu2DWtEAoERhzLwpK5a7HauixWdzj8DeUj_mw:1ukhub:A2lrC9T72eIKPgbyW5rbzSkCdaRl7ucsE5Ja13jawzU	2025-09-08 11:38:57.013193+00
vdfy2z9ucrhdglfuzyfdws6dk82pdkxs	.eJxVj0tuhDAQRO_Sa4TsdvvHLrlGFCHjz4BCcIRNNqO5e4CwYdeqelWqfoLzPm9L7d1Wx7jUybs65aX_jnXMoUD38YT_Gzoo2U9uvhLQgKvQcS1JC6sVtShJSqQGftb8O4W47pFHzo857uw2HQ2cM2ktkVVkrEVDxCXB67OBc0C_lbj2J4lw0wbnv-JyGG6eD7m9ZrQnc9mlfbu98X6lblWjK-PeY72SEQOTqKIhFoRRyIJiygzGRsm9YEmJJAahNIWE0WkM2huptQspIbz-AOc8Zgs:1ukhyG:vzk9Bgm5PFNBitpVpN5IhKj4WdACf65MHnnPjKfMq-A	2025-09-08 11:42:44.309691+00
xuyryh0gk6v9w7a7uqmyppznatfdqfhk	.eJxVj8tuhTAMRP_Fa4SS4LzYtb9RVcjkcYlKSUVCN1f33wuUDTtr5szYfgI5l7elDrTVKSw1OaopL8N3qFP2BfqPJ_zP0EPJLtF8JaABqtBzLVEj40y1SqDRtoGfNf8mH9Y98cj5MYcd3dJRwDmT1iJahcZaYRC5RHh9NnDuH7YS1uEkBdy0kdxXWA6D5vmQ2-uK9mQuu7Rvty_er9StaqIy7T3WKRmEZ1KoYJD5zijBvGLKjMYGyV3HoupiN3ZKo48ikBZeOyO1Jh-jgNcflphl0g:1uki3m:F0fdUtGAxET3JrvQ3eoKPgD5acLkxmwhWx65Dj7m1ZI	2025-09-08 11:48:26.673204+00
apxxoohgfvr7ptl2mup5io004mm93y4z	.eJxVj0luhUAMRO_iNUI9uCd2yTWiCJkePiiEjugmm69_9wBhw86qelW2n0De522pPW11jEudPNUpL_13rGMOBbqPJ_zP0EHJfqL5SkADVKHjRqFBxpVs0WhUpoGfNf9OIa574pHzY447uk1HAedMOYfoNFrnhEXkCuH12cC5v99KXPuTFHDTBvJfcTkMmudDbq8r2pO57NK-3b54v1K3qpHKuPc4r1UUgSmho0UWpNWCBc20HayLinvJkpZJDlIbDElEMiIYb5UxFFIS8PoDlcdl0Q:1uki4X:edjfGfsuiUCBe5AViBpihVzDZUFNb6DLn_YRxQzt5zc	2025-09-08 11:49:13.484734+00
v02c91tp8x0uzdm4uw85vcfpnizt6wd0	.eJxVj0tuhDAQRO_Sa4Rs0_6xS64RRajxZ7BCcIRNNqO5e4CwYdeqelWqfgI5l7elDrTVKSw1OaopL8N3qFP2BfqPJ_zf0EPJLtF8JaABqtBzLVEjk1y3hgmLyjTws-bf5MO6Rx45P-aws1s6Gjhn0lpEq9BYKwwilwivzwbOAcNWwjqcpICbNpL7Csth0DwfcnvNaE_mskv7dnvj_UrdqiYq095jnZJBeCaFCgaZ74wSzCumzGhskNx1LKoudmOnNPooAmnhtTNSa_IxCnj9AeT5Zgk:1ukiAP:k3_e9CceJPkXEjV8I4Qca3mlSZHOPD-JGB6zKyAkEoQ	2025-09-08 11:55:17.856057+00
twg0b28ei30l2rm96x8yjesnjioj80bx	.eJxVj8tuhTAMRP_Fa4ScxHmxa3-jqlDI44JKSUVCN1f33wuUDTtr5szYfoLzPm9L7d1Wx7jUybs65aX_jnXMoUD38YT_GToo2U9uvhLQgKvQMS1JE0PElgmFXDXws-bfKcR1TzxyfsxxR7fpKGAMpbVEVpGxlhsiJglenw2c-_utxLU_SQ43bXD-Ky6H4eb5kNvrivZkLru0b7cv3q_UrWp0Zdx7rFcy8oCSq2gIgzCKY1CozGBslMwLTEokMQilKSQeneZBeyO1diElDq8_gFtlug:1ukiIC:mj_BZe5-4nmo0jt9dCwhUEgetmWnLSXB3Vxl7E9I7Hs	2025-09-08 12:03:20.144684+00
0a1mb38u765ctg9vvfphdo7dod5dqoax	.eJxVj0tuhDAQRO_Sa4Tspv1jl1wjipDxZ7BCcIRNNqO5e4CwYdeqelWqfoJ1Lm9LHexWp7DU5GxNeRm-Q52yL9B_POH_hh5KdsnOVwIasBV6rgQpQkmsRcUFCtPAz5p_kw_rHnnk_JjDzm7paOCcCWOIjCRtDGoiLghenw2cA4athHU4SYSbNlr3FZbDsPN8yO01oz2Zyy7t2-2N9yt1q5psmfYe46QI6JlAGTQx32mJzEsm9ahNENx1LMoudmMnFfmIwSr0ymmhlPUxIrz-AN6AZgI:1ukiie:LC6GVS8zIO4Vl3gjnwcwntYXXO53jK3RTS1Whab7eGI	2025-09-08 12:30:40.279456+00
rabvovv9d4ppgceuntd5cp4njw7vyavm	.eJxVj0tuhDAQRO_Sa4Tsxl92yTWiCDX-DFYIjrDJZjR3DxA27FpVr0rVTyDn8rbUgbY6haUmRzXlZfgOdcq-QP_xhP8beijZJZqvBDRAFXqupdCacYYtcisZlw38rPk3-bDukUfOjzns7JaOBs6ZtFYIq4SxFo0QXAp4fTZwDhi2EtbhJBFu2kjuKyyHQfN8yO01oz2Zyy7t2-2N9yt1q5qoTHuPdUoG9EyiCkYw3xmFzCumzGhskNx1LKoudmOntPARA2n02hmpNfkYEV5_0XZl9A:1ukpra:zoE7bCmvK-alBLBR6gq0yOpS1O6uVW3nMdYPtP8N8F8	2025-09-08 20:08:22.231279+00
97vhc63piyfmowkc2p19b32mvvv1jytj	.eJxVj8tuhTAMRP_Fa4SS4LzYtb9RVcjkcYlKSUVCN1f33wuUDTtr5szYfgI5l7elDrTVKSw1OaopL8N3qFP2BfqPJ_zP0EPJLtF8JaABqtBzLVFrhshaZAo1b-Bnzb_Jh3VPPHJ-zGFHt3QUcM6ktYhWobFWGEQuEV6fDZz7h62EdThJATdtJPcVlsOgeT7k9rqiPZnLLu3b7Yv3K3WrmqhMe491SgbhmRQqGGS-M0owr5gyo7FBctexqLrYjZ3S6KMIpIXXzkitycco4PUHjZJlyA:1ukpx2:7A1QINZpALb7EI1twMn5PZNSAtlFsOAV1wqc7O0iz0U	2025-09-08 20:14:00.41459+00
gkdwf7wbt1j1warjv939uh7borrmz1f6	.eJxVj8tuhTAMRP_Fa4TydsKu_Y2qQiaPCyolFQndXN1_L1A27KyZM2P7CeR93pba01bHuNTJU53y0n_HOuZQoPt4wv8MHZTsJ5qvBDRAFTqOWiEyY3jLJTIUDfys-XcKcd0Tj5wfc9zRbToKOGfaOaWcUdY5YZXiWsHrs4Fzf7-VuPYnKeCmDeS_4nIYNM-H3F5XtCdz2aV9u33xfqVuVSOVce9x3ugoAtPCRKtYkNYIFgwzdrAuau4lS0YmOUiDKiQRCUVAbzUihZQEvP4AkHFlyw:1ukq0b:AWPd5NQY2w4fLiH3kataD1-MdloBU5wchi-z3lsYUic	2025-09-08 20:17:41.147862+00
ccf86kubahq4afm771y0e79ajy774gpn	.eJxVj0luhUAMRO_iNUI9uCd2yTWiCJkePiiEjugmm69_9wBhw86qelW2n0De522pPW11jEudPNUpL_13rGMOBbqPJ_zP0EHJfqL5SkADVKHjRqExzCC2DIW0poGfNf9OIa574pHzY447uk1HAedMOYfoNFrnhEXkCuH12cC5v99KXPuTFHDTBvJfcTkMmudDbq8r2pO57NK-3b54v1K3qpHKuPc4r1UUgSmho0UWpNWCBc20HayLinvJkpZJDlIbDElEMiIYb5UxFFIS8PoDlfJl0Q:1ukq1w:U8Y-uZ_mZWHRNSma0uN-q8GyFRYA-XUqQPbgf2HXgeI	2025-09-08 20:19:04.052777+00
vhl1unj1bxxsfyze6j3eykjsugwtk0fa	.eJxVj0tuhDAQRO_Sa4T87bbZJdeIImT8GVAIjrDJZjR3DxA27FpVr0rVT3De522pvdvqGJc6eVenvPTfsY45FOg-nvB_Qwcl-8nNVwIacBU6TloRMUJsJQnOtGngZ82_U4jrHnnk_Jjjzm7T0cB3wFqlLCpjrTBKca3g9dnAOaDfSlz7kxRw0wbnv-JyGG6eD7m9ZrQnc9mlfbu98X6lblWjK-PeYz3qKALTAqNRLEiDggVkaAZjo-ZesoQyyUEiqZBEdCQCeaOJXEhJwOsP42ZmBw:1ukq2I:N6wizdaxe6FMrAASG9doaLcTgqyreua9dwFr7j75t64	2025-09-08 20:19:26.383206+00
ugr3zdfh6iasmt3pp480hflofr5307t9	.eJxVj0tuhDAQRO_Sa4Tspv1jl1wjipDxZ7BCcIRNNqO5e4CwYdeqelWqfoJ1Lm9LHexWp7DU5GxNeRm-Q52yL9B_POH_hh5KdsnOVwIasBV6rgQpxbkwLSODpLGBnzX_Jh_WPfLI-TGHnd3S0cA5E8YQGUnaGNREXBC8Phs4BwxbCetwkgg3bbTuKyyHYef5kNtrRnsyl13at9sb71fqVjXZMu09xkkR0DOBMmhivtMSmZdM6lGbILjrWJRd7MZOKvIRg1XoldNCKetjRHj9AeNNZgc:1ukq8d:zdftcc9rLNtxb4DyKnn94CNfurtopKBy60V8VekHle8	2025-09-08 20:25:59.11314+00
kq1cspri2jill29rhnqpk0qy5fg4iv62	.eJxVj0tuhDAQRO_Sa4T8bdvskmtEEWr8GVAIjrDJZjR3DxA27FpVr0rVTyDv87bUnrY6xqVOnuqUl_471jGHAt3HE_5v6KBkP9F8JaABqtBxo5UxknHXWnTIuGjgZ82_U4jrHnnk_Jjjzm7T0cA5084p5VBZ54RVimsFr88GzgH9VuLan6SAmzaQ_4rLYdA8H3J7zWhP5rJL-3Z74_1K3apGKuPe4zzqKALTAqNVLEiLggVkaAfrouZesoQyyUGiUSGJSEYE4602hkJKAl5_42xmBw:1ukqce:DTDwj4zWo4kaGoSibh7u1hi20hT_jBs92LuW-PKyo5Y	2025-09-08 20:57:00.087+00
15su699735lgras4avtn7rmbgod2qigs	.eJxVjEEOwiAQRe_C2hAcykBduu8ZCDCDVA0kpV0Z765NutDtf-_9l_BhW4vfOi9-JnERIE6_WwzpwXUHdA_11mRqdV3mKHdFHrTLqRE_r4f7d1BCL996TGgYSBlAdoMi7RAUoUIX3cjmnLTKqLOOGu1AGThYIJucsTZQziDeH8Q9N4Y:1ukrae:1vhic8gLfgTv5mqFoFNQ_eCFOBiSj2C41GCvrfMcH94	2025-09-08 21:59:00.696774+00
54h9ns6xgt04aedl48u18j0gbgavid97	.eJxVj0tuhDAQRO_Sa4T8abdtdsk1oggZfwYUgiNsshnN3QOEDbtW1atS9ROc93lbau-2OsalTt7VKS_9d6xjDgW6jyf839BByX5y85WABlyFjmuFWpOVomUoJBpq4GfNv1OI6x555PyY485u09HAOVPWIlpCY60wiFwhvD4bOAf0W4lrf5ICbtrg_FdcDsPN8yG314z2ZC67tG-3N96v1K1qdGXce6wnFUVgSlA0yII0JFggRmYwNiruJUskkxwkaQxJRKdF0N4orV1IScDrD-VFZgk:1ukrdk:Hd8T1MGqpnCjYXUvhjKA755iRY13txKOeZH6_0GdE6Y	2025-09-08 22:02:12.061183+00
4z3wxsdp8x139w39olxqdqmup8s5jgta	eyJvdHAiOiIzNTY4MjAiLCJvdHBfdmFsaWRfdW50aWwiOiIyMDI1LTA4LTA5VDIyOjE1OjA5LjYzNDAwOSswMDowMCIsInBob25lX251bWJlciI6Ijc3MzY1MDA3NjAifQ:1ukrlR:PUh8eYkmFeC-BEkhmX2Tg_tBHNvfNduhCykw51MuGDI	2025-09-08 22:10:09.645708+00
wqf8a2m9bwv6natnzt0jld2yu60mt2e4	.eJxVjEEOwiAQRe_C2hAcykBduu8ZCDCDVA0kpV0Z765NutDtf-_9l_BhW4vfOi9-JnERIE6_WwzpwXUHdA_11mRqdV3mKHdFHrTLqRE_r4f7d1BCL996TGgYSBlAdoMi7RAUoUIX3cjmnLTKqLOOGu1AGThYIJucsTZQziDeH8Q9N4Y:1ukrlf:FrbTcbYuvosSLDe0BgqL53R1hp2VZVfrCyFoNROyunU	2025-09-08 22:10:23.592403+00
fuhssetjpkjv1l6vo34or5843o5v6a99	eyJvdHAiOiIxNjAxODEiLCJvdHBfdmFsaWRfdW50aWwiOiIyMDI1LTA4LTA5VDIyOjE1OjQ0LjU5NDc5MSswMDowMCIsInBob25lX251bWJlciI6Ijc3MzY1MDA3NjAifQ:1ukrm0:rLA82E_5zy_tQfIoNWG1FP4WMXoM6ky98j7qULAyzw8	2025-09-08 22:10:44.598983+00
88q013m12miqlpfg7qka85bcgb5z5kjb	.eJxVjEEOwiAQRe_C2hAcykBduu8ZCDCDVA0kpV0Z765NutDtf-_9l_BhW4vfOi9-JnERIE6_WwzpwXUHdA_11mRqdV3mKHdFHrTLqRE_r4f7d1BCL996TGgYSBlAdoMi7RAUoUIX3cjmnLTKqLOOGu1AGThYIJucsTZQziDeH8Q9N4Y:1ukrm9:XyV55uzJ_48gk3kB38qGcvPCoy56fy1xbz6_2vu3fPo	2025-09-08 22:10:53.683281+00
8ynj6xpuhm33ili44ni9rqn3tm8vuv9u	.eJwVi00KgCAUBu_ytmV8PfMnz9FeioKCUolsE909g9kMwzwUr0SOmK20TPWv_h73bfY5XNv-J7ASsAL9wOwKsmvArVaqAhxQprTGsPiQj2k5y2GM1AowGvR-GjEZ7A:1ukrsc:zHf7dvlZ89B5HZZpy9x6eOWv_dAPjcsnP0xsATTzDL8	2025-09-08 22:17:34.031524+00
ih6jo5tqn7zrbek65uy2vn8sf1mu8dnz	.eJxVjEEOwiAQRe_C2hAcykBduu8ZCDCDVA0kpV0Z765NutDtf-_9l_BhW4vfOi9-JnERIE6_WwzpwXUHdA_11mRqdV3mKHdFHrTLqRE_r4f7d1BCL996TGgYSBlAdoMi7RAUoUIX3cjmnLTKqLOOGu1AGThYIJucsTZQziDeH8Q9N4Y:1ukrsv:cqWVY1tqQwNIBz7TvfDZAjrZ8KNv4UoXFUfXdXq31Sg	2025-09-08 22:17:53.167847+00
uelqds4b6xvmj3pkx6jui0j3l3w5fg1i	.eJwVy0sKgCAURuG93GkP_q5dTdfRXIqCgrIIbRLtPRt-HM5DRzzJkdJorKLyp7-HbZ18CnHdcmKwVOgq2J7ZtXBALcq0wgV-5OlcjjD7kPZxvvJhjNICGA16PxkoGek:1uks9U:2Bhgpxlk9R2BAqKixkAi1cfHQaKedKPUEcISePgKag4	2025-09-08 22:35:00.545989+00
lmk9ifa4iu3vi56wol8kpysb87q28wzy	.eJxVjEEOwiAQRe_C2hAcykBduu8ZCDCDVA0kpV0Z765NutDtf-_9l_BhW4vfOi9-JnERIE6_WwzpwXUHdA_11mRqdV3mKHdFHrTLqRE_r4f7d1BCL996TGgYSBlAdoMi7RAUoUIX3cjmnLTKqLOOGu1AGThYIJucsTZQziDeH8Q9N4Y:1uks9u:8c5LUQtjv305EX9ia2iRW8g9gDOQ7mhbGrbpg8x-YGk	2025-09-08 22:35:26.916386+00
ts7k231i0qkivdbbin3ouf884mqdojha	eyJvdHAiOiIzMjQwODEiLCJvdHBfdmFsaWRfdW50aWwiOiIyMDI1LTA4LTA5VDIyOjQ3OjI5LjkzMTc0NiswMDowMCIsInBob25lX251bWJlciI6Ijc3MzY1MDA3NjAifQ:1uksGj:Q506Rq-W9fwbb4XoieFBA7BU22Ba7ThFU1Gzqf1EShc	2025-09-08 22:42:29.935853+00
mhkbyli5ec3pt2mhcqw9gghxava6x5h0	.eJxVjEEOwiAQRe_C2hAcykBduu8ZCDCDVA0kpV0Z765NutDtf-_9l_BhW4vfOi9-JnERIE6_WwzpwXUHdA_11mRqdV3mKHdFHrTLqRE_r4f7d1BCL996TGgYSBlAdoMi7RAUoUIX3cjmnLTKqLOOGu1AGThYIJucsTZQziDeH8Q9N4Y:1uksH9:pDr9QmPoB9ZqXzkmFRXu7SOlDnt_fFXY_NkmahIRD_c	2025-09-08 22:42:55.262087+00
d138cccuia25hi8g5rerim1suahus946	.eJxVj0tuhDAQRO_Sa4Rs0_6xS64RRajxZ7BCcIRNNqO5e4CwYdeqelWqfgI5l7elDrTVKSw1OaopL8N3qFP2BfqPJ_zf0EPJLtF8JaABqtBzLVEbxrVtpbYcpW7gZ82_yYd1jzxyfsxhZ7d0NHDOpLWIVqGxVhhELhFenw2cA4athHU4SQE3bST3FZbDoHk-5Paa0Z7MZZf27fbG-5W6VU1Upr3HOiWD8EwKFQwy3xklmFdMmdHYILnrWFRd7MZOafRRBNLCa2ek1uRjFPD6A-2VZhI:1uksU7:hRq6JQXmucCOn7il8LU_QORMX_i0lIKGGKGevJ6Lc4Q	2025-09-08 22:56:19.746924+00
an4vtvgahxvissa4w2lkubzny9towei5	.eJxVj0luhTAQRO_Sa4Q8dHtgl1wjipDx8EEhOMImm69_9wBhw65V9apU_QTnfd6W2rutjnGpk3d1ykv_HeuYQ4Hu4wn_N3RQsp_cfCWgAVeh45pQG0PIWlTEuKQGftb8O4W47pFHzo857uw2HQ2cM7IW0So01gqDyAnh9dnAOaDfSlz7kxRw0wbnv-JyGG6eD7m9ZrQnc9mlfbu98X6lblWjK-PeY72iKAIjoaJBFqRRggXFlBmMjcS9ZEnJJAepNIYkotMiaG9IaxdSEvD6A-DAZgQ:1ukuey:vJga2ymSlKHJvOrqlx0Ib3bbuYBz-ISAN7zbYXZJ57o	2025-09-09 01:15:40.524695+00
5u68ypxqj3z00uf4mlrb6l2xz3j4qx8p	.eJxVj0tuhDAQRO_Sa4RsY7dtdsk1ogg1_gxWCI6wyWY0dw8QNuxaVa9K1U8g5_K21IG2OoWlJkc15WX4DnXKvkD_8YT_G3oo2SWarwQ0QBV6rpXUxiDXrVZoJccGftb8m3xY98gj58ccdnZLRwPnTFkrpUVprBVGSq4kvD4bOAcMWwnrcJICbtpI7issh0HzfMjtNaM9mcsu7dvtjfcrdauaqEx7j3WogvBMCQxGMt8ZFMwjQzMaGxR3HYvYxW7sUEsfRSAtvHZGaU0-RgGvP_J1Zhc:1ukugD:OVxqAXWVOls3c_LDEwg-hFa8dcWEZCH5o1kVqI9Tw7I	2025-09-09 01:16:57.76664+00
8bgauxrrl09iuw2mcvljlhw7ny9p3bj4	.eJxVj0luhTAQRO_Sa4Q8tCd2yTWiCBkPHysER9hk8_XvHkPYsOpW16tS9ROsc3lf62j3Ooe1Jmdryuv4HeqcfYHh4wn_OwxQskt2uRzQga0wUCVQaYMcey7aRNXBz5Z_kw9bszxyfiyhsXs6EiglwjTISNTGMI1IBcLrs4OzwLiXsI0nyeB2m6z7Cush2GU5zv1Voz-ZSy792-2N98t1i5ptmVuOcVIE5olgMmgknmvJiJdE6kmbIKjjJEoe-cSlQh9ZsIp55bRQyvoYGbz-APJZZhc:1ukutO:5twWgjO4LUIj6nsFBDeVkveOrYdjSjMlcUtoBiTQuZc	2025-09-09 01:30:34.381487+00
tzkzt4qgropbpxlk84x0pvivuz27o4x4	.eJxVj0luhDAQRe9Sa4Q8lCd2yTWiCBkPjRWCI2yyafXdYwgbdqU_6dUTrHN5X-to9zqHtSZna8rr-B3qnH2B4eMJ_zcMULJLdrka0IGtMFAlUBnKkfSSEcEMdvCz5d_kw9Yqj5wfS2jZPR0LlBJhDKKRqI1hGpEKhNdnByfAuJewjWeSwU2brPsK62HYZTnk_sLoz8xll_7t9sb71bpNzbbMbcc4KQLzDVkGjcRz3fi9JFJP2gRBHSdR8sgnLhX6yIJVzCunhVLWx8jg9QfcvmYA:1ukvO8:-CPNQP3I1xqrpBU4xfg-7de7KIDNYrdfqlXyoxYpXSE	2025-09-09 02:02:20.631198+00
fys1wu59jiorb58qgv3r7o7phk6el683	.eJxVj0tuhDAQRO_Sa4T8_7BLrhFFqLHbAwrBETbZjObuAcKGXavqVan6CRhC3pba41ZHWuoUsE556b-pjjkW6D6e8H9DByWHCecrAQ1ghY5brZzk3MhWMOmt0w38rPl3irTukUfOj5l2dpuOBs6Z9l4pb5TzXjiluFbw-mzgHNBvhdb-JAXctAHDFy2HgfN8yO01oz2Zyy7t2-2N9yt1qxqxjHuPD0aTiEwLQ06xKJ0RLBpm3OA8aR4kS0YmOUhjVUyC0Ipog9PWYkxJwOsP4EBmBA:1ul5kR:zWWdiFZWm6r0o4ZAuTet5l_tvRSWtI2ROaTq0FvfrcQ	2025-09-09 13:06:03.213141+00
17b8udly7qj2c68bh39lmmbq6eneyqvs	.eJxVj01uhTAMhO_iNUL5dRJ27TWqCoXEeaBSUpHQzdO7e4GyYWfNfDO2n-BDyNtSe7_VkZY6BV-nvPTfVMccC3QfT_ifoYOSw-TnKwEN-AodN1pZyQV3rZVMIjbws-bfKdK6Jx45P2ba0W06Cjhn2jmlHCrrnLBKca3g9dnAub_fCq39SQq4aYMPX7Qchp_nQ26vK9qTuezSvt2-eL9St6rRl3HvcQE1ici0QLKKRWlRsIgM7WAdaR4kSyiTHCQaFZMgb0Q0wWpjfExJwOsPkxhlzg:1ul5lL:GBXZapsBFCbSpOw9HTPGaDNcxYOXQ17SXYkcFuaCcts	2025-09-09 13:06:59.838585+00
kma1cj75ggjyirply3lolvy4iuw33z7j	.eJxVjEEOwiAQRe_C2hAcykBduu8ZCDCDVA0kpV0Z765NutDtf-_9l_BhW4vfOi9-JnERIE6_WwzpwXUHdA_11mRqdV3mKHdFHrTLqRE_r4f7d1BCL996TGgYSBlAdoMi7RAUoUIX3cjmnLTKqLOOGu1AGThYIJucsTZQziDeH8Q9N4Y:1ul66o:E1KyJwPJFEGhic7GJXmr7Hva7o1lkRwli16HUcI8BMA	2025-09-09 13:29:10.862142+00
rjdwsoo3htdm4wge737ebx7a0knkurcz	.eJxVj0tuhDAQRO_Sa4Ts9p9dco0oQo0_AwrBETbZjObuAcKGXavqVan6CeR93pba01bHuNTJU53y0n_HOuZQoPt4wv8NHZTsJ5qvBDRAFTpulLQClWMtokPOdQM_a_6dQlz3yCPnxxx3dpuOBs6Zck5Kp6V1Dq2UXEl4fTZwDui3Etf-JBFu2kD-Ky6HQfN8yO01oz2Zyy7t2-2N9yt1qxqpjHuP81pFDEyhjlayIKxGFjTTdrAuKu4FS1okMQhtZEgYyWAw3ipjKKSE8PoD2vRl_g:1ul67S:SpCpfJR0kpa6ZoDbSIfAMH2UeSwOshSIIkkK6P8yNRY	2025-09-09 13:29:50.237097+00
aqvj1a69hk286xyd3hzzmjjpcszwuyp6	.eJxVjMEOgjAQRP-lZ0Pqlm6LN_kRsuxuA5GURNqT8d8Fw0GP82bmvcxAtUxD3fQ5zGJuBszll43ED81HQcty4IaY15pL892c9dbc96S5zExlXnN_vv5UE23T7ukYvYJYD6ixteIighW0GMfYqb-yswldcqPD0EoCpQASOPoQSFIC8_4AnEM7-g:1ulAmD:tlAS4h-pP09BsCU6y7robu5FuoV-5JaACtWosofyNvU	2025-09-09 18:28:13.601367+00
y904kkpcmfg0rw4xjvq1o72gynj6i24u	.eJxVjMEOgjAQRP-lZ0Pqlm6LN_kRsuxuA5GURNqT8d8Fw0GP82bmvcxAtUxD3fQ5zGJuBszll43ED81HQcty4IaY15pL892c9dbc96S5zExlXnN_vv5UE23T7ukYvYJYD6ixteIighW0GMfYqb-yswldcqPD0EoCpQASOPoQSFIC8_4AnEM7-g:1ulAnE:DETQLZv__hl_oHKt5KZ2I9qjK7S6JQvRKwt-Qpm3eFw	2025-09-09 18:29:16.431362+00
zqwl197usxril4arraq2e6e0g1ct1n0g	.eJxVjMEOgjAQRP-lZ0Pqlm6LN_kRsuxuA5GURNqT8d8Fw0GP82bmvcxAtUxD3fQ5zGJuBszll43ED81HQcty4IaY15pL892c9dbc96S5zExlXnN_vv5UE23T7ukYvYJYD6ixteIighW0GMfYqb-yswldcqPD0EoCpQASOPoQSFIC8_4AnEM7-g:1ulApC:VfyOlG7WBYZ8R0OHiRADVyGxFOBaY88Y-1c3YSgPv2g	2025-09-09 18:31:18.934162+00
mf9kxmn3a22hv5i2cqud4zuoefqt96ov	.eJxVjMEOgjAQRP-lZ0Pqlm6LN_kRsuxuA5GURNqT8d8Fw0GP82bmvcxAtUxD3fQ5zGJuBszll43ED81HQcty4IaY15pL892c9dbc96S5zExlXnN_vv5UE23T7ukYvYJYD6ixteIighW0GMfYqb-yswldcqPD0EoCpQASOPoQSFIC8_4AnEM7-g:1ulAsa:FHYBqIBPgNpJis7fYBxApr5K3SihZTcLSmBC7muWVp4	2025-09-09 18:34:48.59672+00
cy9fpxej62xc7qbt36jcu9rz80jlimy5	.eJxVjMEOgjAQRP-lZ0Pqlm6LN_kRsuxuA5GURNqT8d8Fw0GP82bmvcxAtUxD3fQ5zGJuBszll43ED81HQcty4IaY15pL892c9dbc96S5zExlXnN_vv5UE23T7ukYvYJYD6ixteIighW0GMfYqb-yswldcqPD0EoCpQASOPoQSFIC8_4AnEM7-g:1ulAtF:q6P_8leMzClyFOySVBQadaV-Bz55qbZIVyvidBek1B4	2025-09-09 18:35:29.036937+00
klkf2warvs8188e9n5kr3k26min6upmw	.eJxVjMEOgjAQRP-lZ0Pqlm6LN_kRsuxuA5GURNqT8d8Fw0GP82bmvcxAtUxD3fQ5zGJuBszll43ED81HQcty4IaY15pL892c9dbc96S5zExlXnN_vv5UE23T7ukYvYJYD6ixteIighW0GMfYqb-yswldcqPD0EoCpQASOPoQSFIC8_4AnEM7-g:1ulAw6:JNl3wW7YWJRiQv86RPw4oaZfgWigE5yeKvRYAkBMA5w	2025-09-09 18:38:26.010954+00
hgh3eh04h0zja0pnsak4fbj3zxr2wigr	.eJxVjEEOwiAQRe_C2hAcykBduu8ZCDCDVA0kpV0Z765NutDtf-_9l_BhW4vfOi9-JnERIE6_WwzpwXUHdA_11mRqdV3mKHdFHrTLqRE_r4f7d1BCL996TGgYSBlAdoMi7RAUoUIX3cjmnLTKqLOOGu1AGThYIJucsTZQziDeH8Q9N4Y:1ulAzk:5A_des4RIbP0XPG8Cb2bRZX8hMG0ryKGx8u1ohtBXxQ	2025-09-09 18:42:12.215859+00
h3jc6poc45bmj67pu7wh1fsvrdn6hoz2	.eJxVjEEOwiAQRe_C2hAcykBduu8ZCDCDVA0kpV0Z765NutDtf-_9l_BhW4vfOi9-JnERIE6_WwzpwXUHdA_11mRqdV3mKHdFHrTLqRE_r4f7d1BCL996TGgYSBlAdoMi7RAUoUIX3cjmnLTKqLOOGu1AGThYIJucsTZQziDeH8Q9N4Y:1ulB3u:0myKhaBMci0HI0K6RYUZJJV7_7oXNIQUwmPpg0BWHyM	2025-09-09 18:46:30.52884+00
pgj44pd65fpn2hrnqx872y2orfj0o5xk	.eJxVjEEOwiAQRe_C2hAcykBduu8ZCDCDVA0kpV0Z765NutDtf-_9l_BhW4vfOi9-JnERIE6_WwzpwXUHdA_11mRqdV3mKHdFHrTLqRE_r4f7d1BCL996TGgYSBlAdoMi7RAUoUIX3cjmnLTKqLOOGu1AGThYIJucsTZQziDeH8Q9N4Y:1ulBAM:_AIVK2yMZkM62xJurwmiEGwBw-CPGJPxGnPc0mAPe30	2025-09-09 18:53:10.114546+00
crrngu29kg4vmqc7c7k7z3kk5ds3ghoz	.eJxVjMEOgjAQRP-lZ0Pqlm6LN_kRsuxuA5GURNqT8d8Fw0GP82bmvcxAtUxD3fQ5zGJuBszll43ED81HQcty4IaY15pL892c9dbc96S5zExlXnN_vv5UE23T7ukYvYJYD6ixteIighW0GMfYqb-yswldcqPD0EoCpQASOPoQSFIC8_4AnEM7-g:1ulBGr:IAURJjWjJbSnp9UM0x4FTldn5wMsf0dqpH_RvXaHQdM	2025-09-09 18:59:53.815726+00
1x4onih6qu8nubctpxxyrfiomyzi29r5	.eJxVjEEOwiAQRe_C2hAcykBduu8ZCDCDVA0kpV0Z765NutDtf-_9l_BhW4vfOi9-JnERIE6_WwzpwXUHdA_11mRqdV3mKHdFHrTLqRE_r4f7d1BCL996TGgYSBlAdoMi7RAUoUIX3cjmnLTKqLOOGu1AGThYIJucsTZQziDeH8Q9N4Y:1ulCYm:cJhwTXRpQQ3L23w-ywgJR2vbXJyRcFsK5G_uXo3xI-8	2025-09-09 20:22:28.044982+00
e871p5jji03utrryi7uf2g4ujlli780x	.eJxVjMEOgjAQRP-lZ0Pqlm6LN_kRsuxuA5GURNqT8d8Fw0GP82bmvcxAtUxD3fQ5zGJuBszll43ED81HQcty4IaY15pL892c9dbc96S5zExlXnN_vv5UE23T7ukYvYJYD6ixteIighW0GMfYqb-yswldcqPD0EoCpQASOPoQSFIC8_4AnEM7-g:1ulCYu:PI9a5DahGVj06VV_-YzG0-2nf8PQrHfThP2ZL1ODBww	2025-09-09 20:22:36.938657+00
g1u2m4r1pkldqa8ayw8sem6t8bsj3x8y	.eJxVjMEOgjAQRP-lZ0Pqlm6LN_kRsuxuA5GURNqT8d8Fw0GP82bmvcxAtUxD3fQ5zGJuBszll43ED81HQcty4IaY15pL892c9dbc96S5zExlXnN_vv5UE23T7ukYvYJYD6ixteIighW0GMfYqb-yswldcqPD0EoCpQASOPoQSFIC8_4AnEM7-g:1ulCaI:_U1wlwL7hddYFfoKWOa1cSJBPdHaftmR2bCIM5Rywio	2025-09-09 20:24:02.003849+00
fwcch0f9ilfr4xu7qj3wq3zyuaovw24h	.eJxVjMEOgjAQRP-lZ0Pqlm6LN_kRsuxuA5GURNqT8d8Fw0GP82bmvcxAtUxD3fQ5zGJuBszll43ED81HQcty4IaY15pL892c9dbc96S5zExlXnN_vv5UE23T7ukYvYJYD6ixteIighW0GMfYqb-yswldcqPD0EoCpQASOPoQSFIC8_4AnEM7-g:1umFUt:sIsuvY8PzVcGp_3bTC77GqlGQkth1oxR2bz2oHJX3f8	2025-09-12 17:42:47.724008+00
56fefw5e3eq1nop7pv1vvli9rabi2n5z	.eJxVjMEOgjAQRP-lZ0Pqlm6LN_kRsuxuA5GURNqT8d8Fw0GP82bmvcxAtUxD3fQ5zGJuBszll43ED81HQcty4IaY15pL892c9dbc96S5zExlXnN_vv5UE23T7ukYvYJYD6ixteIighW0GMfYqb-yswldcqPD0EoCpQASOPoQSFIC8_4AnEM7-g:1umFzQ:LFAGJgc9feRkueTqZ20VrVQ6Ry71k38UQS1hdjZgfeM	2025-09-12 18:14:20.240855+00
o2vrxe7kln1xtod0vjaw5uzkh3g36908	.eJxVjMEOgjAQRP-lZ0Pqlm6LN_kRsuxuA5GURNqT8d8Fw0GP82bmvcxAtUxD3fQ5zGJuBszll43ED81HQcty4IaY15pL892c9dbc96S5zExlXnN_vv5UE23T7ukYvYJYD6ixteIighW0GMfYqb-yswldcqPD0EoCpQASOPoQSFIC8_4AnEM7-g:1umGER:OneHnYLMfGAho0uFEVJzDN3eBIUTjUw31fUmCRndCtc	2025-09-12 18:29:51.867045+00
6v6tuu4zl5stlfm2r63px9l8d1cwn3eb	.eJxVjMEOgjAQRP-lZ0Pqlm6LN_kRsuxuA5GURNqT8d8Fw0GP82bmvcxAtUxD3fQ5zGJuBszll43ED81HQcty4IaY15pL892c9dbc96S5zExlXnN_vv5UE23T7ukYvYJYD6ixteIighW0GMfYqb-yswldcqPD0EoCpQASOPoQSFIC8_4AnEM7-g:1umJ5V:pjoQivj0ZPNPsUfHYhP8qkeNFAeuSUrIk5eoHwrwbNM	2025-09-12 21:32:49.409385+00
hwtmkotjp5x8n4gfukn5ijipyquo9es8	.eJxVjMEOgjAQRP-lZ0Pqlm6LN_kRsuxuA5GURNqT8d8Fw0GP82bmvcxAtUxD3fQ5zGJuBszll43ED81HQcty4IaY15pL892c9dbc96S5zExlXnN_vv5UE23T7ukYvYJYD6ixteIighW0GMfYqb-yswldcqPD0EoCpQASOPoQSFIC8_4AnEM7-g:1umf8R:ltBfcIqSACGy7hiqZhgK5vIFpLDmg5bQOAsKRRt9BVc	2025-09-13 21:05:19.234847+00
gxsel81kv8xtc82ywscetud0bg5h0n8f	.eJxVjkEOwiAURO_C2hCE8qFduvcMBPgfixowpU00xrtrTRe6nfdmMk_m_DKPbmk0uYxsYJLtfrPg44XKCvDsy6nyWMs85cBXhW-08WNFuh42929g9G38tPsImiQKLYFsJ1BZkAJBgA22J72PSiRQSQUFpsMkyRuJJlptjMeUvq8atZZrcXS_5enBBvF6A2ULPsM:1umpZR:kBKe-EzYoxTs9U7tY34Jg3dG8NB0TV_AakunC9eTvdQ	2025-09-14 08:13:53.662937+00
u2asa868vrqeywq633us61t8pyubz9g6	.eJxVjMEOgjAQRP-lZ0Pqlm6LN_kRsuxuA5GURNqT8d8Fw0GP82bmvcxAtUxD3fQ5zGJuBszll43ED81HQcty4IaY15pL892c9dbc96S5zExlXnN_vv5UE23T7ukYvYJYD6ixteIighW0GMfYqb-yswldcqPD0EoCpQASOPoQSFIC8_4AnEM7-g:1umrlZ:aGJ5CLFIO2a4EZ1iS5NMi4RT6zWd3SHFM2h2d1aNHNg	2025-09-14 10:34:33.669975+00
y94qkkq9opkr0tb0bc7sp8g1xkcvn68p	.eJxVjMEOgjAQRP-lZ0Pqlm6LN_kRsuxuA5GURNqT8d8Fw0GP82bmvcxAtUxD3fQ5zGJuBszll43ED81HQcty4IaY15pL892c9dbc96S5zExlXnN_vv5UE23T7ukYvYJYD6ixteIighW0GMfYqb-yswldcqPD0EoCpQASOPoQSFIC8_4AnEM7-g:1umrut:Rinau6s-tRCxjuQXqVyVE_MVzwj6pKqpU9N_PKSCpwc	2025-09-14 10:44:11.956246+00
8jluml9h2bio3bqryb5w03128h003fnb	.eJxVjEEOwiAURO_C2jTIL1Dc2YuQ4QNpY0MTCyvj3W1NF7qcNzPvJTxanXzb0tPPUdzEVYrLLwzgRypHg2U5cAfmtZXafTdnvXX3PaVSZ0ad1zKerz_VhG3aPUOkzIocCFZrisYZnS0CVE6JgnRSDUH35Ix1kIojgTNcb6KM4IHE-wPldjzY:1ums2O:4wWEvmfZlkvzPxv_rW3K7U87Gf5NbBfdHzmnqhC-4tg	2025-09-14 10:51:56.259889+00
h614nbwd389nigq2c6kmi5rp07fp0vgh	.eJxVjkEOwiAURO_C2hCE8qFduvcMBPgfixowpU00xrtrTRe6nfdmMk_m_DKPbmk0uYxsYJLtfrPg44XKCvDsy6nyWMs85cBXhW-08WNFuh42929g9G38tPsImiQKLYFsJ1BZkAJBgA22J72PSiRQSQUFpsMkyRuJJlptjMeUvq8atZZrcXS_5enBBvF6A2ULPsM:1unCBj:D5y_UcwAqoEPYD8Sph6umy4sdfN70D9g3Hjc3gKp71c	2025-09-15 08:22:55.508609+00
q2vwl36p9136abiw9lhp4r5z8n34osqd	.eJxVjEEOwiAURO_C2jTIL1Dc2YuQ4QNpY0MTCyvj3W1NF7qcNzPvJTxanXzb0tPPUdzEVYrLLwzgRypHg2U5cAfmtZXafTdnvXX3PaVSZ0ad1zKerz_VhG3aPUOkzIocCFZrisYZnS0CVE6JgnRSDUH35Ix1kIojgTNcb6KM4IHE-wPldjzY:1unOVh:DheBqoqYamFQZjdTWd6NTPJ67MDr8uiJFB5x4nVzXUs	2025-09-15 21:32:21.993659+00
q4rywef4ykpllxl4nccn1y97xo4varph	.eJxVjEEOwiAURO_C2jTIL1Dc2YuQ4QNpY0MTCyvj3W1NF7qcNzPvJTxanXzb0tPPUdzEVYrLLwzgRypHg2U5cAfmtZXafTdnvXX3PaVSZ0ad1zKerz_VhG3aPUOkzIocCFZrisYZnS0CVE6JgnRSDUH35Ix1kIojgTNcb6KM4IHE-wPldjzY:1upPPt:7TD4YnF1Jkr6Ch0SqZLsjGzwW1CsffxMuPAjxm_ohDA	2025-09-21 10:54:41.83022+00
vflc62kqymi7w5663v0woc9xbiu76wi4	.eJxVjkEOwiAURO_C2hCE8qFduvcMBPgfixowpU00xrtrTRe6nfdmMk_m_DKPbmk0uYxsYJLtfrPg44XKCvDsy6nyWMs85cBXhW-08WNFuh42929g9G38tPsImiQKLYFsJ1BZkAJBgA22J72PSiRQSQUFpsMkyRuJJlptjMeUvq8atZZrcXS_5enBBvF6A2ULPsM:1upYz2:HGoYaDaFnM6AKkVgmszb_e0sw3zEsk104c7FmwP9xhw	2025-09-21 21:07:36.277381+00
\.


--
-- Data for Name: django_site; Type: TABLE DATA; Schema: public; Owner: -
--

COPY public.django_site (id, domain, name) FROM stdin;
1	example.com	example.com
\.


--
-- Data for Name: enquiry_enquiry; Type: TABLE DATA; Schema: public; Owner: -
--

COPY public.enquiry_enquiry (enquiry_id, customer_name, customer_number, service, message, date_created, status) FROM stdin;
\.


--
-- Data for Name: google_sso_user; Type: TABLE DATA; Schema: public; Owner: -
--

COPY public.google_sso_user (id, google_id, locale, user_id, picture_url) FROM stdin;
\.


--
-- Data for Name: health_bodymeasurement; Type: TABLE DATA; Schema: public; Owner: -
--

COPY public.health_bodymeasurement (id, date, week_of_year, year, week_index_since_join, weight_kg, height_cm, bmi, gym_id, user_id) FROM stdin;
1	2025-08-17	33	2025	3	71.0	170.0	24.2	2	10
2	2025-08-22	34	2025	4	55.0	170.0	23.9	2	10
\.


--
-- Data for Name: notifications_notificationconfig; Type: TABLE DATA; Schema: public; Owner: -
--

COPY public.notifications_notificationconfig (id, days_before_expiry, message_template, gym_id) FROM stdin;
1	18	Eum tenetur odio fug	2
2	3	Dear {name}, your subscription expires on {expiry}. Please renew.	1
\.


--
-- Data for Name: notifications_notificationlog; Type: TABLE DATA; Schema: public; Owner: -
--

COPY public.notifications_notificationlog (id, phone_number, sent_at, success, error_message, message_body, user_id, gym_id) FROM stdin;
\.


--
-- Data for Name: orders_cart; Type: TABLE DATA; Schema: public; Owner: -
--

COPY public.orders_cart (id, created_at, updated_at, customer_id, gym_id) FROM stdin;
\.


--
-- Data for Name: orders_cartitem; Type: TABLE DATA; Schema: public; Owner: -
--

COPY public.orders_cartitem (id, quantity, price_at_addition, cart_id, product_id, gym_id) FROM stdin;
\.


--
-- Data for Name: orders_order; Type: TABLE DATA; Schema: public; Owner: -
--

COPY public.orders_order (id, order_number, status, shipping_address, billing_address, subtotal, tax, shipping_cost, discount, total, notes, created_at, updated_at, customer_id, payment_status, gym_id) FROM stdin;
\.


--
-- Data for Name: orders_orderitem; Type: TABLE DATA; Schema: public; Owner: -
--

COPY public.orders_orderitem (id, product_name, quantity, price, tax_rate, order_id, product_id, product_sku, gym_id) FROM stdin;
\.


--
-- Data for Name: orders_subscriptionorder; Type: TABLE DATA; Schema: public; Owner: -
--

COPY public.orders_subscriptionorder (id, order_number, status, payment_status, payment_gateway, start_date, end_date, total, gst_percent, gst_amount, is_recurring, auto_renew, created_at, updated_at, customer_id, package_id, invoice_number, gym_id) FROM stdin;
3	SUB-ORD-DEV-TEST20250729-0001	pending	completed	cashfree	2025-07-29	2026-01-25	10000	18	0	f	f	2025-07-29 16:55:41.925492+00	2025-07-29 19:03:33.655273+00	\N	4	INV-SUB-ORD-DEV-TEST20250729-0001	1
4	SUB-ORD-DEV-TEST20250729-0002	completed	completed	cashfree	2025-07-29	2026-01-25	10000	18	0	f	f	2025-07-29 16:56:33.342352+00	2025-07-29 18:56:17.859229+00	\N	4	INV-SUB-ORD-DEV-TEST20250729-0002	1
6	SUB-ORD-DEV-TEST20250729-0004	completed	completed	cashfree	2025-07-29	2026-01-25	10000	18	0	f	f	2025-07-29 16:57:24.776187+00	2025-07-29 19:00:53.65594+00	\N	4	INV-SUB-ORD-DEV-TEST20250729-0004	1
5	SUB-ORD-DEV-TEST20250729-0003	completed	completed	cashfree	2025-07-29	2026-01-25	10000	18	0	f	f	2025-07-29 16:57:03.431944+00	2025-07-29 19:02:13.642154+00	\N	4	INV-SUB-ORD-DEV-TEST20250729-0003	1
8	SUB-ORD-DEV-TEST20250729-0005	completed	completed	cashfree	2025-07-29	2025-08-28	1500	18	0	f	f	2025-07-29 17:07:03.805977+00	2025-07-29 18:55:06.903859+00	\N	2	INV-SUB-ORD-DEV-TEST20250729-0005	1
9	SUB-ORD-DEV-TEST20250822-0001	active	completed	cashfree	2025-08-22	2025-09-21	1500	18	0	f	f	2025-08-22 21:51:05.80049+00	2025-08-22 21:51:05.800519+00	10	2	\N	1
\.


--
-- Data for Name: orders_temporder; Type: TABLE DATA; Schema: public; Owner: -
--

COPY public.orders_temporder (id, quantity, "timestamp", price, total_price, product_id, user_id, processed, gym_id) FROM stdin;
\.


--
-- Data for Name: payments_payment; Type: TABLE DATA; Schema: public; Owner: -
--

COPY public.payments_payment (id, object_id, payment_method, amount, status, transaction_id, gateway_response, created_at, updated_at, content_type_id, customer_id, gym_id) FROM stdin;
4	5	cashfree	10000	pending		\N	2025-07-29 16:57:03.446861+00	2025-07-29 16:57:03.446877+00	45	\N	1
5	6	cashfree	10000	pending	SUB-ORD-DEV-TEST20250729-0004	{"entity": "link", "link_id": "SUB-ORD-DEV-TEST20250729-0004", "link_url": "https://payments-test.cashfree.com/links/l8uflu8tij70", "link_meta": {"notify_url": "http://127.0.0.1:8000/payment/cashfree/webhook/", "return_url": "http://127.0.0.1:8000/payment/cashfree/return/?order_id=SUB-ORD-DEV-TEST20250729-0004", "upi_intent": "false", "payment_methods": ""}, "cf_link_id": 6560814, "link_notes": {}, "link_amount": 10000, "link_notify": {"send_sms": true, "send_email": true}, "link_status": "ACTIVE", "link_purpose": "Payment for SubscriptionOrder #SUB-ORD-DEV-TEST20250729-0004", "order_splits": [], "link_currency": "INR", "thank_you_msg": "", "enable_invoice": false, "link_created_at": "2025-07-29T22:27:25+05:30", "customer_details": {"country_code": "+91", "customer_name": "Yogharaj Kumar", "customer_email": "fedubypyg@example.com", "customer_phone": "2313717848"}, "link_amount_paid": 0, "link_expiry_time": "2025-08-28T22:27:25+05:30", "link_auto_reminders": false, "terms_and_conditions": "", "link_partial_payments": false, "link_minimum_partial_amount": null}	2025-07-29 16:57:24.793778+00	2025-07-29 16:57:25.274906+00	45	\N	1
6	8	cashfree	1500	pending	SUB-ORD-DEV-TEST20250729-0005	{"entity": "link", "link_id": "SUB-ORD-DEV-TEST20250729-0005", "link_url": "https://payments-test.cashfree.com/links/K8ufn1karvlg", "link_meta": {"notify_url": "http://127.0.0.1:8000/payment/cashfree/webhook/", "return_url": "http://127.0.0.1:8000/payment/cashfree/return/?order_id=SUB-ORD-DEV-TEST20250729-0005", "upi_intent": "false", "payment_methods": ""}, "cf_link_id": 6560819, "link_notes": {}, "link_amount": 1500, "link_notify": {"send_sms": true, "send_email": true}, "link_status": "ACTIVE", "link_purpose": "Payment for SubscriptionOrder #SUB-ORD-DEV-TEST20250729-0005", "order_splits": [], "link_currency": "INR", "thank_you_msg": "", "enable_invoice": false, "link_created_at": "2025-07-29T22:37:04+05:30", "customer_details": {"country_code": "+91", "customer_name": "Vasanth Sweety", "customer_email": "tybil@example.com", "customer_phone": "2991944686"}, "link_amount_paid": 0, "link_expiry_time": "2025-08-28T22:37:04+05:30", "link_auto_reminders": false, "terms_and_conditions": "", "link_partial_payments": false, "link_minimum_partial_amount": null}	2025-07-29 17:07:03.81755+00	2025-07-29 17:07:04.559529+00	45	\N	1
7	9	cashfree	1500	completed	SUB-ORD-DEV-TEST20250822-0001	{"payment_time": "2025-08-23T03:21:19.385590", "cashfree_order_id": "SUB-ORD-DEV-TEST20250822-0001"}	2025-08-22 21:51:05.807188+00	2025-08-22 21:51:05.807206+00	45	10	1
\.


--
-- Data for Name: payments_paymentapilog; Type: TABLE DATA; Schema: public; Owner: -
--

COPY public.payments_paymentapilog (id, action, request_url, request_payload, response_status, response_body, error_message, created_at, order_id, link_id, content_type_id, object_id, gym_id) FROM stdin;
5	INITIATE	https://sandbox.cashfree.com/pg/orders	{"order_id": "CF_ORD-20250511-0009", "order_amount": 83986.0, "order_currency": "INR", "customer_details": {"customer_id": "EMP00002", "customer_phone": "7736500760", "customer_email": "satheeshappz@gmail.com"}, "order_note": "Payment for Order #ORD-20250511-0009", "return_url": "http://127.0.0.1:8000/payment/cashfree/return/?order_id=CF_ORD-20250511-0009", "notify_url": "http://127.0.0.1:8000/payment/cashfree/webhook/"}	200	{"cf_order_id": 2192861819, "created_at": "2025-05-11T18:26:43+05:30", "customer_details": {"customer_id": "EMP00002", "customer_name": null, "customer_email": "satheeshappz@gmail.com", "customer_phone": "7736500760", "customer_uid": null}, "entity": "order", "order_amount": 83986.0, "order_currency": "INR", "order_expiry_time": "2025-06-10T18:26:43+05:30", "order_id": "CF_ORD-20250511-0009", "order_meta": {"return_url": null, "notify_url": null, "payment_methods": null}, "order_note": "Payment for Order #ORD-20250511-0009", "order_splits": [], "order_status": "ACTIVE", "order_tags": null, "payment_session_id": "session_iP1FDFkjN8i2phmH1vWu_W9d0UO-QxASGtWIAZ6fpMO_44kqzWgOFoZGDQFoF6yTxWW2lEgzb3sb9AyPGUbOXpHN9Qpy5ORGT2fioTN6c3hyy9mjxIo2VTzLzna4zQpaymentpayment", "payments": {"url": "https://sandbox.cashfree.com/pg/orders/CF_ORD-20250511-0009/payments"}, "refunds": {"url": "https://sandbox.cashfree.com/pg/orders/CF_ORD-20250511-0009/refunds"}, "settlements": {"url": "https://sandbox.cashfree.com/pg/orders/CF_ORD-20250511-0009/settlements"}, "terminal_data": null}	\N	2025-05-11 12:56:42.948341+00	\N	\N	\N	\N	1
6	INITIATE	https://sandbox.cashfree.com/pg/orders	{"order_id": "CF_ORD-20250511-0009", "order_amount": 83986.0, "order_currency": "INR", "customer_details": {"customer_id": "EMP00002", "customer_phone": "7736500760", "customer_email": "satheeshappz@gmail.com"}, "order_note": "Payment for Order #ORD-20250511-0009", "return_url": "http://127.0.0.1:8000/payment/cashfree/return/?order_id=CF_ORD-20250511-0009", "notify_url": "http://127.0.0.1:8000/payment/cashfree/webhook/"}	409	{"code": "order_already_exists", "message": "order with same id is already present", "type": "invalid_request_error"}	\N	2025-05-11 13:17:06.584209+00	\N	\N	\N	\N	1
7	INITIATE	https://sandbox.cashfree.com/pg/orders	{"order_id": "CF_ORD-20250511-0009", "order_amount": 83986.0, "order_currency": "INR", "customer_details": {"customer_id": "EMP00002", "customer_phone": "7736500760", "customer_email": "satheeshappz@gmail.com"}, "order_note": "Payment for Order #ORD-20250511-0009", "return_url": "http://127.0.0.1:8000/payment/cashfree/return/?order_id=CF_ORD-20250511-0009", "notify_url": "http://127.0.0.1:8000/payment/cashfree/webhook/"}	409	{"code": "order_already_exists", "message": "order with same id is already present", "type": "invalid_request_error"}	\N	2025-05-11 13:17:13.656325+00	\N	\N	\N	\N	1
8	INITIATE	https://sandbox.cashfree.com/pg/orders	{"order_id": "CF_ORD-20250511-0010", "order_amount": 101983.0, "order_currency": "INR", "customer_details": {"customer_id": "EMP00002", "customer_phone": "7736500760", "customer_email": "satheeshappz@gmail.com"}, "order_note": "Payment for Order #ORD-20250511-0010", "return_url": "http://127.0.0.1:8000/payment/cashfree/return/?order_id=CF_ORD-20250511-0010", "notify_url": "http://127.0.0.1:8000/payment/cashfree/webhook/"}	200	{"cf_order_id": 2192861946, "created_at": "2025-05-11T18:47:56+05:30", "customer_details": {"customer_id": "EMP00002", "customer_name": null, "customer_email": "satheeshappz@gmail.com", "customer_phone": "7736500760", "customer_uid": null}, "entity": "order", "order_amount": 101983.0, "order_currency": "INR", "order_expiry_time": "2025-06-10T18:47:56+05:30", "order_id": "CF_ORD-20250511-0010", "order_meta": {"return_url": null, "notify_url": null, "payment_methods": null}, "order_note": "Payment for Order #ORD-20250511-0010", "order_splits": [], "order_status": "ACTIVE", "order_tags": null, "payment_session_id": "session_MNM337e_K8Njkgxf5vhOgeba2zFwZB3aGh1wROeWrg21hMU8gy1IhP9POfEVGxXu5IlH2Cnr_YgZfbeh-riFG_gL3dkE1mVMYEly8HHiotQs4wODe2EfT6Fz07_iZApaymentpayment", "payments": {"url": "https://sandbox.cashfree.com/pg/orders/CF_ORD-20250511-0010/payments"}, "refunds": {"url": "https://sandbox.cashfree.com/pg/orders/CF_ORD-20250511-0010/refunds"}, "settlements": {"url": "https://sandbox.cashfree.com/pg/orders/CF_ORD-20250511-0010/settlements"}, "terminal_data": null}	\N	2025-05-11 13:17:55.624749+00	\N	\N	\N	\N	1
9	INITIATE	https://sandbox.cashfree.com/pg/orders	{"order_id": "CF_ORD-20250511-0010", "order_amount": 101983.0, "order_currency": "INR", "customer_details": {"customer_id": "EMP00002", "customer_phone": "7736500760", "customer_email": "satheeshappz@gmail.com"}, "order_note": "Payment for Order #ORD-20250511-0010", "return_url": "http://127.0.0.1:8000/payment/cashfree/return/?order_id=CF_ORD-20250511-0010", "notify_url": "http://127.0.0.1:8000/payment/cashfree/webhook/"}	409	{"code": "order_already_exists", "message": "order with same id is already present", "type": "invalid_request_error"}	\N	2025-05-11 13:19:43.081387+00	\N	\N	\N	\N	1
10	INITIATE	https://sandbox.cashfree.com/pg/orders	{"order_id": "CF_ORD-20250511-0010", "order_amount": 101983.0, "order_currency": "INR", "customer_details": {"customer_id": "EMP00002", "customer_phone": "7736500760", "customer_email": "satheeshappz@gmail.com"}, "order_note": "Payment for Order #ORD-20250511-0010", "return_url": "http://127.0.0.1:8000/payment/cashfree/return/?order_id=CF_ORD-20250511-0010", "notify_url": "http://127.0.0.1:8000/payment/cashfree/webhook/"}	409	{"code": "order_already_exists", "message": "order with same id is already present", "type": "invalid_request_error"}	\N	2025-05-11 13:19:49.900128+00	\N	\N	\N	\N	1
11	INITIATE	https://sandbox.cashfree.com/pg/orders	{"order_id": "CF_ORD-20250511-0011", "order_amount": 113981.0, "order_currency": "INR", "customer_details": {"customer_id": "EMP00002", "customer_phone": "7736500760", "customer_email": "satheeshappz@gmail.com"}, "order_note": "Payment for Order #ORD-20250511-0011", "return_url": "http://127.0.0.1:8000/payment/cashfree/return/?order_id=CF_ORD-20250511-0011", "notify_url": "http://127.0.0.1:8000/payment/cashfree/webhook/"}	200	{"cf_order_id": 2192861954, "created_at": "2025-05-11T18:50:18+05:30", "customer_details": {"customer_id": "EMP00002", "customer_name": null, "customer_email": "satheeshappz@gmail.com", "customer_phone": "7736500760", "customer_uid": null}, "entity": "order", "order_amount": 113981.0, "order_currency": "INR", "order_expiry_time": "2025-06-10T18:50:18+05:30", "order_id": "CF_ORD-20250511-0011", "order_meta": {"return_url": null, "notify_url": null, "payment_methods": null}, "order_note": "Payment for Order #ORD-20250511-0011", "order_splits": [], "order_status": "ACTIVE", "order_tags": null, "payment_session_id": "session_uaSYWMSW_cgo-21hn0Nt7yZaQb-qIm8aPa7bVB2ds0KijEzAeDpS4bExg2j-e5qCleiWvWIOzZ7kfGoCjqlMA31zg2MuPICc1_0qYD1i6miad0WKfS9MTGTFyVeMFQpaymentpayment", "payments": {"url": "https://sandbox.cashfree.com/pg/orders/CF_ORD-20250511-0011/payments"}, "refunds": {"url": "https://sandbox.cashfree.com/pg/orders/CF_ORD-20250511-0011/refunds"}, "settlements": {"url": "https://sandbox.cashfree.com/pg/orders/CF_ORD-20250511-0011/settlements"}, "terminal_data": null}	\N	2025-05-11 13:20:17.998404+00	\N	\N	\N	\N	1
12	INITIATE	https://sandbox.cashfree.com/pg/orders	{"order_id": "CF_ORD-20250511-0011", "order_amount": 113981.0, "order_currency": "INR", "customer_details": {"customer_id": "EMP00002", "customer_phone": "7736500760", "customer_email": "satheeshappz@gmail.com"}, "order_note": "Payment for Order #ORD-20250511-0011", "return_url": "http://127.0.0.1:8000/payment/cashfree/return/?order_id=CF_ORD-20250511-0011", "notify_url": "http://127.0.0.1:8000/payment/cashfree/webhook/"}	409	{"code": "order_already_exists", "message": "order with same id is already present", "type": "invalid_request_error"}	\N	2025-05-11 13:20:34.483034+00	\N	\N	\N	\N	1
13	INITIATE	https://sandbox.cashfree.com/pg/orders	{"order_id": "CF_ORD-20250511-0012", "order_amount": 131978.0, "order_currency": "INR", "customer_details": {"customer_id": "EMP00002", "customer_phone": "7736500760", "customer_email": "satheeshappz@gmail.com"}, "order_note": "Payment for Order #ORD-20250511-0012", "return_url": "http://127.0.0.1:8000/payment/cashfree/return/?order_id=CF_ORD-20250511-0012", "notify_url": "http://127.0.0.1:8000/payment/cashfree/webhook/"}	200	{"cf_order_id": 2192861958, "created_at": "2025-05-11T18:51:21+05:30", "customer_details": {"customer_id": "EMP00002", "customer_name": null, "customer_email": "satheeshappz@gmail.com", "customer_phone": "7736500760", "customer_uid": null}, "entity": "order", "order_amount": 131978.0, "order_currency": "INR", "order_expiry_time": "2025-06-10T18:51:21+05:30", "order_id": "CF_ORD-20250511-0012", "order_meta": {"return_url": null, "notify_url": null, "payment_methods": null}, "order_note": "Payment for Order #ORD-20250511-0012", "order_splits": [], "order_status": "ACTIVE", "order_tags": null, "payment_session_id": "session_-hEA49nfw1pJkiUFwqVRh6rBGmOttz8TzRAzIIauqt6iL7ztIOx0pbjF9kyjoYaiLPUQMZoC3it1fDTVInGLJZMUK8bkN79lk3IcrtDaTvWGRd-X3VoRRDvnOziNJApaymentpayment", "payments": {"url": "https://sandbox.cashfree.com/pg/orders/CF_ORD-20250511-0012/payments"}, "refunds": {"url": "https://sandbox.cashfree.com/pg/orders/CF_ORD-20250511-0012/refunds"}, "settlements": {"url": "https://sandbox.cashfree.com/pg/orders/CF_ORD-20250511-0012/settlements"}, "terminal_data": null}	\N	2025-05-11 13:21:21.229857+00	\N	\N	\N	\N	1
14	INITIATE	https://sandbox.cashfree.com/pg/orders	{"order_id": "CF_ORD-20250511-0012", "order_amount": 131978.0, "order_currency": "INR", "customer_details": {"customer_id": "EMP00002", "customer_phone": "7736500760", "customer_email": "satheeshappz@gmail.com"}, "order_note": "Payment for Order #ORD-20250511-0012", "return_url": "http://127.0.0.1:8000/payment/cashfree/return/?order_id=CF_ORD-20250511-0012", "notify_url": "http://127.0.0.1:8000/payment/cashfree/webhook/"}	409	{"code": "order_already_exists", "message": "order with same id is already present", "type": "invalid_request_error"}	\N	2025-05-11 13:30:44.635615+00	\N	\N	\N	\N	1
15	INITIATE	https://sandbox.cashfree.com/pg/orders	{"order_id": "CF_ORD-20250511-0013", "order_amount": 149975.0, "order_currency": "INR", "customer_details": {"customer_id": "EMP00002", "customer_phone": "7736500760", "customer_email": "satheeshappz@gmail.com"}, "order_note": "Payment for Order #ORD-20250511-0013", "return_url": "http://127.0.0.1:8000/payment/cashfree/return/?order_id=CF_ORD-20250511-0013", "notify_url": "http://127.0.0.1:8000/payment/cashfree/webhook/"}	200	{"cf_order_id": 2192862024, "created_at": "2025-05-11T19:01:14+05:30", "customer_details": {"customer_id": "EMP00002", "customer_name": null, "customer_email": "satheeshappz@gmail.com", "customer_phone": "7736500760", "customer_uid": null}, "entity": "order", "order_amount": 149975.0, "order_currency": "INR", "order_expiry_time": "2025-06-10T19:01:14+05:30", "order_id": "CF_ORD-20250511-0013", "order_meta": {"return_url": null, "notify_url": null, "payment_methods": null}, "order_note": "Payment for Order #ORD-20250511-0013", "order_splits": [], "order_status": "ACTIVE", "order_tags": null, "payment_session_id": "session_VBh8FipSz_gmjJUUHHqq4t3Ays1lKB3q1tQYtB06NpbuwBudkADCqJsxLXTbSD9OJ_j_BdYciKVWg8yLQDNPee5qHwHX66kmhlTKWk6-lYE1x4vksGQTy04ywOmTBQpaymentpayment", "payments": {"url": "https://sandbox.cashfree.com/pg/orders/CF_ORD-20250511-0013/payments"}, "refunds": {"url": "https://sandbox.cashfree.com/pg/orders/CF_ORD-20250511-0013/refunds"}, "settlements": {"url": "https://sandbox.cashfree.com/pg/orders/CF_ORD-20250511-0013/settlements"}, "terminal_data": null}	\N	2025-05-11 13:31:13.743138+00	\N	\N	\N	\N	1
16	INITIATE	https://sandbox.cashfree.com/pg/orders	{"order_id": "CF_ORD-20250511-0013", "order_amount": 149975.0, "order_currency": "INR", "customer_details": {"customer_id": "EMP00002", "customer_phone": "7736500760", "customer_email": "satheeshappz@gmail.com"}, "order_note": "Payment for Order #ORD-20250511-0013", "return_url": "http://127.0.0.1:8000/payment/cashfree/return/?order_id=CF_ORD-20250511-0013", "notify_url": "http://127.0.0.1:8000/payment/cashfree/webhook/"}	409	{"code": "order_already_exists", "message": "order with same id is already present", "type": "invalid_request_error"}	\N	2025-05-11 13:31:57.18209+00	\N	\N	\N	\N	1
17	INITIATE	https://sandbox.cashfree.com/pg/orders	{"order_id": "CF_ORD-20250511-0014", "order_amount": 161973.0, "order_currency": "INR", "customer_details": {"customer_id": "EMP00002", "customer_phone": "7736500760", "customer_email": "satheeshappz@gmail.com"}, "order_note": "Payment for Order #ORD-20250511-0014", "return_url": "http://127.0.0.1:8000/payment/cashfree/return/?order_id=CF_ORD-20250511-0014", "notify_url": "http://127.0.0.1:8000/payment/cashfree/webhook/"}	200	{"cf_order_id": 2192862064, "created_at": "2025-05-11T19:03:39+05:30", "customer_details": {"customer_id": "EMP00002", "customer_name": null, "customer_email": "satheeshappz@gmail.com", "customer_phone": "7736500760", "customer_uid": null}, "entity": "order", "order_amount": 161973.0, "order_currency": "INR", "order_expiry_time": "2025-06-10T19:03:39+05:30", "order_id": "CF_ORD-20250511-0014", "order_meta": {"return_url": null, "notify_url": null, "payment_methods": null}, "order_note": "Payment for Order #ORD-20250511-0014", "order_splits": [], "order_status": "ACTIVE", "order_tags": null, "payment_session_id": "session_A9VKKvK7n1iTjuqFcyvgUUtnEFuLuXqx_-hoSSrFB9bjg0SFgvOVgvRiAk9OaY7W9zL6rXK9L4OzBNiTXcA-FFPVgHGeY62b8Kz8TxsWYgo55zvQp-_oqgy7BYnb7wpaymentpayment", "payments": {"url": "https://sandbox.cashfree.com/pg/orders/CF_ORD-20250511-0014/payments"}, "refunds": {"url": "https://sandbox.cashfree.com/pg/orders/CF_ORD-20250511-0014/refunds"}, "settlements": {"url": "https://sandbox.cashfree.com/pg/orders/CF_ORD-20250511-0014/settlements"}, "terminal_data": null}	\N	2025-05-11 13:33:39.400685+00	\N	\N	\N	\N	1
18	INITIATE	https://sandbox.cashfree.com/pg/orders	{"order_id": "CF_ORD-20250511-0014", "order_amount": 161973.0, "order_currency": "INR", "customer_details": {"customer_id": "EMP00002", "customer_phone": "7736500760", "customer_email": "satheeshappz@gmail.com"}, "order_note": "Payment for Order #ORD-20250511-0014", "return_url": "http://127.0.0.1:8000/payment/cashfree/return/?order_id=CF_ORD-20250511-0014", "notify_url": "http://127.0.0.1:8000/payment/cashfree/webhook/"}	409	{"code": "order_already_exists", "message": "order with same id is already present", "type": "invalid_request_error"}	\N	2025-05-11 14:38:05.653198+00	\N	\N	\N	\N	1
19	INITIATE	https://sandbox.cashfree.com/pg/orders	{"order_id": "CF_ORD-20250511-0014", "order_amount": 161973.0, "order_currency": "INR", "customer_details": {"customer_id": "EMP00002", "customer_phone": "7736500760", "customer_email": "satheeshappz@gmail.com"}, "order_note": "Payment for Order #ORD-20250511-0014", "return_url": "http://127.0.0.1:8000/payment/cashfree/return/?order_id=CF_ORD-20250511-0014", "notify_url": "http://127.0.0.1:8000/payment/cashfree/webhook/"}	409	{"code": "order_already_exists", "message": "order with same id is already present", "type": "invalid_request_error"}	\N	2025-05-11 14:39:22.766008+00	\N	\N	\N	\N	1
20	INITIATE	https://sandbox.cashfree.com/pg/orders	{"order_id": "CF_ORD-20250511-0014", "order_amount": 161973.0, "order_currency": "INR", "customer_details": {"customer_id": "EMP00002", "customer_phone": "7736500760", "customer_email": "satheeshappz@gmail.com"}, "order_note": "Payment for Order #ORD-20250511-0014", "return_url": "http://127.0.0.1:8000/payment/cashfree/return/?order_id=CF_ORD-20250511-0014", "notify_url": "http://127.0.0.1:8000/payment/cashfree/webhook/"}	409	{"code": "order_already_exists", "message": "order with same id is already present", "type": "invalid_request_error"}	\N	2025-05-11 14:39:39.396819+00	\N	\N	\N	\N	1
21	INITIATE	https://sandbox.cashfree.com/pg/orders	{"order_id": "CF_ORD-20250511-0014", "order_amount": 161973.0, "order_currency": "INR", "customer_details": {"customer_id": "EMP00002", "customer_phone": "7736500760", "customer_email": "satheeshappz@gmail.com"}, "order_note": "Payment for Order #ORD-20250511-0014", "return_url": "http://127.0.0.1:8000/payment/cashfree/return/?order_id=CF_ORD-20250511-0014", "notify_url": "http://127.0.0.1:8000/payment/cashfree/webhook/"}	409	{"code": "order_already_exists", "message": "order with same id is already present", "type": "invalid_request_error"}	\N	2025-05-11 14:40:21.548332+00	\N	\N	\N	\N	1
22	INITIATE	https://sandbox.cashfree.com/pg/orders	{"order_id": "CF_ORD-20250511-0014", "order_amount": 161973.0, "order_currency": "INR", "customer_details": {"customer_id": "EMP00002", "customer_phone": "7736500760", "customer_email": "satheeshappz@gmail.com"}, "order_note": "Payment for Order #ORD-20250511-0014", "return_url": "http://127.0.0.1:8000/payment/cashfree/return/?order_id=CF_ORD-20250511-0014", "notify_url": "http://127.0.0.1:8000/payment/cashfree/webhook/"}	409	{"code": "order_already_exists", "message": "order with same id is already present", "type": "invalid_request_error"}	\N	2025-05-11 14:41:31.365253+00	\N	\N	\N	\N	1
23	INITIATE	https://sandbox.cashfree.com/pg/orders	{"order_id": "CF_ORD-20250511-0015", "order_amount": 161973.0, "order_currency": "INR", "customer_details": {"customer_id": "EMP00002", "customer_phone": "7736500760", "customer_email": "satheeshappz@gmail.com"}, "order_note": "Payment for Order #ORD-20250511-0015", "return_url": "http://127.0.0.1:8000/payment/cashfree/return/?order_id=CF_ORD-20250511-0015", "notify_url": "http://127.0.0.1:8000/payment/cashfree/webhook/"}	200	{"cf_order_id": 2192862452, "created_at": "2025-05-11T20:12:51+05:30", "customer_details": {"customer_id": "EMP00002", "customer_name": null, "customer_email": "satheeshappz@gmail.com", "customer_phone": "7736500760", "customer_uid": null}, "entity": "order", "order_amount": 161973.0, "order_currency": "INR", "order_expiry_time": "2025-06-10T20:12:51+05:30", "order_id": "CF_ORD-20250511-0015", "order_meta": {"return_url": null, "notify_url": null, "payment_methods": null}, "order_note": "Payment for Order #ORD-20250511-0015", "order_splits": [], "order_status": "ACTIVE", "order_tags": null, "payment_session_id": "session_4oQQQukcItS4WcU5lDIS2JIUPI61dtYnEHbtfoc1-7knfrd2cAPqUGqr5LFS3rvXQn9ERdp7vd0_dvtkjvnCKjVsp4iYqMf-MHc1CodrXIqgo5QZt80HJyKCaTqrFwpaymentpayment", "payments": {"url": "https://sandbox.cashfree.com/pg/orders/CF_ORD-20250511-0015/payments"}, "refunds": {"url": "https://sandbox.cashfree.com/pg/orders/CF_ORD-20250511-0015/refunds"}, "settlements": {"url": "https://sandbox.cashfree.com/pg/orders/CF_ORD-20250511-0015/settlements"}, "terminal_data": null}	\N	2025-05-11 14:42:51.564306+00	\N	\N	\N	\N	1
24	INITIATE	https://sandbox.cashfree.com/pg/orders	{"order_id": "CF_ORD-20250511-0015", "order_amount": 161973.0, "order_currency": "INR", "customer_details": {"customer_id": "EMP00002", "customer_phone": "7736500760", "customer_email": "satheeshappz@gmail.com"}, "order_note": "Payment for Order #ORD-20250511-0015", "return_url": "http://127.0.0.1:8000/payment/cashfree/return/?order_id=CF_ORD-20250511-0015", "notify_url": "http://127.0.0.1:8000/payment/cashfree/webhook/"}	409	{"code": "order_already_exists", "message": "order with same id is already present", "type": "invalid_request_error"}	\N	2025-05-11 14:42:58.788587+00	\N	\N	\N	\N	1
25	INITIATE	https://sandbox.cashfree.com/pg/orders	{"order_id": "CF_ORD-20250511-0015", "order_amount": 161973.0, "order_currency": "INR", "customer_details": {"customer_id": "EMP00002", "customer_phone": "7736500760", "customer_email": "satheeshappz@gmail.com"}, "order_note": "Payment for Order #ORD-20250511-0015", "return_url": "http://127.0.0.1:8000/payment/cashfree/return/?order_id=CF_ORD-20250511-0015", "notify_url": "http://127.0.0.1:8000/payment/cashfree/webhook/"}	409	{"code": "order_already_exists", "message": "order with same id is already present", "type": "invalid_request_error"}	\N	2025-05-11 14:47:30.558825+00	\N	\N	\N	\N	1
26	INITIATE	https://sandbox.cashfree.com/pg/orders	{"order_id": "CF_ORD-20250511-0015", "order_amount": 161973.0, "order_currency": "INR", "customer_details": {"customer_id": "EMP00002", "customer_phone": "7736500760", "customer_email": "satheeshappz@gmail.com"}, "order_note": "Payment for Order #ORD-20250511-0015", "return_url": "http://127.0.0.1:8000/payment/cashfree/return/?order_id=CF_ORD-20250511-0015", "notify_url": "http://127.0.0.1:8000/payment/cashfree/webhook/"}	409	{"code": "order_already_exists", "message": "order with same id is already present", "type": "invalid_request_error"}	\N	2025-05-11 14:51:14.73311+00	\N	\N	\N	\N	1
27	INITIATE	https://sandbox.cashfree.com/pg/orders	{"order_id": "CF_ORD-20250511-0015", "order_amount": 161973.0, "order_currency": "INR", "customer_details": {"customer_id": "EMP00002", "customer_phone": "7736500760", "customer_email": "satheeshappz@gmail.com"}, "order_note": "Payment for Order #ORD-20250511-0015", "return_url": "http://127.0.0.1:8000/payment/cashfree/return/?order_id=CF_ORD-20250511-0015", "notify_url": "http://127.0.0.1:8000/payment/cashfree/webhook/"}	409	{"code": "order_already_exists", "message": "order with same id is already present", "type": "invalid_request_error"}	\N	2025-05-11 14:53:48.624108+00	\N	\N	\N	\N	1
28	INITIATE	https://sandbox.cashfree.com/pg/orders	{"order_id": "CF_ORD-20250511-0015", "order_amount": 161973.0, "order_currency": "INR", "customer_details": {"customer_id": "EMP00002", "customer_phone": "7736500760", "customer_email": "satheeshappz@gmail.com"}, "order_note": "Payment for Order #ORD-20250511-0015", "return_url": "http://127.0.0.1:8000/payment/cashfree/return/?order_id=CF_ORD-20250511-0015", "notify_url": "http://127.0.0.1:8000/payment/cashfree/webhook/"}	409	{"code": "order_already_exists", "message": "order with same id is already present", "type": "invalid_request_error"}	\N	2025-05-11 14:54:13.157372+00	\N	\N	\N	\N	1
29	INITIATE	https://sandbox.cashfree.com/pg/orders	{"order_id": "CF_ORD-20250511-0015", "order_amount": 161973.0, "order_currency": "INR", "customer_details": {"customer_id": "EMP00002", "customer_phone": "7736500760", "customer_email": "satheeshappz@gmail.com"}, "order_note": "Payment for Order #ORD-20250511-0015", "return_url": "http://127.0.0.1:8000/payment/cashfree/return/?order_id=CF_ORD-20250511-0015", "notify_url": "http://127.0.0.1:8000/payment/cashfree/webhook/"}	409	{"code": "order_already_exists", "message": "order with same id is already present", "type": "invalid_request_error"}	\N	2025-05-11 14:55:00.584516+00	\N	\N	\N	\N	1
30	INITIATE	https://sandbox.cashfree.com/pg/orders	{"order_id": "CF_ORD-20250511-0015", "order_amount": 161973.0, "order_currency": "INR", "customer_details": {"customer_id": "EMP00002", "customer_phone": "7736500760", "customer_email": "satheeshappz@gmail.com"}, "order_note": "Payment for Order #ORD-20250511-0015", "return_url": "http://127.0.0.1:8000/payment/cashfree/return/?order_id=CF_ORD-20250511-0015", "notify_url": "http://127.0.0.1:8000/payment/cashfree/webhook/"}	409	{"code": "order_already_exists", "message": "order with same id is already present", "type": "invalid_request_error"}	\N	2025-05-11 14:55:58.200543+00	\N	\N	\N	\N	1
31	INITIATE	https://sandbox.cashfree.com/pg/orders	{"order_id": "ORD-20250511-0016", "order_amount": 179970.0, "order_currency": "INR", "customer_details": {"customer_id": "EMP00002", "customer_phone": "7736500760", "customer_email": "satheeshappz@gmail.com"}, "order_note": "Payment for Order #ORD-20250511-0016", "return_url": "http://127.0.0.1:8000/payment/cashfree/return/?order_id=CF_ORD-20250511-0016", "notify_url": "http://127.0.0.1:8000/payment/cashfree/webhook/"}	200	{"cf_order_id": 2192862520, "created_at": "2025-05-11T20:31:36+05:30", "customer_details": {"customer_id": "EMP00002", "customer_name": null, "customer_email": "satheeshappz@gmail.com", "customer_phone": "7736500760", "customer_uid": null}, "entity": "order", "order_amount": 179970.0, "order_currency": "INR", "order_expiry_time": "2025-06-10T20:31:36+05:30", "order_id": "ORD-20250511-0016", "order_meta": {"return_url": null, "notify_url": null, "payment_methods": null}, "order_note": "Payment for Order #ORD-20250511-0016", "order_splits": [], "order_status": "ACTIVE", "order_tags": null, "payment_session_id": "session_ZRXJFZw6HZnc9ulQuk2H-eKIHlwbSekjLdKcI-jJ24V3lELEsyOPG1TQhC3LkmWZYrsEmOJNXfRpx3Qm7KjCUny0K7BNbyHRv4-XpYzeO81owJkpgwter9wMuoeGKApaymentpayment", "payments": {"url": "https://sandbox.cashfree.com/pg/orders/ORD-20250511-0016/payments"}, "refunds": {"url": "https://sandbox.cashfree.com/pg/orders/ORD-20250511-0016/refunds"}, "settlements": {"url": "https://sandbox.cashfree.com/pg/orders/ORD-20250511-0016/settlements"}, "terminal_data": null}	\N	2025-05-11 15:01:36.303268+00	\N	\N	\N	\N	1
32	INITIATE	https://sandbox.cashfree.com/pg/orders	{"order_id": "ORD-20250511-0016", "order_amount": 179970.0, "order_currency": "INR", "customer_details": {"customer_id": "EMP00002", "customer_phone": "7736500760", "customer_email": "satheeshappz@gmail.com"}, "order_note": "Payment for Order #ORD-20250511-0016", "return_url": "http://127.0.0.1:8000/payment/cashfree/return/?order_id=CF_ORD-20250511-0016", "notify_url": "http://127.0.0.1:8000/payment/cashfree/webhook/"}	409	{"code": "order_already_exists", "message": "order with same id is already present", "type": "invalid_request_error"}	\N	2025-05-11 15:01:45.724682+00	\N	\N	\N	\N	1
33	INITIATE	https://sandbox.cashfree.com/pg/orders	{"order_id": "ORD-20250511-0016", "order_amount": 179970.0, "order_currency": "INR", "customer_details": {"customer_id": "EMP00002", "customer_phone": "7736500760", "customer_email": "satheeshappz@gmail.com"}, "order_note": "Payment for Order #ORD-20250511-0016", "return_url": "http://127.0.0.1:8000/payment/cashfree/return/?order_id=CF_ORD-20250511-0016", "notify_url": "http://127.0.0.1:8000/payment/cashfree/webhook/"}	409	{"code": "order_already_exists", "message": "order with same id is already present", "type": "invalid_request_error"}	\N	2025-05-11 15:02:08.070009+00	\N	\N	\N	\N	1
34	INITIATE	https://sandbox.cashfree.com/pg/orders	{"order_id": "ORD-20250511-0016", "order_amount": 179970.0, "order_currency": "INR", "customer_details": {"customer_id": "EMP00002", "customer_phone": "7736500760", "customer_email": "satheeshappz@gmail.com"}, "order_note": "Payment for Order #ORD-20250511-0016", "return_url": "http://127.0.0.1:8000/payment/cashfree/return/?order_id=CF_ORD-20250511-0016", "notify_url": "http://127.0.0.1:8000/payment/cashfree/webhook/"}	409	{"code": "order_already_exists", "message": "order with same id is already present", "type": "invalid_request_error"}	\N	2025-05-11 15:02:36.156967+00	\N	\N	\N	\N	1
35	INITIATE	https://sandbox.cashfree.com/pg/orders	{"order_id": "ORD-20250511-0016", "order_amount": 179970.0, "order_currency": "INR", "customer_details": {"customer_id": "EMP00002", "customer_phone": "7736500760", "customer_email": "satheeshappz@gmail.com"}, "order_note": "Payment for Order #ORD-20250511-0016", "return_url": "http://127.0.0.1:8000/payment/cashfree/return/?order_id=CF_ORD-20250511-0016", "notify_url": "http://127.0.0.1:8000/payment/cashfree/webhook/"}	409	{"code": "order_already_exists", "message": "order with same id is already present", "type": "invalid_request_error"}	\N	2025-05-11 15:03:31.910886+00	\N	\N	\N	\N	1
36	INITIATE	https://sandbox.cashfree.com/pg/orders	{"order_id": "ORD-20250511-0016", "order_amount": 179970.0, "order_currency": "INR", "customer_details": {"customer_id": "EMP00002", "customer_phone": "7736500760", "customer_email": "satheeshappz@gmail.com"}, "order_note": "Payment for Order #ORD-20250511-0016", "return_url": "http://127.0.0.1:8000/payment/cashfree/return/?order_id=CF_ORD-20250511-0016", "notify_url": "http://127.0.0.1:8000/payment/cashfree/webhook/"}	409	{"code": "order_already_exists", "message": "order with same id is already present", "type": "invalid_request_error"}	\N	2025-05-11 15:07:34.493671+00	\N	\N	\N	\N	1
37	INITIATE	https://sandbox.cashfree.com/pg/orders	{"order_id": "ORD-20250511-0016", "order_amount": 179970.0, "order_currency": "INR", "customer_details": {"customer_id": "EMP00002", "customer_phone": "7736500760", "customer_email": "satheeshappz@gmail.com"}, "order_note": "Payment for Order #ORD-20250511-0016", "return_url": "http://127.0.0.1:8000/payment/cashfree/return/?order_id=CF_ORD-20250511-0016", "notify_url": "http://127.0.0.1:8000/payment/cashfree/webhook/"}	409	{"code": "order_already_exists", "message": "order with same id is already present", "type": "invalid_request_error"}	\N	2025-05-11 15:15:40.587559+00	\N	\N	\N	\N	1
38	INITIATE	https://sandbox.cashfree.com/pg/orders	{"order_id": "ORD-20250511-0016", "order_amount": 179970.0, "order_currency": "INR", "customer_details": {"customer_id": "EMP00002", "customer_phone": "7736500760", "customer_email": "satheeshappz@gmail.com"}, "order_note": "Payment for Order #ORD-20250511-0016", "return_url": "http://127.0.0.1:8000/payment/cashfree/return/?order_id=CF_ORD-20250511-0016", "notify_url": "http://127.0.0.1:8000/payment/cashfree/webhook/"}	409	{"code": "order_already_exists", "message": "order with same id is already present", "type": "invalid_request_error"}	\N	2025-05-11 15:22:41.875337+00	\N	\N	\N	\N	1
39	INITIATE	https://sandbox.cashfree.com/pg/orders	{"order_id": "ORD-20250511-0016", "order_amount": 179970.0, "order_currency": "INR", "customer_details": {"customer_id": "EMP00002", "customer_phone": "7736500760", "customer_email": "satheeshappz@gmail.com"}, "order_note": "Payment for Order #ORD-20250511-0016", "return_url": "http://127.0.0.1:8000/payment/cashfree/return/?order_id=CF_ORD-20250511-0016", "notify_url": "http://127.0.0.1:8000/payment/cashfree/webhook/"}	409	{"code": "order_already_exists", "message": "order with same id is already present", "type": "invalid_request_error"}	\N	2025-05-11 15:22:49.33701+00	\N	\N	\N	\N	1
40	INITIATE	https://sandbox.cashfree.com/pg/orders	{"order_id": "ORD-20250511-0016", "order_amount": 179970.0, "order_currency": "INR", "customer_details": {"customer_id": "EMP00002", "customer_phone": "7736500760", "customer_email": "satheeshappz@gmail.com"}, "order_note": "Payment for Order #ORD-20250511-0016", "return_url": "http://127.0.0.1:8000/payment/cashfree/return/?order_id=CF_ORD-20250511-0016", "notify_url": "http://127.0.0.1:8000/payment/cashfree/webhook/"}	409	{"code": "order_already_exists", "message": "order with same id is already present", "type": "invalid_request_error"}	\N	2025-05-11 15:25:35.04809+00	\N	\N	\N	\N	1
41	INITIATE	https://sandbox.cashfree.com/pg/orders	{"order_id": "ORD-20250511-0016", "order_amount": 179970.0, "order_currency": "INR", "customer_details": {"customer_id": "EMP00002", "customer_phone": "7736500760", "customer_email": "satheeshappz@gmail.com"}, "order_note": "Payment for Order #ORD-20250511-0016", "return_url": "http://127.0.0.1:8000/payment/cashfree/return/?order_id=CF_ORD-20250511-0016", "notify_url": "http://127.0.0.1:8000/payment/cashfree/webhook/"}	409	{"code": "order_already_exists", "message": "order with same id is already present", "type": "invalid_request_error"}	\N	2025-05-11 15:26:52.733713+00	\N	\N	\N	\N	1
42	INITIATE	https://sandbox.cashfree.com/pg/orders	{"order_id": "ORD-20250511-0016", "order_amount": 179970.0, "order_currency": "INR", "customer_details": {"customer_id": "EMP00002", "customer_phone": "7736500760", "customer_email": "satheeshappz@gmail.com"}, "order_note": "Payment for Order #ORD-20250511-0016", "return_url": "http://127.0.0.1:8000/payment/cashfree/return/?order_id=CF_ORD-20250511-0016", "notify_url": "http://127.0.0.1:8000/payment/cashfree/webhook/"}	409	{"code": "order_already_exists", "message": "order with same id is already present", "type": "invalid_request_error"}	\N	2025-05-11 15:26:57.209218+00	\N	\N	\N	\N	1
43	INITIATE	https://sandbox.cashfree.com/pg/orders	{"order_id": "ORD-20250511-0016", "order_amount": 179970.0, "order_currency": "INR", "customer_details": {"customer_id": "EMP00002", "customer_phone": "7736500760", "customer_email": "satheeshappz@gmail.com"}, "order_note": "Payment for Order #ORD-20250511-0016", "return_url": "http://127.0.0.1:8000/payment/cashfree/return/?order_id=CF_ORD-20250511-0016", "notify_url": "http://127.0.0.1:8000/payment/cashfree/webhook/"}	409	{"code": "order_already_exists", "message": "order with same id is already present", "type": "invalid_request_error"}	\N	2025-05-11 15:27:36.112373+00	\N	\N	\N	\N	1
44	INITIATE	https://sandbox.cashfree.com/pg/orders	{"order_id": "ORD-20250511-0016", "order_amount": 179970.0, "order_currency": "INR", "customer_details": {"customer_id": "EMP00002", "customer_phone": "7736500760", "customer_email": "satheeshappz@gmail.com"}, "order_note": "Payment for Order #ORD-20250511-0016", "return_url": "http://127.0.0.1:8000/payment/cashfree/return/?order_id=CF_ORD-20250511-0016", "notify_url": "http://127.0.0.1:8000/payment/cashfree/webhook/"}	409	{"code": "order_already_exists", "message": "order with same id is already present", "type": "invalid_request_error"}	\N	2025-05-11 15:27:43.638791+00	\N	\N	\N	\N	1
45	INITIATE	https://sandbox.cashfree.com/pg/orders	{"order_id": "ORD-20250511-0017", "order_amount": 179970.0, "order_currency": "INR", "customer_details": {"customer_id": "EMP00002", "customer_phone": "7736500760", "customer_email": "satheeshappz@gmail.com"}, "order_note": "Payment for Order #ORD-20250511-0017", "return_url": "http://127.0.0.1:8000/payment/cashfree/return/?order_id=CF_ORD-20250511-0017", "notify_url": "http://127.0.0.1:8000/payment/cashfree/webhook/"}	200	{"cf_order_id": 2192862722, "created_at": "2025-05-11T21:02:57+05:30", "customer_details": {"customer_id": "EMP00002", "customer_name": null, "customer_email": "satheeshappz@gmail.com", "customer_phone": "7736500760", "customer_uid": null}, "entity": "order", "order_amount": 179970.0, "order_currency": "INR", "order_expiry_time": "2025-06-10T21:02:57+05:30", "order_id": "ORD-20250511-0017", "order_meta": {"return_url": null, "notify_url": null, "payment_methods": null}, "order_note": "Payment for Order #ORD-20250511-0017", "order_splits": [], "order_status": "ACTIVE", "order_tags": null, "payment_session_id": "session_Eg9Kh2nl9k3EcUn9rBHUScVG4ijnlX3ZxyEWVTMKFuP4oJZIQgMieg4h1LuqV8VvueSihi-k44lkr5JYdYWDagsK56xr1PSGrThsAtQzx2EnoU-WexJ2ajW8fX-Abwpaymentpayment", "payments": {"url": "https://sandbox.cashfree.com/pg/orders/ORD-20250511-0017/payments"}, "refunds": {"url": "https://sandbox.cashfree.com/pg/orders/ORD-20250511-0017/refunds"}, "settlements": {"url": "https://sandbox.cashfree.com/pg/orders/ORD-20250511-0017/settlements"}, "terminal_data": null}	\N	2025-05-11 15:32:57.018259+00	\N	\N	\N	\N	1
46	INITIATE	https://sandbox.cashfree.com/pg/orders	{"order_id": "ORD-20250511-0017", "order_amount": 179970.0, "order_currency": "INR", "customer_details": {"customer_id": "EMP00002", "customer_phone": "7736500760", "customer_email": "satheeshappz@gmail.com"}, "order_note": "Payment for Order #ORD-20250511-0017", "return_url": "http://127.0.0.1:8000/payment/cashfree/return/?order_id=CF_ORD-20250511-0017", "notify_url": "http://127.0.0.1:8000/payment/cashfree/webhook/"}	409	{"code": "order_already_exists", "message": "order with same id is already present", "type": "invalid_request_error"}	\N	2025-05-11 15:41:19.118832+00	\N	\N	\N	\N	1
47	CREATE_LINK	https://sandbox.cashfree.com/pg/links	{"customer_details": {"customer_email": "satheeshappz@gmail.com", "customer_name": "EMP00002", "customer_phone": "7736500760"}, "link_amount": 179970.0, "link_currency": "INR", "link_id": "CF_ORD-20250511-0018", "link_meta": {"notify_url": "http://127.0.0.1:8000/payment/cashfree/webhook/", "return_url": "http://127.0.0.1:8000/payment/cashfree/return/?order_id=CF_ORD-20250511-0018", "upi_intent": false}, "link_notify": {"send_email": true, "send_sms": true}, "link_purpose": "Payment for Order #ORD-20250511-0018"}	200	{"cf_link_id": 6461578, "customer_details": {"customer_name": "EMP00002", "country_code": "+91", "customer_phone": "7736500760", "customer_email": "satheeshappz@gmail.com"}, "enable_invoice": false, "entity": "link", "link_amount": 179970, "link_amount_paid": 0, "link_auto_reminders": false, "link_created_at": "2025-05-12T00:07:58+05:30", "link_currency": "INR", "link_expiry_time": "2025-06-11T00:07:58+05:30", "link_id": "CF_ORD-20250511-0018", "link_meta": {"notify_url": "http://127.0.0.1:8000/payment/cashfree/webhook/", "payment_methods": "", "return_url": "http://127.0.0.1:8000/payment/cashfree/return/?order_id=CF_ORD-20250511-0018", "upi_intent": "false"}, "link_minimum_partial_amount": null, "link_notes": {}, "link_notify": {"send_email": true, "send_sms": true}, "link_partial_payments": false, "link_purpose": "Payment for Order #ORD-20250511-0018", "link_status": "ACTIVE", "link_url": "https://payments-test.cashfree.com/links/T8hp6kvkn3rg", "order_splits": [], "terms_and_conditions": "", "thank_you_msg": ""}	\N	2025-05-11 18:37:58.881047+00	\N	CF_ORD-20250511-0018	\N	\N	1
48	CREATE_LINK	https://sandbox.cashfree.com/pg/links	{"customer_details": {"customer_email": "satheeshappz@gmail.com", "customer_name": "EMP00002", "customer_phone": "7736500760"}, "link_amount": 179970.0, "link_currency": "INR", "link_id": "CF_ORD-20250511-0017", "link_meta": {"notify_url": "http://127.0.0.1:8000/payment/cashfree/webhook/", "return_url": "http://127.0.0.1:8000/payment/cashfree/return/?order_id=CF_ORD-20250511-0017", "upi_intent": true}, "link_notify": {"send_email": true, "send_sms": true}, "link_purpose": "Payment for Order #ORD-20250511-0017"}	200	{"cf_link_id": 6461579, "customer_details": {"customer_name": "EMP00002", "country_code": "+91", "customer_phone": "7736500760", "customer_email": "satheeshappz@gmail.com"}, "enable_invoice": false, "entity": "link", "link_amount": 179970, "link_amount_paid": 0, "link_auto_reminders": false, "link_created_at": "2025-05-12T00:10:27+05:30", "link_currency": "INR", "link_expiry_time": "2025-06-11T00:10:27+05:30", "link_id": "CF_ORD-20250511-0017", "link_meta": {"notify_url": "http://127.0.0.1:8000/payment/cashfree/webhook/", "payment_methods": "upi", "return_url": "http://127.0.0.1:8000/payment/cashfree/return/?order_id=CF_ORD-20250511-0017", "upi_intent": "true"}, "link_minimum_partial_amount": null, "link_notes": {}, "link_notify": {"send_email": true, "send_sms": true}, "link_partial_payments": false, "link_purpose": "Payment for Order #ORD-20250511-0017", "link_status": "ACTIVE", "link_url": "https://payments-test.cashfree.com/links/w8hp6u1nj3rg", "order_splits": [], "terms_and_conditions": "", "thank_you_msg": ""}	\N	2025-05-11 18:40:27.416159+00	\N	CF_ORD-20250511-0017	\N	\N	1
49	CREATE_LINK	https://sandbox.cashfree.com/pg/links	{"customer_details": {"customer_email": "satheeshappz@gmail.com", "customer_name": "EMP00002", "customer_phone": "7736500760"}, "link_amount": 191968.0, "link_currency": "INR", "link_id": "ORD-20250511-0019", "link_meta": {"notify_url": "http://127.0.0.1:8000/payment/cashfree/webhook/", "return_url": "http://127.0.0.1:8000/payment/cashfree/return/?order_id=CF_ORD-20250511-0019", "upi_intent": true}, "link_notify": {"send_email": true, "send_sms": true}, "link_purpose": "Payment for Order #ORD-20250511-0019"}	200	{"cf_link_id": 6461580, "customer_details": {"customer_name": "EMP00002", "country_code": "+91", "customer_phone": "7736500760", "customer_email": "satheeshappz@gmail.com"}, "enable_invoice": false, "entity": "link", "link_amount": 191968, "link_amount_paid": 0, "link_auto_reminders": false, "link_created_at": "2025-05-12T00:11:19+05:30", "link_currency": "INR", "link_expiry_time": "2025-06-11T00:11:19+05:30", "link_id": "CF_ORD-20250511-0019", "link_meta": {"notify_url": "http://127.0.0.1:8000/payment/cashfree/webhook/", "payment_methods": "upi", "return_url": "http://127.0.0.1:8000/payment/cashfree/return/?order_id=CF_ORD-20250511-0019", "upi_intent": "true"}, "link_minimum_partial_amount": null, "link_notes": {}, "link_notify": {"send_email": true, "send_sms": true}, "link_partial_payments": false, "link_purpose": "Payment for Order #ORD-20250511-0019", "link_status": "ACTIVE", "link_url": "https://payments-test.cashfree.com/links/A8hp717d5cu0", "order_splits": [], "terms_and_conditions": "", "thank_you_msg": ""}	\N	2025-05-11 18:41:19.543701+00	\N	CF_ORD-20250511-0019	\N	\N	1
50	CREATE_LINK	https://sandbox.cashfree.com/pg/links	{"customer_details": {"customer_email": "satheeshappz@gmail.com", "customer_name": "EMP00002", "customer_phone": "7736500760"}, "link_amount": 191968.0, "link_currency": "INR", "link_id": "CF_ORD-20250511-0019", "link_meta": {"notify_url": "http://127.0.0.1:8000/payment/cashfree/webhook/", "return_url": "http://127.0.0.1:8000/payment/cashfree/return/?order_id=CF_ORD-20250511-0019", "upi_intent": false}, "link_notify": {"send_email": true, "send_sms": true}, "link_purpose": "Payment for Order #ORD-20250511-0019"}	400	{"code": "link_post_failed", "message": "Link ID already exists", "type": "invalid_request_error"}	\N	2025-05-11 18:41:46.421756+00	\N	\N	\N	\N	1
51	CREATE_LINK	https://sandbox.cashfree.com/pg/links	{"customer_details": {"customer_email": "satheeshappz@gmail.com", "customer_name": "EMP00002", "customer_phone": "7736500760"}, "link_amount": 191968.0, "link_currency": "INR", "link_id": "CF_ORD-20250511-0019", "link_meta": {"notify_url": "http://127.0.0.1:8000/payment/cashfree/webhook/", "return_url": "http://127.0.0.1:8000/payment/cashfree/return/?order_id=CF_ORD-20250511-0019", "upi_intent": false}, "link_notify": {"send_email": true, "send_sms": true}, "link_purpose": "Payment for Order #ORD-20250511-0019"}	400	{"code": "link_post_failed", "message": "Link ID already exists", "type": "invalid_request_error"}	\N	2025-05-11 18:41:50.131534+00	\N	\N	\N	\N	1
52	CREATE_LINK	https://sandbox.cashfree.com/pg/links	{"customer_details": {"customer_email": "satheeshappz@gmail.com", "customer_name": "EMP00002", "customer_phone": "7736500760"}, "link_amount": 191968.0, "link_currency": "INR", "link_id": "CF_ORD-20250511-0019", "link_meta": {"notify_url": "http://127.0.0.1:8000/payment/cashfree/webhook/", "return_url": "http://127.0.0.1:8000/payment/cashfree/return/?order_id=CF_ORD-20250511-0019", "upi_intent": false}, "link_notify": {"send_email": true, "send_sms": true}, "link_purpose": "Payment for Order #ORD-20250511-0019"}	400	{"code": "link_post_failed", "message": "Link ID already exists", "type": "invalid_request_error"}	\N	2025-05-11 18:43:59.24451+00	\N	\N	\N	\N	1
53	CREATE_LINK	https://sandbox.cashfree.com/pg/links	{"customer_details": {"customer_email": "satheeshappz@gmail.com", "customer_name": "EMP00002", "customer_phone": "7736500760"}, "link_amount": 191968.0, "link_currency": "INR", "link_id": "CF_ORD-20250511-0019", "link_meta": {"notify_url": "http://127.0.0.1:8000/payment/cashfree/webhook/", "return_url": "http://127.0.0.1:8000/payment/cashfree/return/?order_id=CF_ORD-20250511-0019", "upi_intent": false}, "link_notify": {"send_email": true, "send_sms": true}, "link_purpose": "Payment for Order #ORD-20250511-0019"}	400	{"code": "link_post_failed", "message": "Link ID already exists", "type": "invalid_request_error"}	\N	2025-05-11 18:44:56.710014+00	\N	\N	\N	\N	1
54	CREATE_LINK	https://sandbox.cashfree.com/pg/links	{"customer_details": {"customer_email": "satheeshappz@gmail.com", "customer_name": "EMP00002", "customer_phone": "7736500760"}, "link_amount": 191968.0, "link_currency": "INR", "link_id": "CF_ORD-20250511-0019", "link_meta": {"notify_url": "http://127.0.0.1:8000/payment/cashfree/webhook/", "return_url": "http://127.0.0.1:8000/payment/cashfree/return/?order_id=CF_ORD-20250511-0019", "upi_intent": false}, "link_notify": {"send_email": true, "send_sms": true}, "link_purpose": "Payment for Order #ORD-20250511-0019"}	400	{"code": "link_post_failed", "message": "Link ID already exists", "type": "invalid_request_error"}	\N	2025-05-11 18:45:34.395433+00	\N	\N	\N	\N	1
55	CREATE_LINK	https://sandbox.cashfree.com/pg/links	{"customer_details": {"customer_email": "satheeshappz@gmail.com", "customer_name": "EMP00002", "customer_phone": "7736500760"}, "link_amount": 191968.0, "link_currency": "INR", "link_id": "CF_ORD-20250511-0019", "link_meta": {"notify_url": "http://127.0.0.1:8000/payment/cashfree/webhook/", "return_url": "http://127.0.0.1:8000/payment/cashfree/return/?order_id=CF_ORD-20250511-0019", "upi_intent": false}, "link_notify": {"send_email": true, "send_sms": true}, "link_purpose": "Payment for Order #ORD-20250511-0019"}	400	{"code": "link_post_failed", "message": "Link ID already exists", "type": "invalid_request_error"}	\N	2025-05-11 18:47:01.306655+00	\N	\N	\N	\N	1
56	CREATE_LINK	https://sandbox.cashfree.com/pg/links	{"customer_details": {"customer_email": "satheeshappz@gmail.com", "customer_name": "EMP00002", "customer_phone": "7736500760"}, "link_amount": 191968.0, "link_currency": "INR", "link_id": "CF_ORD-20250511-0019", "link_meta": {"notify_url": "http://127.0.0.1:8000/payment/cashfree/webhook/", "return_url": "http://127.0.0.1:8000/payment/cashfree/return/?order_id=CF_ORD-20250511-0019", "upi_intent": false}, "link_notify": {"send_email": true, "send_sms": true}, "link_purpose": "Payment for Order #ORD-20250511-0019"}	400	{"code": "link_post_failed", "message": "Link ID already exists", "type": "invalid_request_error"}	\N	2025-05-11 18:48:17.910314+00	\N	\N	\N	\N	1
57	ERROR	https://sandbox.cashfree.com/pg/links	{"customer_details": {"customer_email": "satheeshappz@gmail.com", "customer_name": "EMP00002", "customer_phone": "7736500760"}, "link_amount": 191968.0, "link_currency": "INR", "link_id": "CF_ORD-20250511-0019", "link_meta": {"notify_url": "http://127.0.0.1:8000/payment/cashfree/webhook/", "return_url": "http://127.0.0.1:8000/payment/cashfree/return/?order_id=CF_ORD-20250511-0019", "upi_intent": false}, "link_notify": {"send_email": true, "send_sms": true}, "link_purpose": "Payment for Order #ORD-20250511-0019"}	\N	\N	HTTPSConnectionPool(host='sandbox.cashfree.com', port=443): Max retries exceeded with url: /pg/links (Caused by NameResolutionError("<urllib3.connection.HTTPSConnection object at 0x72f31c50ca30>: Failed to resolve 'sandbox.cashfree.com' ([Errno -3] Temporary failure in name resolution)"))	2025-05-11 18:50:17.364653+00	\N	\N	\N	\N	1
58	CREATE_LINK	https://sandbox.cashfree.com/pg/links	{"customer_details": {"customer_email": "satheeshappz@gmail.com", "customer_name": "EMP00002", "customer_phone": "7736500760"}, "link_amount": 83986.0, "link_currency": "INR", "link_id": "CF_ORD-20250511-0020", "link_meta": {"notify_url": "http://127.0.0.1:8000/payment/cashfree/webhook/", "return_url": "http://127.0.0.1:8000/payment/cashfree/return/?order_id=CF_ORD-20250511-0020", "upi_intent": false}, "link_notify": {"send_email": true, "send_sms": true}, "link_purpose": "Payment for Order #ORD-20250511-0020"}	200	{"cf_link_id": 6461588, "customer_details": {"customer_name": "EMP00002", "country_code": "+91", "customer_phone": "7736500760", "customer_email": "satheeshappz@gmail.com"}, "enable_invoice": false, "entity": "link", "link_amount": 83986, "link_amount_paid": 0, "link_auto_reminders": false, "link_created_at": "2025-05-12T00:21:04+05:30", "link_currency": "INR", "link_expiry_time": "2025-06-11T00:21:04+05:30", "link_id": "CF_ORD-20250511-0020", "link_meta": {"notify_url": "http://127.0.0.1:8000/payment/cashfree/webhook/", "payment_methods": "", "return_url": "http://127.0.0.1:8000/payment/cashfree/return/?order_id=CF_ORD-20250511-0020", "upi_intent": "false"}, "link_minimum_partial_amount": null, "link_notes": {}, "link_notify": {"send_email": true, "send_sms": true}, "link_partial_payments": false, "link_purpose": "Payment for Order #ORD-20250511-0020", "link_status": "ACTIVE", "link_url": "https://payments-test.cashfree.com/links/P8hp84u8f3rg", "order_splits": [], "terms_and_conditions": "", "thank_you_msg": ""}	\N	2025-05-11 18:51:04.768075+00	\N	CF_ORD-20250511-0020	\N	\N	1
59	CREATE_LINK	https://sandbox.cashfree.com/pg/links	{"customer_details": {"customer_email": "satheeshappz@gmail.com", "customer_name": "EMP00002", "customer_phone": "7736500760"}, "link_amount": 83986.0, "link_currency": "INR", "link_id": "CF_ORD-20250511-0021", "link_meta": {"notify_url": "http://127.0.0.1:8000/payment/cashfree/webhook/", "return_url": "http://127.0.0.1:8000/payment/cashfree/return/?order_id=CF_ORD-20250511-0021", "upi_intent": false}, "link_notify": {"send_email": true, "send_sms": true}, "link_purpose": "Payment for Order #ORD-20250511-0021"}	200	{"cf_link_id": 6461589, "customer_details": {"customer_name": "EMP00002", "country_code": "+91", "customer_phone": "7736500760", "customer_email": "satheeshappz@gmail.com"}, "enable_invoice": false, "entity": "link", "link_amount": 83986, "link_amount_paid": 0, "link_auto_reminders": false, "link_created_at": "2025-05-12T00:22:42+05:30", "link_currency": "INR", "link_expiry_time": "2025-06-11T00:22:42+05:30", "link_id": "CF_ORD-20250511-0021", "link_meta": {"notify_url": "http://127.0.0.1:8000/payment/cashfree/webhook/", "payment_methods": "", "return_url": "http://127.0.0.1:8000/payment/cashfree/return/?order_id=CF_ORD-20250511-0021", "upi_intent": "false"}, "link_minimum_partial_amount": null, "link_notes": {}, "link_notify": {"send_email": true, "send_sms": true}, "link_partial_payments": false, "link_purpose": "Payment for Order #ORD-20250511-0021", "link_status": "ACTIVE", "link_url": "https://payments-test.cashfree.com/links/x8hp8asvv3rg", "order_splits": [], "terms_and_conditions": "", "thank_you_msg": ""}	\N	2025-05-11 18:52:42.991895+00	\N	CF_ORD-20250511-0021	\N	\N	1
60	CREATE_LINK	https://sandbox.cashfree.com/pg/links	{"customer_details": {"customer_email": "satheeshappz@gmail.com", "customer_name": "EMP00002", "customer_phone": "7736500760"}, "link_amount": 83986.0, "link_currency": "INR", "link_id": "CF_ORD-20250511-0021", "link_meta": {"notify_url": "http://127.0.0.1:8000/payment/cashfree/webhook/", "return_url": "http://127.0.0.1:8000/payment/cashfree/return/?order_id=CF_ORD-20250511-0021", "upi_intent": false}, "link_notify": {"send_email": true, "send_sms": true}, "link_purpose": "Payment for Order #ORD-20250511-0021"}	400	{"code": "link_post_failed", "message": "Link ID already exists", "type": "invalid_request_error"}	\N	2025-05-11 18:52:50.932245+00	\N	\N	\N	\N	1
61	CREATE_LINK	https://sandbox.cashfree.com/pg/links	{"customer_details": {"customer_email": "satheeshappz@gmail.com", "customer_name": "EMP00002", "customer_phone": "7736500760"}, "link_amount": 83986.0, "link_currency": "INR", "link_id": "ORD-20250511-0021", "link_meta": {"notify_url": "http://127.0.0.1:8000/payment/cashfree/webhook/", "return_url": "http://127.0.0.1:8000/payment/cashfree/return/?order_id=CF_ORD-20250511-0021", "upi_intent": false}, "link_notify": {"send_email": true, "send_sms": true}, "link_purpose": "Payment for Order #ORD-20250511-0021"}	200	{"cf_link_id": 6461592, "customer_details": {"customer_name": "EMP00002", "country_code": "+91", "customer_phone": "7736500760", "customer_email": "satheeshappz@gmail.com"}, "enable_invoice": false, "entity": "link", "link_amount": 83986, "link_amount_paid": 0, "link_auto_reminders": false, "link_created_at": "2025-05-12T00:25:53+05:30", "link_currency": "INR", "link_expiry_time": "2025-06-11T00:25:53+05:30", "link_id": "ORD-20250511-0021", "link_meta": {"notify_url": "http://127.0.0.1:8000/payment/cashfree/webhook/", "payment_methods": "", "return_url": "http://127.0.0.1:8000/payment/cashfree/return/?order_id=CF_ORD-20250511-0021", "upi_intent": "false"}, "link_minimum_partial_amount": null, "link_notes": {}, "link_notify": {"send_email": true, "send_sms": true}, "link_partial_payments": false, "link_purpose": "Payment for Order #ORD-20250511-0021", "link_status": "ACTIVE", "link_url": "https://payments-test.cashfree.com/links/K8hp8miu33rg", "order_splits": [], "terms_and_conditions": "", "thank_you_msg": ""}	\N	2025-05-11 18:55:53.909779+00	\N	ORD-20250511-0021	\N	\N	1
62	CREATE_LINK	https://sandbox.cashfree.com/pg/links	{"customer_details": {"customer_email": "satheeshappz@gmail.com", "customer_name": "EMP00002", "customer_phone": "7736500760"}, "link_amount": 83986.0, "link_currency": "INR", "link_id": "ORD-20250511-0021", "link_meta": {"notify_url": "http://127.0.0.1:8000/payment/cashfree/webhook/", "return_url": "http://127.0.0.1:8000/payment/cashfree/return/?order_id=CF_ORD-20250511-0021", "upi_intent": false}, "link_notify": {"send_email": true, "send_sms": true}, "link_purpose": "Payment for Order #ORD-20250511-0021"}	400	{"code": "link_post_failed", "message": "Link ID already exists", "type": "invalid_request_error"}	\N	2025-05-11 18:56:45.559925+00	\N	\N	\N	\N	1
63	CREATE_LINK	https://sandbox.cashfree.com/pg/links	{"customer_details": {"customer_email": "satheeshappz@gmail.com", "customer_name": "EMP00002", "customer_phone": "7736500760"}, "link_amount": 71988.0, "link_currency": "INR", "link_id": "ORD-20250511-0022", "link_meta": {"notify_url": "http://127.0.0.1:8000/payment/cashfree/webhook/", "return_url": "http://127.0.0.1:8000/payment/cashfree/return/?order_id=ORD-20250511-0022", "upi_intent": false}, "link_notify": {"send_email": true, "send_sms": true}, "link_purpose": "Payment for Order #ORD-20250511-0022"}	200	{"cf_link_id": 6461594, "customer_details": {"customer_name": "EMP00002", "country_code": "+91", "customer_phone": "7736500760", "customer_email": "satheeshappz@gmail.com"}, "enable_invoice": false, "entity": "link", "link_amount": 71988, "link_amount_paid": 0, "link_auto_reminders": false, "link_created_at": "2025-05-12T00:36:12+05:30", "link_currency": "INR", "link_expiry_time": "2025-06-11T00:36:12+05:30", "link_id": "ORD-20250511-0022", "link_meta": {"notify_url": "http://127.0.0.1:8000/payment/cashfree/webhook/", "payment_methods": "", "return_url": "http://127.0.0.1:8000/payment/cashfree/return/?order_id=ORD-20250511-0022", "upi_intent": "false"}, "link_minimum_partial_amount": null, "link_notes": {}, "link_notify": {"send_email": true, "send_sms": true}, "link_partial_payments": false, "link_purpose": "Payment for Order #ORD-20250511-0022", "link_status": "ACTIVE", "link_url": "https://payments-test.cashfree.com/links/a8hp9sbp9cu0", "order_splits": [], "terms_and_conditions": "", "thank_you_msg": ""}	\N	2025-05-11 19:06:12.858758+00	\N	ORD-20250511-0022	\N	\N	1
64	CREATE_LINK	https://sandbox.cashfree.com/pg/links	{"customer_details": {"customer_email": "satheeshappz@gmail.com", "customer_name": "EMP00002", "customer_phone": "7736500760"}, "link_amount": 17997.0, "link_currency": "INR", "link_id": "ORD-20250511-0023", "link_meta": {"notify_url": "http://857a-2401-4900-6279-77b9-c82b-9da3-9edc-d752.ngrok-free.app/payment/cashfree/webhook/", "return_url": "http://857a-2401-4900-6279-77b9-c82b-9da3-9edc-d752.ngrok-free.app/payment/cashfree/return/?order_id=ORD-20250511-0023", "upi_intent": false}, "link_notify": {"send_email": true, "send_sms": true}, "link_purpose": "Payment for Order #ORD-20250511-0023"}	200	{"cf_link_id": 6461595, "customer_details": {"customer_name": "EMP00002", "country_code": "+91", "customer_phone": "7736500760", "customer_email": "satheeshappz@gmail.com"}, "enable_invoice": false, "entity": "link", "link_amount": 17997, "link_amount_paid": 0, "link_auto_reminders": false, "link_created_at": "2025-05-12T00:45:07+05:30", "link_currency": "INR", "link_expiry_time": "2025-06-11T00:45:07+05:30", "link_id": "ORD-20250511-0023", "link_meta": {"notify_url": "http://857a-2401-4900-6279-77b9-c82b-9da3-9edc-d752.ngrok-free.app/payment/cashfree/webhook/", "payment_methods": "", "return_url": "http://857a-2401-4900-6279-77b9-c82b-9da3-9edc-d752.ngrok-free.app/payment/cashfree/return/?order_id=ORD-20250511-0023", "upi_intent": "false"}, "link_minimum_partial_amount": null, "link_notes": {}, "link_notify": {"send_email": true, "send_sms": true}, "link_partial_payments": false, "link_purpose": "Payment for Order #ORD-20250511-0023", "link_status": "ACTIVE", "link_url": "https://payments-test.cashfree.com/links/Z8hpat0jbcu0", "order_splits": [], "terms_and_conditions": "", "thank_you_msg": ""}	\N	2025-05-11 19:15:07.733909+00	\N	ORD-20250511-0023	\N	\N	1
65	ERROR	/payment/cashfree/webhook/	{"data":{"cf_link_id":1576977,"customer_details":{"customer_email":"john@gmail.com","customer_name":"John ","customer_phone":"9000000000"},"link_amount":"200.12","link_amount_paid":"55.00","link_auto_reminders":true,"link_created_at":"2021-08-18T07:13:41","link_currency":"INR","link_expiry_time":"2021-11-28T21:46:20","link_id":"payment_ps11","link_meta":{"notify_url":"https://ee08e626ecd88c61c85f5c69c0418cb5.m.pipedream.net"},"link_minimum_partial_amount":"11.00","link_notes":{"note_key_1":"note_value_1"},"link_notify":{"send_email":true,"send_sms":true},"link_partial_payments":true,"link_purpose":"Payment for order 10","link_status":"PARTIALLY_PAID","link_url":"https://payments-test.cashfree.com/links//U1mgll3c0e9g","order":{"order_amount":"22.00","order_expiry_time":"2021-08-18T07:34:50","order_hash":"Gb2gC7z0tILhGbZUIeds","order_id":"CFPay_U1mgll3c0e9g_ehdcjjbtckf","transaction_id":1021206,"transaction_status":"SUCCESS"}},"type":"PAYMENT_LINK_EVENT","version":"1","event_time":"2021-08-18T12:55:06+05:30"}	400	{"status": "error", "message": "Missing order_id", "order_id": null, "payment_status": null}	Missing order_id	2025-05-11 19:29:11.958862+00	\N	\N	\N	\N	1
66	ERROR	/payment/cashfree/webhook/	{"data":{"cf_link_id":1576977,"customer_details":{"customer_email":"john@gmail.com","customer_name":"John ","customer_phone":"9000000000"},"link_amount":"200.12","link_amount_paid":"55.00","link_auto_reminders":true,"link_created_at":"2021-08-18T07:13:41","link_currency":"INR","link_expiry_time":"2021-11-28T21:46:20","link_id":"payment_ps11","link_meta":{"notify_url":"https://ee08e626ecd88c61c85f5c69c0418cb5.m.pipedream.net"},"link_minimum_partial_amount":"11.00","link_notes":{"note_key_1":"note_value_1"},"link_notify":{"send_email":true,"send_sms":true},"link_partial_payments":true,"link_purpose":"Payment for order 10","link_status":"PARTIALLY_PAID","link_url":"https://payments-test.cashfree.com/links//U1mgll3c0e9g","order":{"order_amount":"22.00","order_expiry_time":"2021-08-18T07:34:50","order_hash":"Gb2gC7z0tILhGbZUIeds","order_id":"CFPay_U1mgll3c0e9g_ehdcjjbtckf","transaction_id":1021206,"transaction_status":"SUCCESS"}},"type":"PAYMENT_LINK_EVENT","version":"1","event_time":"2021-08-18T12:55:06+05:30"}	400	{"status": "error", "message": "Missing order_id", "order_id": null, "payment_status": null}	Missing order_id	2025-05-11 19:29:14.450339+00	\N	\N	\N	\N	1
73	WEBHOOK	/payment/cashfree/webhook/	\N	0	{"data":{"cf_link_id":1576977,"customer_details":{"customer_email":"john@gmail.com","customer_name":"John ","customer_phone":"9000000000"},"link_amount":"200.12","link_amount_paid":"55.00","link_auto_reminders":true,"link_created_at":"2021-08-18T07:13:41","link_currency":"INR","link_expiry_time":"2021-11-28T21:46:20","link_id":"payment_ps11","link_meta":{"notify_url":"https://ee08e626ecd88c61c85f5c69c0418cb5.m.pipedream.net"},"link_minimum_partial_amount":"11.00","link_notes":{"note_key_1":"note_value_1"},"link_notify":{"send_email":true,"send_sms":true},"link_partial_payments":true,"link_purpose":"Payment for order 10","link_status":"PARTIALLY_PAID","link_url":"https://payments-test.cashfree.com/links//U1mgll3c0e9g","order":{"order_amount":"22.00","order_expiry_time":"2021-08-18T07:34:50","order_hash":"Gb2gC7z0tILhGbZUIeds","order_id":"CFPay_U1mgll3c0e9g_ehdcjjbtckf","transaction_id":1021206,"transaction_status":"SUCCESS"}},"type":"PAYMENT_LINK_EVENT","version":"1","event_time":"2021-08-18T12:55:06+05:30"}	Missing order_id	2025-05-11 19:39:09.397573+00	\N	\N	\N	\N	1
67	CREATE_LINK	https://sandbox.cashfree.com/pg/links	{"customer_details": {"customer_email": "satheeshappz@gmail.com", "customer_name": "EMP00002", "customer_phone": "7736500760"}, "link_amount": 11998.0, "link_currency": "INR", "link_id": "ORD-20250511-0024", "link_meta": {"notify_url": "http://857a-2401-4900-6279-77b9-c82b-9da3-9edc-d752.ngrok-free.app/payment/cashfree/webhook/", "return_url": "http://857a-2401-4900-6279-77b9-c82b-9da3-9edc-d752.ngrok-free.app/payment/cashfree/return/?order_id=ORD-20250511-0024", "upi_intent": false}, "link_notify": {"send_email": true, "send_sms": true}, "link_purpose": "Payment for Order #ORD-20250511-0024"}	200	{"cf_link_id": 6461597, "customer_details": {"customer_name": "EMP00002", "country_code": "+91", "customer_phone": "7736500760", "customer_email": "satheeshappz@gmail.com"}, "enable_invoice": false, "entity": "link", "link_amount": 11998, "link_amount_paid": 0, "link_auto_reminders": false, "link_created_at": "2025-05-12T01:04:06+05:30", "link_currency": "INR", "link_expiry_time": "2025-06-11T01:04:06+05:30", "link_id": "ORD-20250511-0024", "link_meta": {"notify_url": "http://857a-2401-4900-6279-77b9-c82b-9da3-9edc-d752.ngrok-free.app/payment/cashfree/webhook/", "payment_methods": "", "return_url": "http://857a-2401-4900-6279-77b9-c82b-9da3-9edc-d752.ngrok-free.app/payment/cashfree/return/?order_id=ORD-20250511-0024", "upi_intent": "false"}, "link_minimum_partial_amount": null, "link_notes": {}, "link_notify": {"send_email": true, "send_sms": true}, "link_partial_payments": false, "link_purpose": "Payment for Order #ORD-20250511-0024", "link_status": "ACTIVE", "link_url": "https://payments-test.cashfree.com/links/b8hpd2g5p3rg", "order_splits": [], "terms_and_conditions": "", "thank_you_msg": ""}	\N	2025-05-11 19:34:05.929683+00	\N	ORD-20250511-0024	\N	\N	1
68	WEBHOOK	/payment/cashfree/webhook/	\N	0	{"data":{"cf_link_id":1576977,"customer_details":{"customer_email":"john@gmail.com","customer_name":"John ","customer_phone":"9000000000"},"link_amount":"200.12","link_amount_paid":"55.00","link_auto_reminders":true,"link_created_at":"2021-08-18T07:13:41","link_currency":"INR","link_expiry_time":"2021-11-28T21:46:20","link_id":"payment_ps11","link_meta":{"notify_url":"https://ee08e626ecd88c61c85f5c69c0418cb5.m.pipedream.net"},"link_minimum_partial_amount":"11.00","link_notes":{"note_key_1":"note_value_1"},"link_notify":{"send_email":true,"send_sms":true},"link_partial_payments":true,"link_purpose":"Payment for order 10","link_status":"PARTIALLY_PAID","link_url":"https://payments-test.cashfree.com/links//U1mgll3c0e9g","order":{"order_amount":"22.00","order_expiry_time":"2021-08-18T07:34:50","order_hash":"Gb2gC7z0tILhGbZUIeds","order_id":"CFPay_U1mgll3c0e9g_ehdcjjbtckf","transaction_id":1021206,"transaction_status":"SUCCESS"}},"type":"PAYMENT_LINK_EVENT","version":"1","event_time":"2021-08-18T12:55:06+05:30"}	Missing order_id	2025-05-11 19:35:54.606443+00	\N	\N	\N	\N	1
69	WEBHOOK	/payment/cashfree/webhook/	\N	0	{"data":{"cf_link_id":1576977,"customer_details":{"customer_email":"john@gmail.com","customer_name":"John ","customer_phone":"9000000000"},"link_amount":"200.12","link_amount_paid":"55.00","link_auto_reminders":true,"link_created_at":"2021-08-18T07:13:41","link_currency":"INR","link_expiry_time":"2021-11-28T21:46:20","link_id":"payment_ps11","link_meta":{"notify_url":"https://ee08e626ecd88c61c85f5c69c0418cb5.m.pipedream.net"},"link_minimum_partial_amount":"11.00","link_notes":{"note_key_1":"note_value_1"},"link_notify":{"send_email":true,"send_sms":true},"link_partial_payments":true,"link_purpose":"Payment for order 10","link_status":"PARTIALLY_PAID","link_url":"https://payments-test.cashfree.com/links//U1mgll3c0e9g","order":{"order_amount":"22.00","order_expiry_time":"2021-08-18T07:34:50","order_hash":"Gb2gC7z0tILhGbZUIeds","order_id":"CFPay_U1mgll3c0e9g_ehdcjjbtckf","transaction_id":1021206,"transaction_status":"SUCCESS"}},"type":"PAYMENT_LINK_EVENT","version":"1","event_time":"2021-08-18T12:55:06+05:30"}	Missing order_id	2025-05-11 19:35:56.500919+00	\N	\N	\N	\N	1
70	WEBHOOK	/payment/cashfree/webhook/	\N	0	{"data":{"cf_link_id":1576977,"customer_details":{"customer_email":"john@gmail.com","customer_name":"John ","customer_phone":"9000000000"},"link_amount":"200.12","link_amount_paid":"55.00","link_auto_reminders":true,"link_created_at":"2021-08-18T07:13:41","link_currency":"INR","link_expiry_time":"2021-11-28T21:46:20","link_id":"payment_ps11","link_meta":{"notify_url":"https://ee08e626ecd88c61c85f5c69c0418cb5.m.pipedream.net"},"link_minimum_partial_amount":"11.00","link_notes":{"note_key_1":"note_value_1"},"link_notify":{"send_email":true,"send_sms":true},"link_partial_payments":true,"link_purpose":"Payment for order 10","link_status":"PARTIALLY_PAID","link_url":"https://payments-test.cashfree.com/links//U1mgll3c0e9g","order":{"order_amount":"22.00","order_expiry_time":"2021-08-18T07:34:50","order_hash":"Gb2gC7z0tILhGbZUIeds","order_id":"CFPay_U1mgll3c0e9g_ehdcjjbtckf","transaction_id":1021206,"transaction_status":"SUCCESS"}},"type":"PAYMENT_LINK_EVENT","version":"1","event_time":"2021-08-18T12:55:06+05:30"}	Missing order_id	2025-05-11 19:36:32.083924+00	\N	\N	\N	\N	1
71	WEBHOOK	/payment/cashfree/webhook/	\N	0	{"data":{"cf_link_id":1576977,"customer_details":{"customer_email":"john@gmail.com","customer_name":"John ","customer_phone":"9000000000"},"link_amount":"200.12","link_amount_paid":"55.00","link_auto_reminders":true,"link_created_at":"2021-08-18T07:13:41","link_currency":"INR","link_expiry_time":"2021-11-28T21:46:20","link_id":"payment_ps11","link_meta":{"notify_url":"https://ee08e626ecd88c61c85f5c69c0418cb5.m.pipedream.net"},"link_minimum_partial_amount":"11.00","link_notes":{"note_key_1":"note_value_1"},"link_notify":{"send_email":true,"send_sms":true},"link_partial_payments":true,"link_purpose":"Payment for order 10","link_status":"PARTIALLY_PAID","link_url":"https://payments-test.cashfree.com/links//U1mgll3c0e9g","order":{"order_amount":"22.00","order_expiry_time":"2021-08-18T07:34:50","order_hash":"Gb2gC7z0tILhGbZUIeds","order_id":"CFPay_U1mgll3c0e9g_ehdcjjbtckf","transaction_id":1021206,"transaction_status":"SUCCESS"}},"type":"PAYMENT_LINK_EVENT","version":"1","event_time":"2021-08-18T12:55:06+05:30"}	Missing order_id	2025-05-11 19:37:26.662671+00	\N	\N	\N	\N	1
72	WEBHOOK	/payment/cashfree/webhook/	\N	0	{"data":{"cf_link_id":1576977,"customer_details":{"customer_email":"john@gmail.com","customer_name":"John ","customer_phone":"9000000000"},"link_amount":"200.12","link_amount_paid":"55.00","link_auto_reminders":true,"link_created_at":"2021-08-18T07:13:41","link_currency":"INR","link_expiry_time":"2021-11-28T21:46:20","link_id":"payment_ps11","link_meta":{"notify_url":"https://ee08e626ecd88c61c85f5c69c0418cb5.m.pipedream.net"},"link_minimum_partial_amount":"11.00","link_notes":{"note_key_1":"note_value_1"},"link_notify":{"send_email":true,"send_sms":true},"link_partial_payments":true,"link_purpose":"Payment for order 10","link_status":"PARTIALLY_PAID","link_url":"https://payments-test.cashfree.com/links//U1mgll3c0e9g","order":{"order_amount":"22.00","order_expiry_time":"2021-08-18T07:34:50","order_hash":"Gb2gC7z0tILhGbZUIeds","order_id":"CFPay_U1mgll3c0e9g_ehdcjjbtckf","transaction_id":1021206,"transaction_status":"SUCCESS"}},"type":"PAYMENT_LINK_EVENT","version":"1","event_time":"2021-08-18T12:55:06+05:30"}	Missing order_id	2025-05-11 19:37:29.516735+00	\N	\N	\N	\N	1
74	WEBHOOK	/payment/cashfree/webhook/	\N	0	{"data":{"cf_link_id":1576977,"customer_details":{"customer_email":"john@gmail.com","customer_name":"John ","customer_phone":"9000000000"},"link_amount":"200.12","link_amount_paid":"55.00","link_auto_reminders":true,"link_created_at":"2021-08-18T07:13:41","link_currency":"INR","link_expiry_time":"2021-11-28T21:46:20","link_id":"payment_ps11","link_meta":{"notify_url":"https://ee08e626ecd88c61c85f5c69c0418cb5.m.pipedream.net"},"link_minimum_partial_amount":"11.00","link_notes":{"note_key_1":"note_value_1"},"link_notify":{"send_email":true,"send_sms":true},"link_partial_payments":true,"link_purpose":"Payment for order 10","link_status":"PARTIALLY_PAID","link_url":"https://payments-test.cashfree.com/links//U1mgll3c0e9g","order":{"order_amount":"22.00","order_expiry_time":"2021-08-18T07:34:50","order_hash":"Gb2gC7z0tILhGbZUIeds","order_id":"CFPay_U1mgll3c0e9g_ehdcjjbtckf","transaction_id":1021206,"transaction_status":"SUCCESS"}},"type":"PAYMENT_LINK_EVENT","version":"1","event_time":"2021-08-18T12:55:06+05:30"}	Payment not found	2025-05-11 19:40:47.089705+00	\N	\N	\N	\N	1
75	WEBHOOK	/payment/cashfree/webhook/	\N	0	{"data":{"cf_link_id":1576977,"customer_details":{"customer_email":"john@gmail.com","customer_name":"John ","customer_phone":"9000000000"},"link_amount":"200.12","link_amount_paid":"55.00","link_auto_reminders":true,"link_created_at":"2021-08-18T07:13:41","link_currency":"INR","link_expiry_time":"2021-11-28T21:46:20","link_id":"payment_ps11","link_meta":{"notify_url":"https://ee08e626ecd88c61c85f5c69c0418cb5.m.pipedream.net"},"link_minimum_partial_amount":"11.00","link_notes":{"note_key_1":"note_value_1"},"link_notify":{"send_email":true,"send_sms":true},"link_partial_payments":true,"link_purpose":"Payment for order 10","link_status":"PARTIALLY_PAID","link_url":"https://payments-test.cashfree.com/links//U1mgll3c0e9g","order":{"order_amount":"22.00","order_expiry_time":"2021-08-18T07:34:50","order_hash":"Gb2gC7z0tILhGbZUIeds","order_id":"CFPay_U1mgll3c0e9g_ehdcjjbtckf","transaction_id":1021206,"transaction_status":"SUCCESS"}},"type":"PAYMENT_LINK_EVENT","version":"1","event_time":"2021-08-18T12:55:06+05:30"}	Payment not found	2025-05-11 19:40:48.803847+00	\N	\N	\N	\N	1
76	WEBHOOK	/payment/cashfree/webhook/	\N	0	{"data":{"cf_link_id":1576977,"customer_details":{"customer_email":"john@gmail.com","customer_name":"John ","customer_phone":"9000000000"},"link_amount":"200.12","link_amount_paid":"55.00","link_auto_reminders":true,"link_created_at":"2021-08-18T07:13:41","link_currency":"INR","link_expiry_time":"2021-11-28T21:46:20","link_id":"payment_ps11","link_meta":{"notify_url":"https://ee08e626ecd88c61c85f5c69c0418cb5.m.pipedream.net"},"link_minimum_partial_amount":"11.00","link_notes":{"note_key_1":"note_value_1"},"link_notify":{"send_email":true,"send_sms":true},"link_partial_payments":true,"link_purpose":"Payment for order 10","link_status":"PARTIALLY_PAID","link_url":"https://payments-test.cashfree.com/links//U1mgll3c0e9g","order":{"order_amount":"22.00","order_expiry_time":"2021-08-18T07:34:50","order_hash":"Gb2gC7z0tILhGbZUIeds","order_id":"CFPay_U1mgll3c0e9g_ehdcjjbtckf","transaction_id":1021206,"transaction_status":"SUCCESS"}},"type":"PAYMENT_LINK_EVENT","version":"1","event_time":"2021-08-18T12:55:06+05:30"}	Payment not found	2025-05-11 19:40:54.46564+00	\N	\N	\N	\N	1
77	WEBHOOK	/payment/cashfree/webhook/	\N	0	{"data":{"cf_link_id":1576977,"customer_details":{"customer_email":"john@gmail.com","customer_name":"John ","customer_phone":"9000000000"},"link_amount":"200.12","link_amount_paid":"55.00","link_auto_reminders":true,"link_created_at":"2021-08-18T07:13:41","link_currency":"INR","link_expiry_time":"2021-11-28T21:46:20","link_id":"payment_ps11","link_meta":{"notify_url":"https://ee08e626ecd88c61c85f5c69c0418cb5.m.pipedream.net"},"link_minimum_partial_amount":"11.00","link_notes":{"note_key_1":"note_value_1"},"link_notify":{"send_email":true,"send_sms":true},"link_partial_payments":true,"link_purpose":"Payment for order 10","link_status":"PARTIALLY_PAID","link_url":"https://payments-test.cashfree.com/links//U1mgll3c0e9g","order":{"order_amount":"22.00","order_expiry_time":"2021-08-18T07:34:50","order_hash":"Gb2gC7z0tILhGbZUIeds","order_id":"CFPay_U1mgll3c0e9g_ehdcjjbtckf","transaction_id":1021206,"transaction_status":"SUCCESS"}},"type":"PAYMENT_LINK_EVENT","version":"1","event_time":"2021-08-18T12:55:06+05:30"}	Payment not found	2025-05-11 19:40:59.987954+00	\N	\N	\N	\N	1
78	WEBHOOK	/payment/cashfree/webhook/	\N	0	{"data":{"cf_link_id":1576977,"customer_details":{"customer_email":"john@gmail.com","customer_name":"John ","customer_phone":"9000000000"},"link_amount":"200.12","link_amount_paid":"55.00","link_auto_reminders":true,"link_created_at":"2021-08-18T07:13:41","link_currency":"INR","link_expiry_time":"2021-11-28T21:46:20","link_id":"payment_ps11","link_meta":{"notify_url":"https://ee08e626ecd88c61c85f5c69c0418cb5.m.pipedream.net"},"link_minimum_partial_amount":"11.00","link_notes":{"note_key_1":"note_value_1"},"link_notify":{"send_email":true,"send_sms":true},"link_partial_payments":true,"link_purpose":"Payment for order 10","link_status":"PARTIALLY_PAID","link_url":"https://payments-test.cashfree.com/links//U1mgll3c0e9g","order":{"order_amount":"22.00","order_expiry_time":"2021-08-18T07:34:50","order_hash":"Gb2gC7z0tILhGbZUIeds","order_id":"CFPay_U1mgll3c0e9g_ehdcjjbtckf","transaction_id":1021206,"transaction_status":"SUCCESS"}},"type":"PAYMENT_LINK_EVENT","version":"1","event_time":"2021-08-18T12:55:06+05:30"}	Payment not found	2025-05-11 21:09:52.614263+00	\N	\N	\N	\N	1
79	WEBHOOK	/payment/cashfree/webhook/	\N	0	{"data":{"cf_link_id":1576977,"customer_details":{"customer_email":"john@gmail.com","customer_name":"John ","customer_phone":"9000000000"},"link_amount":"200.12","link_amount_paid":"55.00","link_auto_reminders":true,"link_created_at":"2021-08-18T07:13:41","link_currency":"INR","link_expiry_time":"2021-11-28T21:46:20","link_id":"payment_ps11","link_meta":{"notify_url":"https://ee08e626ecd88c61c85f5c69c0418cb5.m.pipedream.net"},"link_minimum_partial_amount":"11.00","link_notes":{"note_key_1":"note_value_1"},"link_notify":{"send_email":true,"send_sms":true},"link_partial_payments":true,"link_purpose":"Payment for order 10","link_status":"PARTIALLY_PAID","link_url":"https://payments-test.cashfree.com/links//U1mgll3c0e9g","order":{"order_amount":"22.00","order_expiry_time":"2021-08-18T07:34:50","order_hash":"Gb2gC7z0tILhGbZUIeds","order_id":"CFPay_U1mgll3c0e9g_ehdcjjbtckf","transaction_id":1021206,"transaction_status":"SUCCESS"}},"type":"PAYMENT_LINK_EVENT","version":"1","event_time":"2021-08-18T12:55:06+05:30"}	\N	2025-05-11 21:10:17.675588+00	\N	\N	\N	\N	1
97	CREATE_LINK	https://sandbox.cashfree.com/pg/links	{"customer_details": {"customer_email": "satheeshappz@gmail.com", "customer_name": "EMP00002", "customer_phone": "7736500760"}, "link_amount": 23996.0, "link_currency": "INR", "link_id": "ORD-20250519-0006", "link_meta": {"notify_url": "http://eb93-2401-4900-6270-f538-6b0d-4038-96d3-5d0c.ngrok-free.app/payment/cashfree/webhook/", "return_url": "http://eb93-2401-4900-6270-f538-6b0d-4038-96d3-5d0c.ngrok-free.app/payment/cashfree/return/?order_id=ORD-20250519-0006", "upi_intent": false}, "link_notify": {"send_email": true, "send_sms": true}, "link_purpose": "Payment for Order #ORD-20250519-0006"}	400	{"code": "link_post_failed", "message": "Link ID already exists", "type": "invalid_request_error"}	\N	2025-05-19 10:54:08.817044+00	\N	\N	\N	\N	1
80	CREATE_LINK	https://sandbox.cashfree.com/pg/links	{"customer_details": {"customer_email": "satheeshappz@gmail.com", "customer_name": "EMP00002", "customer_phone": "7736500760"}, "link_amount": 11998.0, "link_currency": "INR", "link_id": "ORD-20250511-0025", "link_meta": {"notify_url": "http://857a-2401-4900-6279-77b9-c82b-9da3-9edc-d752.ngrok-free.app/payment/cashfree/webhook/", "return_url": "http://857a-2401-4900-6279-77b9-c82b-9da3-9edc-d752.ngrok-free.app/payment/cashfree/return/?order_id=ORD-20250511-0025", "upi_intent": false}, "link_notify": {"send_email": true, "send_sms": true}, "link_purpose": "Payment for Order #ORD-20250511-0025"}	200	{"cf_link_id": 6461602, "customer_details": {"customer_name": "EMP00002", "country_code": "+91", "customer_phone": "7736500760", "customer_email": "satheeshappz@gmail.com"}, "enable_invoice": false, "entity": "link", "link_amount": 11998, "link_amount_paid": 0, "link_auto_reminders": false, "link_created_at": "2025-05-12T02:40:46+05:30", "link_currency": "INR", "link_expiry_time": "2025-06-11T02:40:46+05:30", "link_id": "ORD-20250511-0025", "link_meta": {"notify_url": "http://857a-2401-4900-6279-77b9-c82b-9da3-9edc-d752.ngrok-free.app/payment/cashfree/webhook/", "payment_methods": "", "return_url": "http://857a-2401-4900-6279-77b9-c82b-9da3-9edc-d752.ngrok-free.app/payment/cashfree/return/?order_id=ORD-20250511-0025", "upi_intent": "false"}, "link_minimum_partial_amount": null, "link_notes": {}, "link_notify": {"send_email": true, "send_sms": true}, "link_partial_payments": false, "link_purpose": "Payment for Order #ORD-20250511-0025", "link_status": "ACTIVE", "link_url": "https://payments-test.cashfree.com/links/j8hpo4hj73rg", "order_splits": [], "terms_and_conditions": "", "thank_you_msg": ""}	\N	2025-05-11 21:10:46.225411+00	\N	ORD-20250511-0025	\N	\N	1
81	WEBHOOK	/payment/cashfree/webhook/	\N	0	{"data":{"link_amount":"11998.00","link_currency":"INR","link_minimum_partial_amount":null,"link_amount_paid":"11998.00","link_purpose":"Payment for Order #ORD-20250511-0025","link_notes":{},"link_created_at":"2025-05-12T02:40:47+05:30","customer_details":{"customer_phone":"7736500760","customer_email":"satheeshappz@gmail.com","customer_name":"EMP00002"},"link_meta":{"notify_url":"https://857a-2401-4900-6279-77b9-c82b-9da3-9edc-d752.ngrok-free.app/payment/cashfree/webhook/","upi_intent":false,"return_url":"http://857a-2401-4900-6279-77b9-c82b-9da3-9edc-d752.ngrok-free.app/payment/cashfree/return/?order_id=ORD-20250511-0025","payment_methods":null},"cf_link_id":6461602,"link_id":"ORD-20250511-0025","link_url":"https://payments-test.cashfree.com/links/j8hpo4hj73rg","link_expiry_time":"2025-06-11T02:40:46+05:30","order":{"order_id":"CFPay_j8hpo4hj73rg_5ls2qjejk8","order_expiry_time":"2025-06-11T02:40:16+05:30","order_hash":"h9hm351dAVb4jou0qrX3","order_amount":"11998.00","transaction_id":5114917881597,"transaction_status":"SUCCESS"},"link_status":"PAID","link_partial_payments":false,"link_auto_reminders":false,"link_notify":{"send_sms":true,"send_email":true}},"type":"PAYMENT_LINK_EVENT","version":1,"event_time":"2025-05-12T02:41:09+05:30"}	\N	2025-05-11 21:11:09.36055+00	\N	\N	\N	\N	1
82	CREATE_LINK	https://sandbox.cashfree.com/pg/links	{"customer_details": {"customer_email": "satheeshappz@gmail.com", "customer_name": "EMP00002", "customer_phone": "7736500760"}, "link_amount": 23996.0, "link_currency": "INR", "link_id": "ORD-20250519-0001", "link_meta": {"notify_url": "http://127.0.0.1:8000/payment/cashfree/webhook/", "return_url": "http://127.0.0.1:8000/payment/cashfree/return/?order_id=ORD-20250519-0001", "upi_intent": false}, "link_notify": {"send_email": true, "send_sms": true}, "link_purpose": "Payment for Order #ORD-20250519-0001"}	200	{"cf_link_id": 6470094, "customer_details": {"customer_name": "EMP00002", "country_code": "+91", "customer_phone": "7736500760", "customer_email": "satheeshappz@gmail.com"}, "enable_invoice": false, "entity": "link", "link_amount": 23996, "link_amount_paid": 0, "link_auto_reminders": false, "link_created_at": "2025-05-19T15:28:09+05:30", "link_currency": "INR", "link_expiry_time": "2025-06-18T15:28:09+05:30", "link_id": "ORD-20250519-0001", "link_meta": {"notify_url": "http://127.0.0.1:8000/payment/cashfree/webhook/", "payment_methods": "", "return_url": "http://127.0.0.1:8000/payment/cashfree/return/?order_id=ORD-20250519-0001", "upi_intent": "false"}, "link_minimum_partial_amount": null, "link_notes": {}, "link_notify": {"send_email": true, "send_sms": true}, "link_partial_payments": false, "link_purpose": "Payment for Order #ORD-20250519-0001", "link_status": "ACTIVE", "link_url": "https://payments-test.cashfree.com/links/f8j0hgqc86u0", "order_splits": [], "terms_and_conditions": "", "thank_you_msg": ""}	\N	2025-05-19 09:58:09.440261+00	\N	ORD-20250519-0001	\N	\N	1
83	CREATE_LINK	https://sandbox.cashfree.com/pg/links	{"customer_details": {"customer_email": "satheeshappz@gmail.com", "customer_name": "EMP00002", "customer_phone": "7736500760"}, "link_amount": 17997.0, "link_currency": "INR", "link_id": "ORD-20250519-0002", "link_meta": {"notify_url": "http://127.0.0.1:8000/payment/cashfree/webhook/", "return_url": "http://127.0.0.1:8000/payment/cashfree/return/?order_id=ORD-20250519-0002", "upi_intent": false}, "link_notify": {"send_email": true, "send_sms": true}, "link_purpose": "Payment for Order #ORD-20250519-0002"}	200	{"cf_link_id": 6470100, "customer_details": {"customer_name": "EMP00002", "country_code": "+91", "customer_phone": "7736500760", "customer_email": "satheeshappz@gmail.com"}, "enable_invoice": false, "entity": "link", "link_amount": 17997, "link_amount_paid": 0, "link_auto_reminders": false, "link_created_at": "2025-05-19T15:30:24+05:30", "link_currency": "INR", "link_expiry_time": "2025-06-18T15:30:24+05:30", "link_id": "ORD-20250519-0002", "link_meta": {"notify_url": "http://127.0.0.1:8000/payment/cashfree/webhook/", "payment_methods": "", "return_url": "http://127.0.0.1:8000/payment/cashfree/return/?order_id=ORD-20250519-0002", "upi_intent": "false"}, "link_minimum_partial_amount": null, "link_notes": {}, "link_notify": {"send_email": true, "send_sms": true}, "link_partial_payments": false, "link_purpose": "Payment for Order #ORD-20250519-0002", "link_status": "ACTIVE", "link_url": "https://payments-test.cashfree.com/links/r8j0hp35pqqg", "order_splits": [], "terms_and_conditions": "", "thank_you_msg": ""}	\N	2025-05-19 10:00:24.932028+00	\N	ORD-20250519-0002	\N	\N	1
91	WEBHOOK	/payment/cashfree/webhook/	\N	0	{"data":{"link_amount":"47992.00","link_currency":"INR","link_minimum_partial_amount":null,"link_amount_paid":"47992.00","link_purpose":"Payment for Order #ORD-20250519-0004","link_notes":{},"link_created_at":"2025-05-19T15:44:44+05:30","customer_details":{"customer_phone":"7736500760","customer_email":"satheeshappz@gmail.com","customer_name":"EMP00002"},"link_meta":{"notify_url":"https://eb93-2401-4900-6270-f538-6b0d-4038-96d3-5d0c.ngrok-free.app/payment/cashfree/webhook/","upi_intent":false,"return_url":"http://eb93-2401-4900-6270-f538-6b0d-4038-96d3-5d0c.ngrok-free.app/payment/cashfree/return/?order_id=ORD-20250519-0004","payment_methods":null},"cf_link_id":6470208,"link_id":"ORD-20250519-0004","link_url":"https://payments-test.cashfree.com/links/Q8j0jdg4e6u0","link_expiry_time":"2025-06-18T15:44:43+05:30","order":{"order_id":"CFPay_Q8j0jdg4e6u0_ecsohg3ie5","order_expiry_time":"2025-06-18T15:44:13+05:30","order_hash":"Sce9wQ4KixFdlAoJjTg9","order_amount":"47992.00","transaction_id":5114918061127,"transaction_status":"SUCCESS"},"link_status":"PAID","link_partial_payments":false,"link_auto_reminders":false,"link_notify":{"send_sms":true,"send_email":true}},"type":"PAYMENT_LINK_EVENT","version":1,"event_time":"2025-05-19T15:45:09+05:30"}	\N	2025-05-19 10:15:09.07989+00	\N	\N	\N	\N	1
84	CREATE_LINK	https://sandbox.cashfree.com/pg/links	{"customer_details": {"customer_email": "satheeshappz@gmail.com", "customer_name": "EMP00002", "customer_phone": "7736500760"}, "link_amount": 41993.0, "link_currency": "INR", "link_id": "ORD-20250519-0003", "link_meta": {"notify_url": "http://eb93-2401-4900-6270-f538-6b0d-4038-96d3-5d0c.ngrok-free.app/payment/cashfree/webhook/", "return_url": "http://eb93-2401-4900-6270-f538-6b0d-4038-96d3-5d0c.ngrok-free.app/payment/cashfree/return/?order_id=ORD-20250519-0003", "upi_intent": false}, "link_notify": {"send_email": true, "send_sms": true}, "link_purpose": "Payment for Order #ORD-20250519-0003"}	200	{"cf_link_id": 6470107, "customer_details": {"customer_name": "EMP00002", "country_code": "+91", "customer_phone": "7736500760", "customer_email": "satheeshappz@gmail.com"}, "enable_invoice": false, "entity": "link", "link_amount": 41993, "link_amount_paid": 0, "link_auto_reminders": false, "link_created_at": "2025-05-19T15:34:48+05:30", "link_currency": "INR", "link_expiry_time": "2025-06-18T15:34:48+05:30", "link_id": "ORD-20250519-0003", "link_meta": {"notify_url": "http://eb93-2401-4900-6270-f538-6b0d-4038-96d3-5d0c.ngrok-free.app/payment/cashfree/webhook/", "payment_methods": "", "return_url": "http://eb93-2401-4900-6270-f538-6b0d-4038-96d3-5d0c.ngrok-free.app/payment/cashfree/return/?order_id=ORD-20250519-0003", "upi_intent": "false"}, "link_minimum_partial_amount": null, "link_notes": {}, "link_notify": {"send_email": true, "send_sms": true}, "link_partial_payments": false, "link_purpose": "Payment for Order #ORD-20250519-0003", "link_status": "ACTIVE", "link_url": "https://payments-test.cashfree.com/links/b8j0i95r66u0", "order_splits": [], "terms_and_conditions": "", "thank_you_msg": ""}	\N	2025-05-19 10:04:48.437605+00	\N	ORD-20250519-0003	\N	\N	1
85	WEBHOOK	/payment/cashfree/webhook/	\N	0	{"data":{"test_object":{"test_key":"test_value"}},"type":"WEBHOOK","event_time":"2025-05-19T10:11:05.927Z"}	\N	2025-05-19 10:11:06.140818+00	\N	\N	\N	\N	1
86	WEBHOOK	/payment/cashfree/webhook/	\N	0	{"data":{"cf_link_id":1576977,"customer_details":{"customer_email":"john@gmail.com","customer_name":"John ","customer_phone":"9000000000"},"link_amount":"200.12","link_amount_paid":"55.00","link_auto_reminders":true,"link_created_at":"2021-08-18T07:13:41","link_currency":"INR","link_expiry_time":"2021-11-28T21:46:20","link_id":"payment_ps11","link_meta":{"notify_url":"https://ee08e626ecd88c61c85f5c69c0418cb5.m.pipedream.net"},"link_minimum_partial_amount":"11.00","link_notes":{"note_key_1":"note_value_1"},"link_notify":{"send_email":true,"send_sms":true},"link_partial_payments":true,"link_purpose":"Payment for order 10","link_status":"PARTIALLY_PAID","link_url":"https://payments-test.cashfree.com/links//U1mgll3c0e9g","order":{"order_amount":"22.00","order_expiry_time":"2021-08-18T07:34:50","order_hash":"Gb2gC7z0tILhGbZUIeds","order_id":"CFPay_U1mgll3c0e9g_ehdcjjbtckf","transaction_id":1021206,"transaction_status":"SUCCESS"}},"type":"PAYMENT_LINK_EVENT","version":"1","event_time":"2021-08-18T12:55:06+05:30"}	\N	2025-05-19 10:13:36.615624+00	\N	\N	\N	\N	1
87	WEBHOOK	/payment/cashfree/webhook/	\N	0	\N	\N	2025-05-19 10:14:12.622771+00	\N	\N	\N	\N	1
88	CREATE_LINK	https://sandbox.cashfree.com/pg/links	{"customer_details": {"customer_email": "satheeshappz@gmail.com", "customer_name": "EMP00002", "customer_phone": "7736500760"}, "link_amount": 47992.0, "link_currency": "INR", "link_id": "ORD-20250519-0004", "link_meta": {"notify_url": "http://eb93-2401-4900-6270-f538-6b0d-4038-96d3-5d0c.ngrok-free.app/payment/cashfree/webhook/", "return_url": "http://eb93-2401-4900-6270-f538-6b0d-4038-96d3-5d0c.ngrok-free.app/payment/cashfree/return/?order_id=ORD-20250519-0004", "upi_intent": false}, "link_notify": {"send_email": true, "send_sms": true}, "link_purpose": "Payment for Order #ORD-20250519-0004"}	200	{"cf_link_id": 6470208, "customer_details": {"customer_name": "EMP00002", "country_code": "+91", "customer_phone": "7736500760", "customer_email": "satheeshappz@gmail.com"}, "enable_invoice": false, "entity": "link", "link_amount": 47992, "link_amount_paid": 0, "link_auto_reminders": false, "link_created_at": "2025-05-19T15:44:43+05:30", "link_currency": "INR", "link_expiry_time": "2025-06-18T15:44:43+05:30", "link_id": "ORD-20250519-0004", "link_meta": {"notify_url": "http://eb93-2401-4900-6270-f538-6b0d-4038-96d3-5d0c.ngrok-free.app/payment/cashfree/webhook/", "payment_methods": "", "return_url": "http://eb93-2401-4900-6270-f538-6b0d-4038-96d3-5d0c.ngrok-free.app/payment/cashfree/return/?order_id=ORD-20250519-0004", "upi_intent": "false"}, "link_minimum_partial_amount": null, "link_notes": {}, "link_notify": {"send_email": true, "send_sms": true}, "link_partial_payments": false, "link_purpose": "Payment for Order #ORD-20250519-0004", "link_status": "ACTIVE", "link_url": "https://payments-test.cashfree.com/links/Q8j0jdg4e6u0", "order_splits": [], "terms_and_conditions": "", "thank_you_msg": ""}	\N	2025-05-19 10:14:43.525754+00	\N	ORD-20250519-0004	\N	\N	1
89	WEBHOOK	/payment/cashfree/webhook/	\N	0	{"data":{"order":{"order_id":"CFPay_Q8j0jdg4e6u0_ecsohg3ie5","order_amount":47992.00,"order_currency":"INR","order_tags":{"cf_link_id":"6470208","link_id":"ORD-20250519-0004"}},"payment":{"cf_payment_id":5114918061127,"payment_status":"SUCCESS","payment_amount":47992.00,"payment_currency":"INR","payment_message":"Simulated response message","payment_time":"2025-05-19T15:44:58+05:30","bank_reference":"5114918061127","auth_id":null,"payment_method":{"card":{"channel":null,"card_number":"XXXXXXXXXXXX2123","card_network":"visa","card_type":"debit_card","card_sub_type":"R","card_country":"IN","card_bank_name":"KOTAK MAHINDRA BANK"}},"payment_group":"debit_card"},"customer_details":{"customer_name":"EMP00002","customer_id":null,"customer_email":"satheeshappz@gmail.com","customer_phone":"+917736500760"},"payment_gateway_details":{"gateway_name":"CASHFREE","gateway_order_id":"2193142326","gateway_payment_id":"5114918061127","gateway_status_code":null,"gateway_order_reference_id":"null","gateway_settlement":"CASHFREE"},"payment_offers":null},"event_time":"2025-05-19T15:45:02+05:30","type":"PAYMENT_SUCCESS_WEBHOOK"}	\N	2025-05-19 10:15:02.661463+00	\N	\N	\N	\N	1
90	WEBHOOK	/payment/cashfree/webhook/	\N	0	{"data":{"order":{"order_id":"CFPay_Q8j0jdg4e6u0_ecsohg3ie5","order_amount":47992.00,"order_currency":"INR","order_tags":{"cf_link_id":"6470208","link_id":"ORD-20250519-0004"}},"payment":{"cf_payment_id":5114918061127,"payment_status":"SUCCESS","payment_amount":47992.00,"payment_currency":"INR","payment_message":"Simulated response message","payment_time":"2025-05-19T15:44:58+05:30","bank_reference":"5114918061127","auth_id":null,"payment_method":{"card":{"channel":null,"card_number":"XXXXXXXXXXXX2123","card_network":"visa","card_type":"debit_card","card_sub_type":null,"card_country":"IN","card_bank_name":"KOTAK MAHINDRA BANK"}},"payment_group":"debit_card"},"customer_details":{"customer_name":"EMP00002","customer_id":null,"customer_email":"satheeshappz@gmail.com","customer_phone":"+917736500760"},"charges_details":{"service_charge":911.85,"service_tax":164.13,"settlement_amount":46916.02,"settlement_currency":"INR","service_charge_discount":null}},"event_time":"2025-05-19T15:45:02+05:30","type":"PAYMENT_CHARGES_WEBHOOK"}	\N	2025-05-19 10:15:02.776844+00	\N	\N	\N	\N	1
92	CREATE_LINK	https://sandbox.cashfree.com/pg/links	{"customer_details": {"customer_email": "satheeshappz@gmail.com", "customer_name": "EMP00002", "customer_phone": "7736500760"}, "link_amount": 11998.0, "link_currency": "INR", "link_id": "ORD-20250519-0005", "link_meta": {"notify_url": "http://eb93-2401-4900-6270-f538-6b0d-4038-96d3-5d0c.ngrok-free.app/payment/cashfree/webhook/", "return_url": "http://eb93-2401-4900-6270-f538-6b0d-4038-96d3-5d0c.ngrok-free.app/payment/cashfree/return/?order_id=ORD-20250519-0005", "upi_intent": false}, "link_notify": {"send_email": true, "send_sms": true}, "link_purpose": "Payment for Order #ORD-20250519-0005"}	200	{"cf_link_id": 6470224, "customer_details": {"customer_name": "EMP00002", "country_code": "+91", "customer_phone": "7736500760", "customer_email": "satheeshappz@gmail.com"}, "enable_invoice": false, "entity": "link", "link_amount": 11998, "link_amount_paid": 0, "link_auto_reminders": false, "link_created_at": "2025-05-19T15:54:29+05:30", "link_currency": "INR", "link_expiry_time": "2025-06-18T15:54:29+05:30", "link_id": "ORD-20250519-0005", "link_meta": {"notify_url": "http://eb93-2401-4900-6270-f538-6b0d-4038-96d3-5d0c.ngrok-free.app/payment/cashfree/webhook/", "payment_methods": "", "return_url": "http://eb93-2401-4900-6270-f538-6b0d-4038-96d3-5d0c.ngrok-free.app/payment/cashfree/return/?order_id=ORD-20250519-0005", "upi_intent": "false"}, "link_minimum_partial_amount": null, "link_notes": {}, "link_notify": {"send_email": true, "send_sms": true}, "link_partial_payments": false, "link_purpose": "Payment for Order #ORD-20250519-0005", "link_status": "ACTIVE", "link_url": "https://payments-test.cashfree.com/links/v8j0kh8v46u0", "order_splits": [], "terms_and_conditions": "", "thank_you_msg": ""}	\N	2025-05-19 10:24:29.674369+00	\N	ORD-20250519-0005	\N	\N	1
93	WEBHOOK	/payment/cashfree/webhook/	\N	0	{"data":{"order":{"order_id":"CFPay_v8j0kh8v46u0_eddlhjrnkk","order_amount":11998.00,"order_currency":"INR","order_tags":{"cf_link_id":"6470224","link_id":"ORD-20250519-0005"}},"payment":{"cf_payment_id":5114918061247,"payment_status":"SUCCESS","payment_amount":11998.00,"payment_currency":"INR","payment_message":"Simulated response message","payment_time":"2025-05-19T15:54:39+05:30","bank_reference":"5114918061247","auth_id":null,"payment_method":{"card":{"channel":null,"card_number":"XXXXXXXXXXXX2123","card_network":"visa","card_type":"debit_card","card_sub_type":"R","card_country":"IN","card_bank_name":"KOTAK MAHINDRA BANK"}},"payment_group":"debit_card"},"customer_details":{"customer_name":"EMP00002","customer_id":null,"customer_email":"satheeshappz@gmail.com","customer_phone":"+917736500760"},"payment_gateway_details":{"gateway_name":"CASHFREE","gateway_order_id":"2193142492","gateway_payment_id":"5114918061247","gateway_status_code":null,"gateway_order_reference_id":"null","gateway_settlement":"CASHFREE"},"payment_offers":null},"event_time":"2025-05-19T15:54:42+05:30","type":"PAYMENT_SUCCESS_WEBHOOK"}	\N	2025-05-19 10:24:42.900934+00	\N	\N	\N	\N	1
94	WEBHOOK	/payment/cashfree/webhook/	\N	0	{"data":{"order":{"order_id":"CFPay_v8j0kh8v46u0_eddlhjrnkk","order_amount":11998.00,"order_currency":"INR","order_tags":{"cf_link_id":"6470224","link_id":"ORD-20250519-0005"}},"payment":{"cf_payment_id":5114918061247,"payment_status":"SUCCESS","payment_amount":11998.00,"payment_currency":"INR","payment_message":"Simulated response message","payment_time":"2025-05-19T15:54:39+05:30","bank_reference":"5114918061247","auth_id":null,"payment_method":{"card":{"channel":null,"card_number":"XXXXXXXXXXXX2123","card_network":"visa","card_type":"debit_card","card_sub_type":null,"card_country":"IN","card_bank_name":"KOTAK MAHINDRA BANK"}},"payment_group":"debit_card"},"customer_details":{"customer_name":"EMP00002","customer_id":null,"customer_email":"satheeshappz@gmail.com","customer_phone":"+917736500760"},"charges_details":{"service_charge":227.96,"service_tax":41.03,"settlement_amount":11729.01,"settlement_currency":"INR","service_charge_discount":null}},"event_time":"2025-05-19T15:54:42+05:30","type":"PAYMENT_CHARGES_WEBHOOK"}	\N	2025-05-19 10:24:42.987275+00	\N	\N	\N	\N	1
95	WEBHOOK	/payment/cashfree/webhook/	\N	0	{"data":{"link_amount":"11998.00","link_currency":"INR","link_minimum_partial_amount":null,"link_amount_paid":"11998.00","link_purpose":"Payment for Order #ORD-20250519-0005","link_notes":{},"link_created_at":"2025-05-19T15:54:30+05:30","customer_details":{"customer_phone":"7736500760","customer_email":"satheeshappz@gmail.com","customer_name":"EMP00002"},"link_meta":{"notify_url":"https://eb93-2401-4900-6270-f538-6b0d-4038-96d3-5d0c.ngrok-free.app/payment/cashfree/webhook/","upi_intent":false,"return_url":"http://eb93-2401-4900-6270-f538-6b0d-4038-96d3-5d0c.ngrok-free.app/payment/cashfree/return/?order_id=ORD-20250519-0005","payment_methods":null},"cf_link_id":6470224,"link_id":"ORD-20250519-0005","link_url":"https://payments-test.cashfree.com/links/v8j0kh8v46u0","link_expiry_time":"2025-06-18T15:54:29+05:30","order":{"order_id":"CFPay_v8j0kh8v46u0_eddlhjrnkk","order_expiry_time":"2025-06-18T15:53:59+05:30","order_hash":"Cyl2ZyWsSQUFsm6ghHjW","order_amount":"11998.00","transaction_id":5114918061247,"transaction_status":"SUCCESS"},"link_status":"PAID","link_partial_payments":false,"link_auto_reminders":false,"link_notify":{"send_sms":true,"send_email":true}},"type":"PAYMENT_LINK_EVENT","version":1,"event_time":"2025-05-19T15:54:49+05:30"}	\N	2025-05-19 10:24:49.512454+00	\N	\N	\N	\N	1
96	CREATE_LINK	https://sandbox.cashfree.com/pg/links	{"customer_details": {"customer_email": "satheeshappz@gmail.com", "customer_name": "EMP00002", "customer_phone": "7736500760"}, "link_amount": 23996.0, "link_currency": "INR", "link_id": "ORD-20250519-0006", "link_meta": {"notify_url": "http://eb93-2401-4900-6270-f538-6b0d-4038-96d3-5d0c.ngrok-free.app/payment/cashfree/webhook/", "return_url": "http://eb93-2401-4900-6270-f538-6b0d-4038-96d3-5d0c.ngrok-free.app/payment/cashfree/return/?order_id=ORD-20250519-0006", "upi_intent": false}, "link_notify": {"send_email": true, "send_sms": true}, "link_purpose": "Payment for Order #ORD-20250519-0006"}	200	{"cf_link_id": 6470240, "customer_details": {"customer_name": "EMP00002", "country_code": "+91", "customer_phone": "7736500760", "customer_email": "satheeshappz@gmail.com"}, "enable_invoice": false, "entity": "link", "link_amount": 23996, "link_amount_paid": 0, "link_auto_reminders": false, "link_created_at": "2025-05-19T16:06:08+05:30", "link_currency": "INR", "link_expiry_time": "2025-06-18T16:06:08+05:30", "link_id": "ORD-20250519-0006", "link_meta": {"notify_url": "http://eb93-2401-4900-6270-f538-6b0d-4038-96d3-5d0c.ngrok-free.app/payment/cashfree/webhook/", "payment_methods": "", "return_url": "http://eb93-2401-4900-6270-f538-6b0d-4038-96d3-5d0c.ngrok-free.app/payment/cashfree/return/?order_id=ORD-20250519-0006", "upi_intent": "false"}, "link_minimum_partial_amount": null, "link_notes": {}, "link_notify": {"send_email": true, "send_sms": true}, "link_partial_payments": false, "link_purpose": "Payment for Order #ORD-20250519-0006", "link_status": "ACTIVE", "link_url": "https://payments-test.cashfree.com/links/t8j0lrujo6u0", "order_splits": [], "terms_and_conditions": "", "thank_you_msg": ""}	\N	2025-05-19 10:36:08.915663+00	\N	ORD-20250519-0006	\N	\N	1
98	WEBHOOK	/payment/cashfree/webhook/	\N	0	{"data":{"order":{"order_id":"CFPay_t8j0lrujo6u0_ef1efle58j","order_amount":23996.00,"order_currency":"INR","order_tags":{"cf_link_id":"6470240","link_id":"ORD-20250519-0006"}},"payment":{"cf_payment_id":5114918062285,"payment_status":"SUCCESS","payment_amount":23996.00,"payment_currency":"INR","payment_message":"Simulated response message","payment_time":"2025-05-19T16:24:19+05:30","bank_reference":"5114918062285","auth_id":null,"payment_method":{"card":{"channel":null,"card_number":"XXXXXXXXXXXX2123","card_network":"visa","card_type":"debit_card","card_sub_type":"R","card_country":"IN","card_bank_name":"KOTAK MAHINDRA BANK"}},"payment_group":"debit_card"},"customer_details":{"customer_name":"EMP00002","customer_id":null,"customer_email":"satheeshappz@gmail.com","customer_phone":"+917736500760"},"payment_gateway_details":{"gateway_name":"CASHFREE","gateway_order_id":"2193144164","gateway_payment_id":"5114918062285","gateway_status_code":null,"gateway_order_reference_id":"null","gateway_settlement":"CASHFREE"},"payment_offers":null},"event_time":"2025-05-19T16:24:23+05:30","type":"PAYMENT_SUCCESS_WEBHOOK"}	Payment not found	2025-05-19 10:54:23.134497+00	\N	\N	\N	\N	1
99	WEBHOOK	/payment/cashfree/webhook/	\N	0	{"data":{"order":{"order_id":"CFPay_t8j0lrujo6u0_ef1efle58j","order_amount":23996.00,"order_currency":"INR","order_tags":{"cf_link_id":"6470240","link_id":"ORD-20250519-0006"}},"payment":{"cf_payment_id":5114918062285,"payment_status":"SUCCESS","payment_amount":23996.00,"payment_currency":"INR","payment_message":"Simulated response message","payment_time":"2025-05-19T16:24:19+05:30","bank_reference":"5114918062285","auth_id":null,"payment_method":{"card":{"channel":null,"card_number":"XXXXXXXXXXXX2123","card_network":"visa","card_type":"debit_card","card_sub_type":null,"card_country":"IN","card_bank_name":"KOTAK MAHINDRA BANK"}},"payment_group":"debit_card"},"customer_details":{"customer_name":"EMP00002","customer_id":null,"customer_email":"satheeshappz@gmail.com","customer_phone":"+917736500760"},"charges_details":{"service_charge":455.92,"service_tax":82.07,"settlement_amount":23458.01,"settlement_currency":"INR","service_charge_discount":null}},"event_time":"2025-05-19T16:24:23+05:30","type":"PAYMENT_CHARGES_WEBHOOK"}	Payment not found	2025-05-19 10:54:23.301379+00	\N	\N	\N	\N	1
100	WEBHOOK	/payment/cashfree/webhook/	\N	0	{"data":{"link_amount":"23996.00","link_currency":"INR","link_minimum_partial_amount":null,"link_amount_paid":"23996.00","link_purpose":"Payment for Order #ORD-20250519-0006","link_notes":{},"link_created_at":"2025-05-19T16:06:09+05:30","customer_details":{"customer_phone":"7736500760","customer_email":"satheeshappz@gmail.com","customer_name":"EMP00002"},"link_meta":{"notify_url":"https://eb93-2401-4900-6270-f538-6b0d-4038-96d3-5d0c.ngrok-free.app/payment/cashfree/webhook/","upi_intent":false,"return_url":"http://eb93-2401-4900-6270-f538-6b0d-4038-96d3-5d0c.ngrok-free.app/payment/cashfree/return/?order_id=ORD-20250519-0006","payment_methods":null},"cf_link_id":6470240,"link_id":"ORD-20250519-0006","link_url":"https://payments-test.cashfree.com/links/t8j0lrujo6u0","link_expiry_time":"2025-06-18T16:06:08+05:30","order":{"order_id":"CFPay_t8j0lrujo6u0_ef1efle58j","order_expiry_time":"2025-06-18T16:05:38+05:30","order_hash":"z47jULYAHIsiZQ6I2vh3","order_amount":"23996.00","transaction_id":5114918062285,"transaction_status":"SUCCESS"},"link_status":"PAID","link_partial_payments":false,"link_auto_reminders":false,"link_notify":{"send_sms":true,"send_email":true}},"type":"PAYMENT_LINK_EVENT","version":1,"event_time":"2025-05-19T16:24:30+05:30"}	Payment not found	2025-05-19 10:54:30.877262+00	\N	\N	\N	\N	1
101	CREATE_LINK	https://sandbox.cashfree.com/pg/links	{"customer_details": {"customer_email": "satheeshappz@gmail.com", "customer_name": "EMP00002", "customer_phone": "7736500760"}, "link_amount": 23996.0, "link_currency": "INR", "link_id": "ORD-20250519-0007", "link_meta": {"notify_url": "http://eb93-2401-4900-6270-f538-6b0d-4038-96d3-5d0c.ngrok-free.app/payment/cashfree/webhook/", "return_url": "http://eb93-2401-4900-6270-f538-6b0d-4038-96d3-5d0c.ngrok-free.app/payment/cashfree/return/?order_id=ORD-20250519-0007", "upi_intent": false}, "link_notify": {"send_email": true, "send_sms": true}, "link_purpose": "Payment for Order #ORD-20250519-0007"}	200	{"cf_link_id": 6470354, "customer_details": {"customer_name": "EMP00002", "country_code": "+91", "customer_phone": "7736500760", "customer_email": "satheeshappz@gmail.com"}, "enable_invoice": false, "entity": "link", "link_amount": 23996, "link_amount_paid": 0, "link_auto_reminders": false, "link_created_at": "2025-05-19T16:28:40+05:30", "link_currency": "INR", "link_expiry_time": "2025-06-18T16:28:40+05:30", "link_id": "ORD-20250519-0007", "link_meta": {"notify_url": "http://eb93-2401-4900-6270-f538-6b0d-4038-96d3-5d0c.ngrok-free.app/payment/cashfree/webhook/", "payment_methods": "", "return_url": "http://eb93-2401-4900-6270-f538-6b0d-4038-96d3-5d0c.ngrok-free.app/payment/cashfree/return/?order_id=ORD-20250519-0007", "upi_intent": "false"}, "link_minimum_partial_amount": null, "link_notes": {}, "link_notify": {"send_email": true, "send_sms": true}, "link_partial_payments": false, "link_purpose": "Payment for Order #ORD-20250519-0007", "link_status": "ACTIVE", "link_url": "https://payments-test.cashfree.com/links/O8j0oef1u6u0", "order_splits": [], "terms_and_conditions": "", "thank_you_msg": ""}	\N	2025-05-19 10:58:40.813628+00	\N	ORD-20250519-0007	\N	\N	1
102	WEBHOOK	/payment/cashfree/webhook/	\N	0	{"data":{"order":{"order_id":"CFPay_O8j0oef1u6u0_o93u7l823h","order_amount":23996.00,"order_currency":"INR","order_tags":{"cf_link_id":"6470354","link_id":"ORD-20250519-0007"}},"payment":{"cf_payment_id":5114918062330,"payment_status":"SUCCESS","payment_amount":23996.00,"payment_currency":"INR","payment_message":"Simulated response message","payment_time":"2025-05-19T16:28:55+05:30","bank_reference":"5114918062330","auth_id":null,"payment_method":{"card":{"channel":null,"card_number":"XXXXXXXXXXXX2123","card_network":"visa","card_type":"debit_card","card_sub_type":"R","card_country":"IN","card_bank_name":"KOTAK MAHINDRA BANK"}},"payment_group":"debit_card"},"customer_details":{"customer_name":"EMP00002","customer_id":null,"customer_email":"satheeshappz@gmail.com","customer_phone":"+917736500760"},"payment_gateway_details":{"gateway_name":"CASHFREE","gateway_order_id":"2193144227","gateway_payment_id":"5114918062330","gateway_status_code":null,"gateway_order_reference_id":"null","gateway_settlement":"CASHFREE"},"payment_offers":null},"event_time":"2025-05-19T16:28:59+05:30","type":"PAYMENT_SUCCESS_WEBHOOK"}	Payment not found	2025-05-19 10:58:59.937532+00	\N	\N	\N	\N	1
103	WEBHOOK	/payment/cashfree/webhook/	\N	0	{"data":{"order":{"order_id":"CFPay_O8j0oef1u6u0_o93u7l823h","order_amount":23996.00,"order_currency":"INR","order_tags":{"cf_link_id":"6470354","link_id":"ORD-20250519-0007"}},"payment":{"cf_payment_id":5114918062330,"payment_status":"SUCCESS","payment_amount":23996.00,"payment_currency":"INR","payment_message":"Simulated response message","payment_time":"2025-05-19T16:28:55+05:30","bank_reference":"5114918062330","auth_id":null,"payment_method":{"card":{"channel":null,"card_number":"XXXXXXXXXXXX2123","card_network":"visa","card_type":"debit_card","card_sub_type":null,"card_country":"IN","card_bank_name":"KOTAK MAHINDRA BANK"}},"payment_group":"debit_card"},"customer_details":{"customer_name":"EMP00002","customer_id":null,"customer_email":"satheeshappz@gmail.com","customer_phone":"+917736500760"},"charges_details":{"service_charge":455.92,"service_tax":82.07,"settlement_amount":23458.01,"settlement_currency":"INR","service_charge_discount":null}},"event_time":"2025-05-19T16:28:59+05:30","type":"PAYMENT_CHARGES_WEBHOOK"}	Payment not found	2025-05-19 10:59:00.083184+00	\N	\N	\N	\N	1
104	WEBHOOK	/payment/cashfree/webhook/	\N	0	{"data":{"link_amount":"23996.00","link_currency":"INR","link_minimum_partial_amount":null,"link_amount_paid":"23996.00","link_purpose":"Payment for Order #ORD-20250519-0007","link_notes":{},"link_created_at":"2025-05-19T16:28:41+05:30","customer_details":{"customer_phone":"7736500760","customer_email":"satheeshappz@gmail.com","customer_name":"EMP00002"},"link_meta":{"notify_url":"https://eb93-2401-4900-6270-f538-6b0d-4038-96d3-5d0c.ngrok-free.app/payment/cashfree/webhook/","upi_intent":false,"return_url":"http://eb93-2401-4900-6270-f538-6b0d-4038-96d3-5d0c.ngrok-free.app/payment/cashfree/return/?order_id=ORD-20250519-0007","payment_methods":null},"cf_link_id":6470354,"link_id":"ORD-20250519-0007","link_url":"https://payments-test.cashfree.com/links/O8j0oef1u6u0","link_expiry_time":"2025-06-18T16:28:40+05:30","order":{"order_id":"CFPay_O8j0oef1u6u0_o93u7l823h","order_expiry_time":"2025-06-18T16:28:10+05:30","order_hash":"huBtFggODcnZ1iHy2Qjz","order_amount":"23996.00","transaction_id":5114918062330,"transaction_status":"SUCCESS"},"link_status":"PAID","link_partial_payments":false,"link_auto_reminders":false,"link_notify":{"send_sms":true,"send_email":true}},"type":"PAYMENT_LINK_EVENT","version":1,"event_time":"2025-05-19T16:29:00+05:30"}	Payment not found	2025-05-19 10:59:01.070197+00	\N	\N	\N	\N	1
105	CREATE_LINK	https://sandbox.cashfree.com/pg/links	{"customer_details": {"customer_email": "satheeshappz@gmail.com", "customer_name": "EMP00002", "customer_phone": "7736500760"}, "link_amount": 53991.0, "link_currency": "INR", "link_id": "ORD-20250519-0008", "link_meta": {"notify_url": "http://eb93-2401-4900-6270-f538-6b0d-4038-96d3-5d0c.ngrok-free.app/payment/cashfree/webhook/", "return_url": "http://eb93-2401-4900-6270-f538-6b0d-4038-96d3-5d0c.ngrok-free.app/payment/cashfree/return/?order_id=ORD-20250519-0008", "upi_intent": false}, "link_notify": {"send_email": true, "send_sms": true}, "link_purpose": "Payment for Order #ORD-20250519-0008"}	200	{"cf_link_id": 6470356, "customer_details": {"customer_name": "EMP00002", "country_code": "+91", "customer_phone": "7736500760", "customer_email": "satheeshappz@gmail.com"}, "enable_invoice": false, "entity": "link", "link_amount": 53991, "link_amount_paid": 0, "link_auto_reminders": false, "link_created_at": "2025-05-19T16:30:59+05:30", "link_currency": "INR", "link_expiry_time": "2025-06-18T16:30:59+05:30", "link_id": "ORD-20250519-0008", "link_meta": {"notify_url": "http://eb93-2401-4900-6270-f538-6b0d-4038-96d3-5d0c.ngrok-free.app/payment/cashfree/webhook/", "payment_methods": "", "return_url": "http://eb93-2401-4900-6270-f538-6b0d-4038-96d3-5d0c.ngrok-free.app/payment/cashfree/return/?order_id=ORD-20250519-0008", "upi_intent": "false"}, "link_minimum_partial_amount": null, "link_notes": {}, "link_notify": {"send_email": true, "send_sms": true}, "link_partial_payments": false, "link_purpose": "Payment for Order #ORD-20250519-0008", "link_status": "ACTIVE", "link_url": "https://payments-test.cashfree.com/links/e8j0omtii6u0", "order_splits": [], "terms_and_conditions": "", "thank_you_msg": ""}	\N	2025-05-19 11:00:59.369604+00	\N	ORD-20250519-0008	\N	\N	1
106	WEBHOOK	/payment/cashfree/webhook/	\N	0	{"data":{"order":{"order_id":"CFPay_O8j0oef1u6u0_o93u7l823h","order_amount":23996.00,"order_currency":"INR","order_tags":{"cf_link_id":"6470354","link_id":"ORD-20250519-0007"}},"payment":{"cf_payment_id":5114918062330,"payment_status":"SUCCESS","payment_amount":23996.00,"payment_currency":"INR","payment_message":"Simulated response message","payment_time":"2025-05-19T16:28:55+05:30","bank_reference":"5114918062330","auth_id":null,"payment_method":{"card":{"channel":null,"card_number":"XXXXXXXXXXXX2123","card_network":"visa","card_type":"debit_card","card_sub_type":null,"card_country":"IN","card_bank_name":"KOTAK MAHINDRA BANK"}},"payment_group":"debit_card"},"customer_details":{"customer_name":"EMP00002","customer_id":null,"customer_email":"satheeshappz@gmail.com","customer_phone":"+917736500760"},"charges_details":{"service_charge":455.92,"service_tax":82.07,"settlement_amount":23458.01,"settlement_currency":"INR","service_charge_discount":null}},"event_time":"2025-05-19T16:28:59+05:30","type":"PAYMENT_CHARGES_WEBHOOK"}	Payment not found	2025-05-19 11:01:00.462431+00	\N	\N	\N	\N	1
107	WEBHOOK	/payment/cashfree/webhook/	\N	0	{"data":{"order":{"order_id":"CFPay_O8j0oef1u6u0_o93u7l823h","order_amount":23996.00,"order_currency":"INR","order_tags":{"cf_link_id":"6470354","link_id":"ORD-20250519-0007"}},"payment":{"cf_payment_id":5114918062330,"payment_status":"SUCCESS","payment_amount":23996.00,"payment_currency":"INR","payment_message":"Simulated response message","payment_time":"2025-05-19T16:28:55+05:30","bank_reference":"5114918062330","auth_id":null,"payment_method":{"card":{"channel":null,"card_number":"XXXXXXXXXXXX2123","card_network":"visa","card_type":"debit_card","card_sub_type":"R","card_country":"IN","card_bank_name":"KOTAK MAHINDRA BANK"}},"payment_group":"debit_card"},"customer_details":{"customer_name":"EMP00002","customer_id":null,"customer_email":"satheeshappz@gmail.com","customer_phone":"+917736500760"},"payment_gateway_details":{"gateway_name":"CASHFREE","gateway_order_id":"2193144227","gateway_payment_id":"5114918062330","gateway_status_code":null,"gateway_order_reference_id":"null","gateway_settlement":"CASHFREE"},"payment_offers":null},"event_time":"2025-05-19T16:28:59+05:30","type":"PAYMENT_SUCCESS_WEBHOOK"}	Payment not found	2025-05-19 11:01:00.547396+00	\N	\N	\N	\N	1
108	WEBHOOK	/payment/cashfree/webhook/	\N	0	{"data":{"order":{"order_id":"CFPay_e8j0omtii6u0_efdem99obe","order_amount":53991.00,"order_currency":"INR","order_tags":{"cf_link_id":"6470356","link_id":"ORD-20250519-0008"}},"payment":{"cf_payment_id":5114918062348,"payment_status":"SUCCESS","payment_amount":53991.00,"payment_currency":"INR","payment_message":"Simulated response message","payment_time":"2025-05-19T16:31:22+05:30","bank_reference":"5114918062348","auth_id":null,"payment_method":{"card":{"channel":null,"card_number":"XXXXXXXXXXXX2123","card_network":"visa","card_type":"debit_card","card_sub_type":"R","card_country":"IN","card_bank_name":"KOTAK MAHINDRA BANK"}},"payment_group":"debit_card"},"customer_details":{"customer_name":"EMP00002","customer_id":null,"customer_email":"satheeshappz@gmail.com","customer_phone":"+917736500760"},"payment_gateway_details":{"gateway_name":"CASHFREE","gateway_order_id":"2193144256","gateway_payment_id":"5114918062348","gateway_status_code":null,"gateway_order_reference_id":"null","gateway_settlement":"CASHFREE"},"payment_offers":null},"event_time":"2025-05-19T16:31:26+05:30","type":"PAYMENT_SUCCESS_WEBHOOK"}	Payment not found	2025-05-19 11:01:26.41594+00	\N	\N	\N	\N	1
109	WEBHOOK	/payment/cashfree/webhook/	\N	0	{"data":{"order":{"order_id":"CFPay_e8j0omtii6u0_efdem99obe","order_amount":53991.00,"order_currency":"INR","order_tags":{"cf_link_id":"6470356","link_id":"ORD-20250519-0008"}},"payment":{"cf_payment_id":5114918062348,"payment_status":"SUCCESS","payment_amount":53991.00,"payment_currency":"INR","payment_message":"Simulated response message","payment_time":"2025-05-19T16:31:22+05:30","bank_reference":"5114918062348","auth_id":null,"payment_method":{"card":{"channel":null,"card_number":"XXXXXXXXXXXX2123","card_network":"visa","card_type":"debit_card","card_sub_type":null,"card_country":"IN","card_bank_name":"KOTAK MAHINDRA BANK"}},"payment_group":"debit_card"},"customer_details":{"customer_name":"EMP00002","customer_id":null,"customer_email":"satheeshappz@gmail.com","customer_phone":"+917736500760"},"charges_details":{"service_charge":1025.83,"service_tax":184.65,"settlement_amount":52780.52,"settlement_currency":"INR","service_charge_discount":null}},"event_time":"2025-05-19T16:31:26+05:30","type":"PAYMENT_CHARGES_WEBHOOK"}	Payment not found	2025-05-19 11:01:26.462986+00	\N	\N	\N	\N	1
110	WEBHOOK	/payment/cashfree/webhook/	\N	0	{"data":{"link_amount":"53991.00","link_currency":"INR","link_minimum_partial_amount":null,"link_amount_paid":"53991.00","link_purpose":"Payment for Order #ORD-20250519-0008","link_notes":{},"link_created_at":"2025-05-19T16:30:59+05:30","customer_details":{"customer_phone":"7736500760","customer_email":"satheeshappz@gmail.com","customer_name":"EMP00002"},"link_meta":{"notify_url":"https://eb93-2401-4900-6270-f538-6b0d-4038-96d3-5d0c.ngrok-free.app/payment/cashfree/webhook/","upi_intent":false,"return_url":"http://eb93-2401-4900-6270-f538-6b0d-4038-96d3-5d0c.ngrok-free.app/payment/cashfree/return/?order_id=ORD-20250519-0008","payment_methods":null},"cf_link_id":6470356,"link_id":"ORD-20250519-0008","link_url":"https://payments-test.cashfree.com/links/e8j0omtii6u0","link_expiry_time":"2025-06-18T16:30:59+05:30","order":{"order_id":"CFPay_e8j0omtii6u0_efdem99obe","order_expiry_time":"2025-06-18T16:30:29+05:30","order_hash":"KQkHspZPtazf8hvwoUQL","order_amount":"53991.00","transaction_id":5114918062348,"transaction_status":"SUCCESS"},"link_status":"PAID","link_partial_payments":false,"link_auto_reminders":false,"link_notify":{"send_sms":true,"send_email":true}},"type":"PAYMENT_LINK_EVENT","version":1,"event_time":"2025-05-19T16:31:31+05:30"}	Payment not found	2025-05-19 11:01:31.185054+00	\N	\N	\N	\N	1
111	WEBHOOK	/payment/cashfree/webhook/	\N	0	{"data":{"cf_link_id":1576977,"customer_details":{"customer_email":"john@gmail.com","customer_name":"John ","customer_phone":"9000000000"},"link_amount":"200.12","link_amount_paid":"55.00","link_auto_reminders":true,"link_created_at":"2021-08-18T07:13:41","link_currency":"INR","link_expiry_time":"2021-11-28T21:46:20","link_id":"payment_ps11","link_meta":{"notify_url":"https://ee08e626ecd88c61c85f5c69c0418cb5.m.pipedream.net"},"link_minimum_partial_amount":"11.00","link_notes":{"note_key_1":"note_value_1"},"link_notify":{"send_email":true,"send_sms":true},"link_partial_payments":true,"link_purpose":"Payment for order 10","link_status":"PARTIALLY_PAID","link_url":"https://payments-test.cashfree.com/links//U1mgll3c0e9g","order":{"order_amount":"22.00","order_expiry_time":"2021-08-18T07:34:50","order_hash":"Gb2gC7z0tILhGbZUIeds","order_id":"CFPay_U1mgll3c0e9g_ehdcjjbtckf","transaction_id":1021206,"transaction_status":"SUCCESS"}},"type":"PAYMENT_LINK_EVENT","version":"1","event_time":"2021-08-18T12:55:06+05:30"}	Payment not found	2025-05-19 11:03:26.441124+00	\N	\N	\N	\N	1
112	WEBHOOK	/payment/cashfree/webhook/	\N	0	{"data":{"order":{"order_id":"CFPay_e8j0omtii6u0_efdem99obe","order_amount":53991.00,"order_currency":"INR","order_tags":{"cf_link_id":"6470356","link_id":"ORD-20250519-0008"}},"payment":{"cf_payment_id":5114918062348,"payment_status":"SUCCESS","payment_amount":53991.00,"payment_currency":"INR","payment_message":"Simulated response message","payment_time":"2025-05-19T16:31:22+05:30","bank_reference":"5114918062348","auth_id":null,"payment_method":{"card":{"channel":null,"card_number":"XXXXXXXXXXXX2123","card_network":"visa","card_type":"debit_card","card_sub_type":"R","card_country":"IN","card_bank_name":"KOTAK MAHINDRA BANK"}},"payment_group":"debit_card"},"customer_details":{"customer_name":"EMP00002","customer_id":null,"customer_email":"satheeshappz@gmail.com","customer_phone":"+917736500760"},"payment_gateway_details":{"gateway_name":"CASHFREE","gateway_order_id":"2193144256","gateway_payment_id":"5114918062348","gateway_status_code":null,"gateway_order_reference_id":"null","gateway_settlement":"CASHFREE"},"payment_offers":null},"event_time":"2025-05-19T16:31:26+05:30","type":"PAYMENT_SUCCESS_WEBHOOK"}	Payment not found	2025-05-19 11:03:27.970883+00	\N	\N	\N	\N	1
113	WEBHOOK	/payment/cashfree/webhook/	\N	0	{"data":{"order":{"order_id":"CFPay_e8j0omtii6u0_efdem99obe","order_amount":53991.00,"order_currency":"INR","order_tags":{"cf_link_id":"6470356","link_id":"ORD-20250519-0008"}},"payment":{"cf_payment_id":5114918062348,"payment_status":"SUCCESS","payment_amount":53991.00,"payment_currency":"INR","payment_message":"Simulated response message","payment_time":"2025-05-19T16:31:22+05:30","bank_reference":"5114918062348","auth_id":null,"payment_method":{"card":{"channel":null,"card_number":"XXXXXXXXXXXX2123","card_network":"visa","card_type":"debit_card","card_sub_type":null,"card_country":"IN","card_bank_name":"KOTAK MAHINDRA BANK"}},"payment_group":"debit_card"},"customer_details":{"customer_name":"EMP00002","customer_id":null,"customer_email":"satheeshappz@gmail.com","customer_phone":"+917736500760"},"charges_details":{"service_charge":1025.83,"service_tax":184.65,"settlement_amount":52780.52,"settlement_currency":"INR","service_charge_discount":null}},"event_time":"2025-05-19T16:31:26+05:30","type":"PAYMENT_CHARGES_WEBHOOK"}	Payment not found	2025-05-19 11:03:28.02342+00	\N	\N	\N	\N	1
114	WEBHOOK	/payment/cashfree/webhook/	\N	0	{"data":{"cf_link_id":1576977,"customer_details":{"customer_email":"john@gmail.com","customer_name":"John ","customer_phone":"9000000000"},"link_amount":"200.12","link_amount_paid":"55.00","link_auto_reminders":true,"link_created_at":"2021-08-18T07:13:41","link_currency":"INR","link_expiry_time":"2021-11-28T21:46:20","link_id":"payment_ps11","link_meta":{"notify_url":"https://ee08e626ecd88c61c85f5c69c0418cb5.m.pipedream.net"},"link_minimum_partial_amount":"11.00","link_notes":{"note_key_1":"note_value_1"},"link_notify":{"send_email":true,"send_sms":true},"link_partial_payments":true,"link_purpose":"Payment for order 10","link_status":"PARTIALLY_PAID","link_url":"https://payments-test.cashfree.com/links//U1mgll3c0e9g","order":{"order_amount":"22.00","order_expiry_time":"2021-08-18T07:34:50","order_hash":"Gb2gC7z0tILhGbZUIeds","order_id":"CFPay_U1mgll3c0e9g_ehdcjjbtckf","transaction_id":1021206,"transaction_status":"SUCCESS"}},"type":"PAYMENT_LINK_EVENT","version":"1","event_time":"2021-08-18T12:55:06+05:30"}	Payment not found	2025-05-19 11:03:30.242792+00	\N	\N	\N	\N	1
115	WEBHOOK	/payment/cashfree/webhook/	\N	0	{"data":{"cf_link_id":1576977,"customer_details":{"customer_email":"john@gmail.com","customer_name":"John ","customer_phone":"9000000000"},"link_amount":"200.12","link_amount_paid":"55.00","link_auto_reminders":true,"link_created_at":"2021-08-18T07:13:41","link_currency":"INR","link_expiry_time":"2021-11-28T21:46:20","link_id":"payment_ps11","link_meta":{"notify_url":"https://ee08e626ecd88c61c85f5c69c0418cb5.m.pipedream.net"},"link_minimum_partial_amount":"11.00","link_notes":{"note_key_1":"note_value_1"},"link_notify":{"send_email":true,"send_sms":true},"link_partial_payments":true,"link_purpose":"Payment for order 10","link_status":"PARTIALLY_PAID","link_url":"https://payments-test.cashfree.com/links//U1mgll3c0e9g","order":{"order_amount":"22.00","order_expiry_time":"2021-08-18T07:34:50","order_hash":"Gb2gC7z0tILhGbZUIeds","order_id":"CFPay_U1mgll3c0e9g_ehdcjjbtckf","transaction_id":1021206,"transaction_status":"SUCCESS"}},"type":"PAYMENT_LINK_EVENT","version":"1","event_time":"2021-08-18T12:55:06+05:30"}	Payment not found	2025-05-19 11:03:36.332519+00	\N	\N	\N	\N	1
171	CREATE_LINK	https://sandbox.cashfree.com/pg/links	{"customer_details": {"customer_email": "satheeshappz@gmail.com", "customer_name": "EMP00002", "customer_phone": "7736500760"}, "link_amount": 23996.0, "link_currency": "INR", "link_id": "ORD-20250531-0004", "link_meta": {"notify_url": "http://127.0.0.1:8000/payment/cashfree/webhook/", "return_url": "http://127.0.0.1:8000/payment/cashfree/return/?order_id=ORD-20250531-0004", "upi_intent": false}, "link_notify": {"send_email": true, "send_sms": true}, "link_purpose": "Payment for Order #ORD-20250531-0004"}	400	{"code": "link_post_failed", "message": "Link ID already exists", "type": "invalid_request_error"}	\N	2025-05-31 21:43:05.330138+00	\N	\N	\N	\N	1
116	WEBHOOK	/payment/cashfree/webhook/	\N	0	{"data":{"cf_link_id":1576977,"customer_details":{"customer_email":"john@gmail.com","customer_name":"John ","customer_phone":"9000000000"},"link_amount":"200.12","link_amount_paid":"55.00","link_auto_reminders":true,"link_created_at":"2021-08-18T07:13:41","link_currency":"INR","link_expiry_time":"2021-11-28T21:46:20","link_id":"payment_ps11","link_meta":{"notify_url":"https://ee08e626ecd88c61c85f5c69c0418cb5.m.pipedream.net"},"link_minimum_partial_amount":"11.00","link_notes":{"note_key_1":"note_value_1"},"link_notify":{"send_email":true,"send_sms":true},"link_partial_payments":true,"link_purpose":"Payment for order 10","link_status":"PARTIALLY_PAID","link_url":"https://payments-test.cashfree.com/links//U1mgll3c0e9g","order":{"order_amount":"22.00","order_expiry_time":"2021-08-18T07:34:50","order_hash":"Gb2gC7z0tILhGbZUIeds","order_id":"CFPay_U1mgll3c0e9g_ehdcjjbtckf","transaction_id":1021206,"transaction_status":"SUCCESS"}},"type":"PAYMENT_LINK_EVENT","version":"1","event_time":"2021-08-18T12:55:06+05:30"}	Payment not found	2025-05-19 11:03:39.751016+00	\N	\N	\N	\N	1
117	WEBHOOK	/payment/cashfree/webhook/	\N	0	{"data":{"cf_link_id":1576977,"customer_details":{"customer_email":"john@gmail.com","customer_name":"John ","customer_phone":"9000000000"},"link_amount":"200.12","link_amount_paid":"55.00","link_auto_reminders":true,"link_created_at":"2021-08-18T07:13:41","link_currency":"INR","link_expiry_time":"2021-11-28T21:46:20","link_id":"payment_ps11","link_meta":{"notify_url":"https://ee08e626ecd88c61c85f5c69c0418cb5.m.pipedream.net"},"link_minimum_partial_amount":"11.00","link_notes":{"note_key_1":"note_value_1"},"link_notify":{"send_email":true,"send_sms":true},"link_partial_payments":true,"link_purpose":"Payment for order 10","link_status":"PARTIALLY_PAID","link_url":"https://payments-test.cashfree.com/links//U1mgll3c0e9g","order":{"order_amount":"22.00","order_expiry_time":"2021-08-18T07:34:50","order_hash":"Gb2gC7z0tILhGbZUIeds","order_id":"CFPay_U1mgll3c0e9g_ehdcjjbtckf","transaction_id":1021206,"transaction_status":"SUCCESS"}},"type":"PAYMENT_LINK_EVENT","version":"1","event_time":"2021-08-18T12:55:06+05:30"}	Payment not found	2025-05-19 11:04:08.735205+00	\N	\N	\N	\N	1
118	WEBHOOK	/payment/cashfree/webhook/	\N	0	{"data":{"cf_link_id":1576977,"customer_details":{"customer_email":"john@gmail.com","customer_name":"John ","customer_phone":"9000000000"},"link_amount":"200.12","link_amount_paid":"55.00","link_auto_reminders":true,"link_created_at":"2021-08-18T07:13:41","link_currency":"INR","link_expiry_time":"2021-11-28T21:46:20","link_id":"payment_ps11","link_meta":{"notify_url":"https://ee08e626ecd88c61c85f5c69c0418cb5.m.pipedream.net"},"link_minimum_partial_amount":"11.00","link_notes":{"note_key_1":"note_value_1"},"link_notify":{"send_email":true,"send_sms":true},"link_partial_payments":true,"link_purpose":"Payment for order 10","link_status":"PARTIALLY_PAID","link_url":"https://payments-test.cashfree.com/links//U1mgll3c0e9g","order":{"order_amount":"22.00","order_expiry_time":"2021-08-18T07:34:50","order_hash":"Gb2gC7z0tILhGbZUIeds","order_id":"CFPay_U1mgll3c0e9g_ehdcjjbtckf","transaction_id":1021206,"transaction_status":"SUCCESS"}},"type":"PAYMENT_LINK_EVENT","version":"1","event_time":"2021-08-18T12:55:06+05:30"}	Payment not found	2025-05-19 11:04:09.822364+00	\N	\N	\N	\N	1
119	WEBHOOK	/payment/cashfree/webhook/	\N	0	{"data":{"cf_link_id":1576977,"customer_details":{"customer_email":"john@gmail.com","customer_name":"John ","customer_phone":"9000000000"},"link_amount":"200.12","link_amount_paid":"55.00","link_auto_reminders":true,"link_created_at":"2021-08-18T07:13:41","link_currency":"INR","link_expiry_time":"2021-11-28T21:46:20","link_id":"payment_ps11","link_meta":{"notify_url":"https://ee08e626ecd88c61c85f5c69c0418cb5.m.pipedream.net"},"link_minimum_partial_amount":"11.00","link_notes":{"note_key_1":"note_value_1"},"link_notify":{"send_email":true,"send_sms":true},"link_partial_payments":true,"link_purpose":"Payment for order 10","link_status":"PARTIALLY_PAID","link_url":"https://payments-test.cashfree.com/links//U1mgll3c0e9g","order":{"order_amount":"22.00","order_expiry_time":"2021-08-18T07:34:50","order_hash":"Gb2gC7z0tILhGbZUIeds","order_id":"CFPay_U1mgll3c0e9g_ehdcjjbtckf","transaction_id":1021206,"transaction_status":"SUCCESS"}},"type":"PAYMENT_LINK_EVENT","version":"1","event_time":"2021-08-18T12:55:06+05:30"}	Payment not found	2025-05-19 11:04:16.856883+00	\N	\N	\N	\N	1
120	WEBHOOK	/payment/cashfree/webhook/	\N	0	{"data":{"cf_link_id":1576977,"customer_details":{"customer_email":"john@gmail.com","customer_name":"John ","customer_phone":"9000000000"},"link_amount":"200.12","link_amount_paid":"55.00","link_auto_reminders":true,"link_created_at":"2021-08-18T07:13:41","link_currency":"INR","link_expiry_time":"2021-11-28T21:46:20","link_id":"payment_ps11","link_meta":{"notify_url":"https://ee08e626ecd88c61c85f5c69c0418cb5.m.pipedream.net"},"link_minimum_partial_amount":"11.00","link_notes":{"note_key_1":"note_value_1"},"link_notify":{"send_email":true,"send_sms":true},"link_partial_payments":true,"link_purpose":"Payment for order 10","link_status":"PARTIALLY_PAID","link_url":"https://payments-test.cashfree.com/links//U1mgll3c0e9g","order":{"order_amount":"22.00","order_expiry_time":"2021-08-18T07:34:50","order_hash":"Gb2gC7z0tILhGbZUIeds","order_id":"CFPay_U1mgll3c0e9g_ehdcjjbtckf","transaction_id":1021206,"transaction_status":"SUCCESS"}},"type":"PAYMENT_LINK_EVENT","version":"1","event_time":"2021-08-18T12:55:06+05:30"}	Payment not found	2025-05-19 11:04:18.094367+00	\N	\N	\N	\N	1
121	WEBHOOK	/payment/cashfree/webhook/	\N	0	{"data":{"cf_link_id":1576977,"customer_details":{"customer_email":"john@gmail.com","customer_name":"John ","customer_phone":"9000000000"},"link_amount":"200.12","link_amount_paid":"55.00","link_auto_reminders":true,"link_created_at":"2021-08-18T07:13:41","link_currency":"INR","link_expiry_time":"2021-11-28T21:46:20","link_id":"payment_ps11","link_meta":{"notify_url":"https://ee08e626ecd88c61c85f5c69c0418cb5.m.pipedream.net"},"link_minimum_partial_amount":"11.00","link_notes":{"note_key_1":"note_value_1"},"link_notify":{"send_email":true,"send_sms":true},"link_partial_payments":true,"link_purpose":"Payment for order 10","link_status":"PARTIALLY_PAID","link_url":"https://payments-test.cashfree.com/links//U1mgll3c0e9g","order":{"order_amount":"22.00","order_expiry_time":"2021-08-18T07:34:50","order_hash":"Gb2gC7z0tILhGbZUIeds","order_id":"CFPay_U1mgll3c0e9g_ehdcjjbtckf","transaction_id":1021206,"transaction_status":"SUCCESS"}},"type":"PAYMENT_LINK_EVENT","version":"1","event_time":"2021-08-18T12:55:06+05:30"}	Payment not found	2025-05-19 11:04:23.498228+00	\N	\N	\N	\N	1
122	WEBHOOK	/payment/cashfree/webhook/	\N	0	{"data":{"cf_link_id":1576977,"customer_details":{"customer_email":"john@gmail.com","customer_name":"John ","customer_phone":"9000000000"},"link_amount":"200.12","link_amount_paid":"55.00","link_auto_reminders":true,"link_created_at":"2021-08-18T07:13:41","link_currency":"INR","link_expiry_time":"2021-11-28T21:46:20","link_id":"payment_ps11","link_meta":{"notify_url":"https://ee08e626ecd88c61c85f5c69c0418cb5.m.pipedream.net"},"link_minimum_partial_amount":"11.00","link_notes":{"note_key_1":"note_value_1"},"link_notify":{"send_email":true,"send_sms":true},"link_partial_payments":true,"link_purpose":"Payment for order 10","link_status":"PARTIALLY_PAID","link_url":"https://payments-test.cashfree.com/links//U1mgll3c0e9g","order":{"order_amount":"22.00","order_expiry_time":"2021-08-18T07:34:50","order_hash":"Gb2gC7z0tILhGbZUIeds","order_id":"CFPay_U1mgll3c0e9g_ehdcjjbtckf","transaction_id":1021206,"transaction_status":"SUCCESS"}},"type":"PAYMENT_LINK_EVENT","version":"1","event_time":"2021-08-18T12:55:06+05:30"}	\N	2025-05-19 11:05:58.80573+00	\N	\N	\N	\N	1
123	WEBHOOK	/payment/cashfree/webhook/	\N	0	{"data":{"order":{"order_id":"CFPay_t8j0lrujo6u0_ef1efle58j","order_amount":23996.00,"order_currency":"INR","order_tags":{"cf_link_id":"6470240","link_id":"ORD-20250519-0006"}},"payment":{"cf_payment_id":5114918062285,"payment_status":"SUCCESS","payment_amount":23996.00,"payment_currency":"INR","payment_message":"Simulated response message","payment_time":"2025-05-19T16:24:19+05:30","bank_reference":"5114918062285","auth_id":null,"payment_method":{"card":{"channel":null,"card_number":"XXXXXXXXXXXX2123","card_network":"visa","card_type":"debit_card","card_sub_type":"R","card_country":"IN","card_bank_name":"KOTAK MAHINDRA BANK"}},"payment_group":"debit_card"},"customer_details":{"customer_name":"EMP00002","customer_id":null,"customer_email":"satheeshappz@gmail.com","customer_phone":"+917736500760"},"payment_gateway_details":{"gateway_name":"CASHFREE","gateway_order_id":"2193144164","gateway_payment_id":"5114918062285","gateway_status_code":null,"gateway_order_reference_id":"null","gateway_settlement":"CASHFREE"},"payment_offers":null},"event_time":"2025-05-19T16:24:23+05:30","type":"PAYMENT_SUCCESS_WEBHOOK"}	Payment not found	2025-05-19 11:06:31.047833+00	\N	\N	\N	\N	1
124	WEBHOOK	/payment/cashfree/webhook/	\N	0	{"data":{"order":{"order_id":"CFPay_t8j0lrujo6u0_ef1efle58j","order_amount":23996.00,"order_currency":"INR","order_tags":{"cf_link_id":"6470240","link_id":"ORD-20250519-0006"}},"payment":{"cf_payment_id":5114918062285,"payment_status":"SUCCESS","payment_amount":23996.00,"payment_currency":"INR","payment_message":"Simulated response message","payment_time":"2025-05-19T16:24:19+05:30","bank_reference":"5114918062285","auth_id":null,"payment_method":{"card":{"channel":null,"card_number":"XXXXXXXXXXXX2123","card_network":"visa","card_type":"debit_card","card_sub_type":null,"card_country":"IN","card_bank_name":"KOTAK MAHINDRA BANK"}},"payment_group":"debit_card"},"customer_details":{"customer_name":"EMP00002","customer_id":null,"customer_email":"satheeshappz@gmail.com","customer_phone":"+917736500760"},"charges_details":{"service_charge":455.92,"service_tax":82.07,"settlement_amount":23458.01,"settlement_currency":"INR","service_charge_discount":null}},"event_time":"2025-05-19T16:24:23+05:30","type":"PAYMENT_CHARGES_WEBHOOK"}	Payment not found	2025-05-19 11:06:31.130878+00	\N	\N	\N	\N	1
125	CREATE_LINK	https://sandbox.cashfree.com/pg/links	{"customer_details": {"customer_email": "satheeshappz@gmail.com", "customer_name": "EMP00002", "customer_phone": "7736500760"}, "link_amount": 17997.0, "link_currency": "INR", "link_id": "ORD-20250519-0009", "link_meta": {"notify_url": "http://eb93-2401-4900-6270-f538-6b0d-4038-96d3-5d0c.ngrok-free.app/payment/cashfree/webhook/", "return_url": "http://eb93-2401-4900-6270-f538-6b0d-4038-96d3-5d0c.ngrok-free.app/payment/cashfree/return/?order_id=ORD-20250519-0009", "upi_intent": false}, "link_notify": {"send_email": true, "send_sms": true}, "link_purpose": "Payment for Order #ORD-20250519-0009"}	200	{"cf_link_id": 6470364, "customer_details": {"customer_name": "EMP00002", "country_code": "+91", "customer_phone": "7736500760", "customer_email": "satheeshappz@gmail.com"}, "enable_invoice": false, "entity": "link", "link_amount": 17997, "link_amount_paid": 0, "link_auto_reminders": false, "link_created_at": "2025-05-19T16:37:07+05:30", "link_currency": "INR", "link_expiry_time": "2025-06-18T16:37:07+05:30", "link_id": "ORD-20250519-0009", "link_meta": {"notify_url": "http://eb93-2401-4900-6270-f538-6b0d-4038-96d3-5d0c.ngrok-free.app/payment/cashfree/webhook/", "payment_methods": "", "return_url": "http://eb93-2401-4900-6270-f538-6b0d-4038-96d3-5d0c.ngrok-free.app/payment/cashfree/return/?order_id=ORD-20250519-0009", "upi_intent": "false"}, "link_minimum_partial_amount": null, "link_notes": {}, "link_notify": {"send_email": true, "send_sms": true}, "link_partial_payments": false, "link_purpose": "Payment for Order #ORD-20250519-0009", "link_status": "ACTIVE", "link_url": "https://payments-test.cashfree.com/links/n8j0pdcsbqqg", "order_splits": [], "terms_and_conditions": "", "thank_you_msg": ""}	\N	2025-05-19 11:07:07.750414+00	\N	ORD-20250519-0009	\N	\N	1
126	WEBHOOK	/payment/cashfree/webhook/	\N	0	{"data":{"link_amount":"17997.00","link_currency":"INR","link_minimum_partial_amount":null,"link_amount_paid":"17997.00","link_purpose":"Payment for Order #ORD-20250519-0009","link_notes":{},"link_created_at":"2025-05-19T16:37:08+05:30","customer_details":{"customer_phone":"7736500760","customer_email":"satheeshappz@gmail.com","customer_name":"EMP00002"},"link_meta":{"notify_url":"https://eb93-2401-4900-6270-f538-6b0d-4038-96d3-5d0c.ngrok-free.app/payment/cashfree/webhook/","upi_intent":false,"return_url":"http://eb93-2401-4900-6270-f538-6b0d-4038-96d3-5d0c.ngrok-free.app/payment/cashfree/return/?order_id=ORD-20250519-0009","payment_methods":null},"cf_link_id":6470364,"link_id":"ORD-20250519-0009","link_url":"https://payments-test.cashfree.com/links/n8j0pdcsbqqg","link_expiry_time":"2025-06-18T16:37:07+05:30","order":{"order_id":"CFPay_n8j0pdcsbqqg_efo3o2nk9o","order_expiry_time":"2025-06-18T16:36:37+05:30","order_hash":"VPwfpPnewyFQD2KELObo","order_amount":"17997.00","transaction_id":5114918062420,"transaction_status":"SUCCESS"},"link_status":"PAID","link_partial_payments":false,"link_auto_reminders":false,"link_notify":{"send_sms":true,"send_email":true}},"type":"PAYMENT_LINK_EVENT","version":1,"event_time":"2025-05-19T16:37:23+05:30"}	Payment not found	2025-05-19 11:07:23.268911+00	\N	\N	\N	\N	1
127	WEBHOOK	/payment/cashfree/webhook/	\N	0	{"data":{"order":{"order_id":"CFPay_t8j0lrujo6u0_ef1efle58j","order_hash":"z47jULYAHIsiZQ6I2vh3","order_amount":"23996.00","transaction_id":5114918062285,"order_expiry_time":"2025-06-18T16:05:38+05:30","transaction_status":"SUCCESS"},"link_id":"ORD-20250519-0006","link_url":"https://payments-test.cashfree.com/links/t8j0lrujo6u0","link_meta":{"notify_url":"https://eb93-2401-4900-6270-f538-6b0d-4038-96d3-5d0c.ngrok-free.app/payment/cashfree/webhook/","return_url":"http://eb93-2401-4900-6270-f538-6b0d-4038-96d3-5d0c.ngrok-free.app/payment/cashfree/return/?order_id=ORD-20250519-0006","upi_intent":false,"payment_methods":null},"cf_link_id":6470240,"link_notes":{},"link_amount":"23996.00","link_notify":{"send_sms":true,"send_email":true},"link_status":"PAID","link_purpose":"Payment for Order #ORD-20250519-0006","link_currency":"INR","link_created_at":"2025-05-19T16:06:09+05:30","customer_details":{"customer_name":"EMP00002","customer_email":"satheeshappz@gmail.com","customer_phone":"7736500760"},"link_amount_paid":"23996.00","link_expiry_time":"2025-06-18T16:06:08+05:30","link_auto_reminders":false,"link_partial_payments":false,"link_minimum_partial_amount":null},"type":"PAYMENT_LINK_EVENT","version":1,"event_time":"2025-05-19T16:24:30+05:30"}	Payment not found	2025-05-19 11:09:31.297095+00	\N	\N	\N	\N	1
128	CREATE_LINK	https://sandbox.cashfree.com/pg/links	{"customer_details": {"customer_email": "satheeshappz@gmail.com", "customer_name": "EMP00002", "customer_phone": "7736500760"}, "link_amount": 17997.0, "link_currency": "INR", "link_id": "ORD-20250519-0010", "link_meta": {"notify_url": "http://eb93-2401-4900-6270-f538-6b0d-4038-96d3-5d0c.ngrok-free.app/payment/cashfree/webhook/", "return_url": "http://eb93-2401-4900-6270-f538-6b0d-4038-96d3-5d0c.ngrok-free.app/payment/cashfree/return/?order_id=ORD-20250519-0010", "upi_intent": false}, "link_notify": {"send_email": true, "send_sms": true}, "link_purpose": "Payment for Order #ORD-20250519-0010"}	200	{"cf_link_id": 6470369, "customer_details": {"customer_name": "EMP00002", "country_code": "+91", "customer_phone": "7736500760", "customer_email": "satheeshappz@gmail.com"}, "enable_invoice": false, "entity": "link", "link_amount": 17997, "link_amount_paid": 0, "link_auto_reminders": false, "link_created_at": "2025-05-19T16:39:50+05:30", "link_currency": "INR", "link_expiry_time": "2025-06-18T16:39:50+05:30", "link_id": "ORD-20250519-0010", "link_meta": {"notify_url": "http://eb93-2401-4900-6270-f538-6b0d-4038-96d3-5d0c.ngrok-free.app/payment/cashfree/webhook/", "payment_methods": "", "return_url": "http://eb93-2401-4900-6270-f538-6b0d-4038-96d3-5d0c.ngrok-free.app/payment/cashfree/return/?order_id=ORD-20250519-0010", "upi_intent": "false"}, "link_minimum_partial_amount": null, "link_notes": {}, "link_notify": {"send_email": true, "send_sms": true}, "link_partial_payments": false, "link_purpose": "Payment for Order #ORD-20250519-0010", "link_status": "ACTIVE", "link_url": "https://payments-test.cashfree.com/links/D8j0pnc0bqqg", "order_splits": [], "terms_and_conditions": "", "thank_you_msg": ""}	\N	2025-05-19 11:09:51.044889+00	\N	ORD-20250519-0010	\N	\N	1
129	WEBHOOK	/payment/cashfree/webhook/	\N	0	{"data":{"link_amount":"17997.00","link_currency":"INR","link_minimum_partial_amount":null,"link_amount_paid":"17997.00","link_purpose":"Payment for Order #ORD-20250519-0010","link_notes":{},"link_created_at":"2025-05-19T16:39:51+05:30","customer_details":{"customer_phone":"7736500760","customer_email":"satheeshappz@gmail.com","customer_name":"EMP00002"},"link_meta":{"notify_url":"https://eb93-2401-4900-6270-f538-6b0d-4038-96d3-5d0c.ngrok-free.app/payment/cashfree/webhook/","upi_intent":false,"return_url":"http://eb93-2401-4900-6270-f538-6b0d-4038-96d3-5d0c.ngrok-free.app/payment/cashfree/return/?order_id=ORD-20250519-0010","payment_methods":null},"cf_link_id":6470369,"link_id":"ORD-20250519-0010","link_url":"https://payments-test.cashfree.com/links/D8j0pnc0bqqg","link_expiry_time":"2025-06-18T16:39:50+05:30","order":{"order_id":"CFPay_D8j0pnc0bqqg_eft0od6c7g","order_expiry_time":"2025-06-18T16:39:20+05:30","order_hash":"K7k4nkKd2YpPjtZrlQRY","order_amount":"17997.00","transaction_id":5114918062440,"transaction_status":"SUCCESS"},"link_status":"PAID","link_partial_payments":false,"link_auto_reminders":false,"link_notify":{"send_sms":true,"send_email":true}},"type":"PAYMENT_LINK_EVENT","version":1,"event_time":"2025-05-19T16:40:13+05:30"}	Payment not found	2025-05-19 11:10:16.666446+00	\N	\N	\N	\N	1
130	WEBHOOK	/payment/cashfree/webhook/	\N	0	{"data":{"order":{"order_id":"CFPay_O8j0oef1u6u0_o93u7l823h","order_amount":23996.00,"order_currency":"INR","order_tags":{"cf_link_id":"6470354","link_id":"ORD-20250519-0007"}},"payment":{"cf_payment_id":5114918062330,"payment_status":"SUCCESS","payment_amount":23996.00,"payment_currency":"INR","payment_message":"Simulated response message","payment_time":"2025-05-19T16:28:55+05:30","bank_reference":"5114918062330","auth_id":null,"payment_method":{"card":{"channel":null,"card_number":"XXXXXXXXXXXX2123","card_network":"visa","card_type":"debit_card","card_sub_type":"R","card_country":"IN","card_bank_name":"KOTAK MAHINDRA BANK"}},"payment_group":"debit_card"},"customer_details":{"customer_name":"EMP00002","customer_id":null,"customer_email":"satheeshappz@gmail.com","customer_phone":"+917736500760"},"payment_gateway_details":{"gateway_name":"CASHFREE","gateway_order_id":"2193144227","gateway_payment_id":"5114918062330","gateway_status_code":null,"gateway_order_reference_id":"null","gateway_settlement":"CASHFREE"},"payment_offers":null},"event_time":"2025-05-19T16:28:59+05:30","type":"PAYMENT_SUCCESS_WEBHOOK"}	\N	2025-05-19 11:11:01.626925+00	\N	\N	\N	\N	1
131	WEBHOOK	/payment/cashfree/webhook/	\N	0	{"data":{"order":{"order_id":"CFPay_O8j0oef1u6u0_o93u7l823h","order_amount":23996.00,"order_currency":"INR","order_tags":{"cf_link_id":"6470354","link_id":"ORD-20250519-0007"}},"payment":{"cf_payment_id":5114918062330,"payment_status":"SUCCESS","payment_amount":23996.00,"payment_currency":"INR","payment_message":"Simulated response message","payment_time":"2025-05-19T16:28:55+05:30","bank_reference":"5114918062330","auth_id":null,"payment_method":{"card":{"channel":null,"card_number":"XXXXXXXXXXXX2123","card_network":"visa","card_type":"debit_card","card_sub_type":null,"card_country":"IN","card_bank_name":"KOTAK MAHINDRA BANK"}},"payment_group":"debit_card"},"customer_details":{"customer_name":"EMP00002","customer_id":null,"customer_email":"satheeshappz@gmail.com","customer_phone":"+917736500760"},"charges_details":{"service_charge":455.92,"service_tax":82.07,"settlement_amount":23458.01,"settlement_currency":"INR","service_charge_discount":null}},"event_time":"2025-05-19T16:28:59+05:30","type":"PAYMENT_CHARGES_WEBHOOK"}	\N	2025-05-19 11:11:01.622025+00	\N	\N	\N	\N	1
132	WEBHOOK	/payment/cashfree/webhook/	\N	0	{"data":{"order":{"order_id":"CFPay_e8j0omtii6u0_efdem99obe","order_amount":53991.00,"order_currency":"INR","order_tags":{"cf_link_id":"6470356","link_id":"ORD-20250519-0008"}},"payment":{"cf_payment_id":5114918062348,"payment_status":"SUCCESS","payment_amount":53991.00,"payment_currency":"INR","payment_message":"Simulated response message","payment_time":"2025-05-19T16:31:22+05:30","bank_reference":"5114918062348","auth_id":null,"payment_method":{"card":{"channel":null,"card_number":"XXXXXXXXXXXX2123","card_network":"visa","card_type":"debit_card","card_sub_type":null,"card_country":"IN","card_bank_name":"KOTAK MAHINDRA BANK"}},"payment_group":"debit_card"},"customer_details":{"customer_name":"EMP00002","customer_id":null,"customer_email":"satheeshappz@gmail.com","customer_phone":"+917736500760"},"charges_details":{"service_charge":1025.83,"service_tax":184.65,"settlement_amount":52780.52,"settlement_currency":"INR","service_charge_discount":null}},"event_time":"2025-05-19T16:31:26+05:30","type":"PAYMENT_CHARGES_WEBHOOK"}	Payment not found	2025-05-19 11:13:28.857088+00	\N	\N	\N	\N	1
133	WEBHOOK	/payment/cashfree/webhook/	\N	0	{"data":{"order":{"order_id":"CFPay_e8j0omtii6u0_efdem99obe","order_amount":53991.00,"order_currency":"INR","order_tags":{"cf_link_id":"6470356","link_id":"ORD-20250519-0008"}},"payment":{"cf_payment_id":5114918062348,"payment_status":"SUCCESS","payment_amount":53991.00,"payment_currency":"INR","payment_message":"Simulated response message","payment_time":"2025-05-19T16:31:22+05:30","bank_reference":"5114918062348","auth_id":null,"payment_method":{"card":{"channel":null,"card_number":"XXXXXXXXXXXX2123","card_network":"visa","card_type":"debit_card","card_sub_type":"R","card_country":"IN","card_bank_name":"KOTAK MAHINDRA BANK"}},"payment_group":"debit_card"},"customer_details":{"customer_name":"EMP00002","customer_id":null,"customer_email":"satheeshappz@gmail.com","customer_phone":"+917736500760"},"payment_gateway_details":{"gateway_name":"CASHFREE","gateway_order_id":"2193144256","gateway_payment_id":"5114918062348","gateway_status_code":null,"gateway_order_reference_id":"null","gateway_settlement":"CASHFREE"},"payment_offers":null},"event_time":"2025-05-19T16:31:26+05:30","type":"PAYMENT_SUCCESS_WEBHOOK"}	Payment not found	2025-05-19 11:13:29.662397+00	\N	\N	\N	\N	1
134	WEBHOOK	/payment/cashfree/webhook/	\N	0	{"data":{"order":{"order_id":"CFPay_O8j0oef1u6u0_o93u7l823h","order_hash":"huBtFggODcnZ1iHy2Qjz","order_amount":"23996.00","transaction_id":5114918062330,"order_expiry_time":"2025-06-18T16:28:10+05:30","transaction_status":"SUCCESS"},"link_id":"ORD-20250519-0007","link_url":"https://payments-test.cashfree.com/links/O8j0oef1u6u0","link_meta":{"notify_url":"https://eb93-2401-4900-6270-f538-6b0d-4038-96d3-5d0c.ngrok-free.app/payment/cashfree/webhook/","return_url":"http://eb93-2401-4900-6270-f538-6b0d-4038-96d3-5d0c.ngrok-free.app/payment/cashfree/return/?order_id=ORD-20250519-0007","upi_intent":false,"payment_methods":null},"cf_link_id":6470354,"link_notes":{},"link_amount":"23996.00","link_notify":{"send_sms":true,"send_email":true},"link_status":"PAID","link_purpose":"Payment for Order #ORD-20250519-0007","link_currency":"INR","link_created_at":"2025-05-19T16:28:41+05:30","customer_details":{"customer_name":"EMP00002","customer_email":"satheeshappz@gmail.com","customer_phone":"7736500760"},"link_amount_paid":"23996.00","link_expiry_time":"2025-06-18T16:28:40+05:30","link_auto_reminders":false,"link_partial_payments":false,"link_minimum_partial_amount":null},"type":"PAYMENT_LINK_EVENT","version":1,"event_time":"2025-05-19T16:29:00+05:30"}	Payment not found	2025-05-19 11:14:01.751051+00	\N	\N	\N	\N	1
135	WEBHOOK	/payment/cashfree/webhook/	\N	404	{"data":{"order":{"order_id":"CFPay_e8j0omtii6u0_efdem99obe","order_hash":"KQkHspZPtazf8hvwoUQL","order_amount":"53991.00","transaction_id":5114918062348,"order_expiry_time":"2025-06-18T16:30:29+05:30","transaction_status":"SUCCESS"},"link_id":"ORD-20250519-0008","link_url":"https://payments-test.cashfree.com/links/e8j0omtii6u0","link_meta":{"notify_url":"https://eb93-2401-4900-6270-f538-6b0d-4038-96d3-5d0c.ngrok-free.app/payment/cashfree/webhook/","return_url":"http://eb93-2401-4900-6270-f538-6b0d-4038-96d3-5d0c.ngrok-free.app/payment/cashfree/return/?order_id=ORD-20250519-0008","upi_intent":false,"payment_methods":null},"cf_link_id":6470356,"link_notes":{},"link_amount":"53991.00","link_notify":{"send_sms":true,"send_email":true},"link_status":"PAID","link_purpose":"Payment for Order #ORD-20250519-0008","link_currency":"INR","link_created_at":"2025-05-19T16:30:59+05:30","customer_details":{"customer_name":"EMP00002","customer_email":"satheeshappz@gmail.com","customer_phone":"7736500760"},"link_amount_paid":"53991.00","link_expiry_time":"2025-06-18T16:30:59+05:30","link_auto_reminders":false,"link_partial_payments":false,"link_minimum_partial_amount":null},"type":"PAYMENT_LINK_EVENT","version":1,"event_time":"2025-05-19T16:31:31+05:30"}	Payment not found for link_id: ORD-20250519-0008	2025-05-19 11:16:32.589913+00	\N	\N	\N	\N	1
136	CREATE_LINK	https://sandbox.cashfree.com/pg/links	{"customer_details": {"customer_email": "satheeshappz@gmail.com", "customer_name": "EMP00002", "customer_phone": "7736500760"}, "link_amount": 11998.0, "link_currency": "INR", "link_id": "ORD-20250519-0011", "link_meta": {"notify_url": "http://eb93-2401-4900-6270-f538-6b0d-4038-96d3-5d0c.ngrok-free.app/payment/cashfree/webhook/", "return_url": "http://eb93-2401-4900-6270-f538-6b0d-4038-96d3-5d0c.ngrok-free.app/payment/cashfree/return/?order_id=ORD-20250519-0011", "upi_intent": false}, "link_notify": {"send_email": true, "send_sms": true}, "link_purpose": "Payment for Order #ORD-20250519-0011"}	200	{"cf_link_id": 6470372, "customer_details": {"customer_name": "EMP00002", "country_code": "+91", "customer_phone": "7736500760", "customer_email": "satheeshappz@gmail.com"}, "enable_invoice": false, "entity": "link", "link_amount": 11998, "link_amount_paid": 0, "link_auto_reminders": false, "link_created_at": "2025-05-19T16:46:41+05:30", "link_currency": "INR", "link_expiry_time": "2025-06-18T16:46:41+05:30", "link_id": "ORD-20250519-0011", "link_meta": {"notify_url": "http://eb93-2401-4900-6270-f538-6b0d-4038-96d3-5d0c.ngrok-free.app/payment/cashfree/webhook/", "payment_methods": "", "return_url": "http://eb93-2401-4900-6270-f538-6b0d-4038-96d3-5d0c.ngrok-free.app/payment/cashfree/return/?order_id=ORD-20250519-0011", "upi_intent": "false"}, "link_minimum_partial_amount": null, "link_notes": {}, "link_notify": {"send_email": true, "send_sms": true}, "link_partial_payments": false, "link_purpose": "Payment for Order #ORD-20250519-0011", "link_status": "ACTIVE", "link_url": "https://payments-test.cashfree.com/links/X8j0qge7bqqg", "order_splits": [], "terms_and_conditions": "", "thank_you_msg": ""}	\N	2025-05-19 11:16:41.778242+00	\N	ORD-20250519-0011	\N	\N	1
137	WEBHOOK	/payment/cashfree/webhook/	\N	200	{"status": "success", "event_type": "PAYMENT_LINK_EVENT"}	\N	2025-05-19 11:17:12.295402+00	\N	ORD-20250519-0011	\N	\N	1
138	WEBHOOK	/payment/cashfree/webhook/	\N	200	{"status": "success", "event_type": "PAYMENT_LINK_EVENT"}	\N	2025-05-19 11:22:23.90497+00	\N	ORD-20250519-0009	\N	\N	1
139	CREATE_LINK	https://sandbox.cashfree.com/pg/links	{"customer_details": {"customer_email": "satheeshappz@gmail.com", "customer_name": "EMP00002", "customer_phone": "7736500760"}, "link_amount": 5999.0, "link_currency": "INR", "link_id": "ORD-20250519-0012", "link_meta": {"notify_url": "http://eb93-2401-4900-6270-f538-6b0d-4038-96d3-5d0c.ngrok-free.app/payment/cashfree/webhook/", "return_url": "http://eb93-2401-4900-6270-f538-6b0d-4038-96d3-5d0c.ngrok-free.app/payment/cashfree/return/?order_id=ORD-20250519-0012", "upi_intent": false}, "link_notify": {"send_email": true, "send_sms": true}, "link_purpose": "Payment for Order #ORD-20250519-0012"}	200	{"cf_link_id": 6470376, "customer_details": {"customer_name": "EMP00002", "country_code": "+91", "customer_phone": "7736500760", "customer_email": "satheeshappz@gmail.com"}, "enable_invoice": false, "entity": "link", "link_amount": 5999, "link_amount_paid": 0, "link_auto_reminders": false, "link_created_at": "2025-05-19T16:53:06+05:30", "link_currency": "INR", "link_expiry_time": "2025-06-18T16:53:06+05:30", "link_id": "ORD-20250519-0012", "link_meta": {"notify_url": "http://eb93-2401-4900-6270-f538-6b0d-4038-96d3-5d0c.ngrok-free.app/payment/cashfree/webhook/", "payment_methods": "", "return_url": "http://eb93-2401-4900-6270-f538-6b0d-4038-96d3-5d0c.ngrok-free.app/payment/cashfree/return/?order_id=ORD-20250519-0012", "upi_intent": "false"}, "link_minimum_partial_amount": null, "link_notes": {}, "link_notify": {"send_email": true, "send_sms": true}, "link_partial_payments": false, "link_purpose": "Payment for Order #ORD-20250519-0012", "link_status": "ACTIVE", "link_url": "https://payments-test.cashfree.com/links/u8j0r7svm6u0", "order_splits": [], "terms_and_conditions": "", "thank_you_msg": ""}	\N	2025-05-19 11:23:06.190605+00	\N	ORD-20250519-0012	\N	\N	1
140	WEBHOOK	/payment/cashfree/webhook/	\N	200	{"status": "success", "event_type": "PAYMENT_LINK_EVENT"}	\N	2025-05-19 11:25:18.282875+00	\N	ORD-20250519-0010	\N	\N	1
141	CREATE_LINK	https://sandbox.cashfree.com/pg/links	{"customer_details": {"customer_email": "satheeshappz@gmail.com", "customer_name": "EMP00002", "customer_phone": "7736500760"}, "link_amount": 5999.0, "link_currency": "INR", "link_id": "ORD-20250524-0001", "link_meta": {"notify_url": "http://127.0.0.1:8000/payment/cashfree/webhook/", "return_url": "http://127.0.0.1:8000/payment/cashfree/return/?order_id=ORD-20250524-0001", "upi_intent": false}, "link_notify": {"send_email": true, "send_sms": true}, "link_purpose": "Payment for Order #ORD-20250524-0001"}	200	{"cf_link_id": 6475486, "customer_details": {"customer_name": "EMP00002", "country_code": "+91", "customer_phone": "7736500760", "customer_email": "satheeshappz@gmail.com"}, "enable_invoice": false, "entity": "link", "link_amount": 5999, "link_amount_paid": 0, "link_auto_reminders": false, "link_created_at": "2025-05-24T21:26:12+05:30", "link_currency": "INR", "link_expiry_time": "2025-06-23T21:26:12+05:30", "link_id": "ORD-20250524-0001", "link_meta": {"notify_url": "http://127.0.0.1:8000/payment/cashfree/webhook/", "payment_methods": "", "return_url": "http://127.0.0.1:8000/payment/cashfree/return/?order_id=ORD-20250524-0001", "upi_intent": "false"}, "link_minimum_partial_amount": null, "link_notes": {}, "link_notify": {"send_email": true, "send_sms": true}, "link_partial_payments": false, "link_purpose": "Payment for Order #ORD-20250524-0001", "link_status": "ACTIVE", "link_url": "https://payments-test.cashfree.com/links/K8jrif6rdk00", "order_splits": [], "terms_and_conditions": "", "thank_you_msg": ""}	\N	2025-05-24 15:56:12.187338+00	\N	ORD-20250524-0001	\N	\N	1
142	CREATE_LINK	https://sandbox.cashfree.com/pg/links	{"customer_details": {"customer_email": "satheeshappz@gmail.com", "customer_name": "EMP00002", "customer_phone": "7736500760"}, "link_amount": 5999.0, "link_currency": "INR", "link_id": "ORD-20250524-0002", "link_meta": {"notify_url": "http://127.0.0.1:8000/payment/cashfree/webhook/", "return_url": "http://127.0.0.1:8000/payment/cashfree/return/?order_id=ORD-20250524-0002", "upi_intent": false}, "link_notify": {"send_email": true, "send_sms": true}, "link_purpose": "Payment for Order #ORD-20250524-0002"}	200	{"cf_link_id": 6475497, "customer_details": {"customer_name": "EMP00002", "country_code": "+91", "customer_phone": "7736500760", "customer_email": "satheeshappz@gmail.com"}, "enable_invoice": false, "entity": "link", "link_amount": 5999, "link_amount_paid": 0, "link_auto_reminders": false, "link_created_at": "2025-05-24T22:46:35+05:30", "link_currency": "INR", "link_expiry_time": "2025-06-23T22:46:35+05:30", "link_id": "ORD-20250524-0002", "link_meta": {"notify_url": "http://127.0.0.1:8000/payment/cashfree/webhook/", "payment_methods": "", "return_url": "http://127.0.0.1:8000/payment/cashfree/return/?order_id=ORD-20250524-0002", "upi_intent": "false"}, "link_minimum_partial_amount": null, "link_notes": {}, "link_notify": {"send_email": true, "send_sms": true}, "link_partial_payments": false, "link_purpose": "Payment for Order #ORD-20250524-0002", "link_status": "ACTIVE", "link_url": "https://payments-test.cashfree.com/links/w8jrrlkghk00", "order_splits": [], "terms_and_conditions": "", "thank_you_msg": ""}	\N	2025-05-24 17:16:35.262612+00	\N	ORD-20250524-0002	\N	\N	1
143	CREATE_LINK	https://sandbox.cashfree.com/pg/links	{"customer_details": {"customer_email": "satheeshappz@gmail.com", "customer_name": "EMP00002", "customer_phone": "7736500760"}, "link_amount": 5999.0, "link_currency": "INR", "link_id": "ORD-20250524-0002", "link_meta": {"notify_url": "http://127.0.0.1:8000/payment/cashfree/webhook/", "return_url": "http://127.0.0.1:8000/payment/cashfree/return/?order_id=ORD-20250524-0002", "upi_intent": false}, "link_notify": {"send_email": true, "send_sms": true}, "link_purpose": "Payment for Order #ORD-20250524-0002"}	400	{"code": "link_post_failed", "message": "Link ID already exists", "type": "invalid_request_error"}	\N	2025-05-24 17:16:35.303175+00	\N	\N	\N	\N	1
144	CREATE_LINK	https://sandbox.cashfree.com/pg/links	{"customer_details": {"customer_email": "satheeshappz@gmail.com", "customer_name": "EMP00002", "customer_phone": "7736500760"}, "link_amount": 23996.0, "link_currency": "INR", "link_id": "ORD-20250531-0002", "link_meta": {"notify_url": "http://127.0.0.1:8000/payment/cashfree/webhook/", "return_url": "http://127.0.0.1:8000/payment/cashfree/return/?order_id=ORD-20250531-0002", "upi_intent": false}, "link_notify": {"send_email": true, "send_sms": true}, "link_purpose": "Payment for Order #ORD-20250531-0002"}	200	{"cf_link_id": 6484223, "customer_details": {"customer_name": "EMP00002", "country_code": "+91", "customer_phone": "7736500760", "customer_email": "satheeshappz@gmail.com"}, "enable_invoice": false, "entity": "link", "link_amount": 23996, "link_amount_paid": 0, "link_auto_reminders": false, "link_created_at": "2025-06-01T02:56:19+05:30", "link_currency": "INR", "link_expiry_time": "2025-07-01T02:56:19+05:30", "link_id": "ORD-20250531-0002", "link_meta": {"notify_url": "http://127.0.0.1:8000/payment/cashfree/webhook/", "payment_methods": "", "return_url": "http://127.0.0.1:8000/payment/cashfree/return/?order_id=ORD-20250531-0002", "upi_intent": "false"}, "link_minimum_partial_amount": null, "link_notes": {}, "link_notify": {"send_email": true, "send_sms": true}, "link_partial_payments": false, "link_purpose": "Payment for Order #ORD-20250531-0002", "link_status": "ACTIVE", "link_url": "https://payments-test.cashfree.com/links/d8l0pq7mck5g", "order_splits": [], "terms_and_conditions": "", "thank_you_msg": ""}	\N	2025-05-31 21:26:19.800512+00	\N	ORD-20250531-0002	\N	\N	1
145	WEBHOOK	/payment/cashfree/webhook/	\N	400	{"data":{"test_object":{"test_key":"test_value"}},"type":"WEBHOOK","event_time":"2025-05-31T21:31:42.043Z"}	Missing order_id	2025-05-31 21:31:42.25291+00	\N	\N	\N	\N	1
146	WEBHOOK	/payment/cashfree/webhook/	\N	400	{"data":{"test_object":{"test_key":"test_value"}},"type":"WEBHOOK","event_time":"2025-05-31T21:32:22.749Z"}	Missing order_id	2025-05-31 21:32:22.9255+00	\N	\N	\N	\N	1
147	WEBHOOK	/payment/cashfree/webhook/	\N	400	{"data":{"test_object":{"test_key":"test_value"}},"type":"WEBHOOK","event_time":"2025-05-31T21:33:06.613Z"}	Missing order_id	2025-05-31 21:33:06.883339+00	\N	\N	\N	\N	1
148	WEBHOOK	/payment/cashfree/webhook/	\N	400	{"data":{"test_object":{"test_key":"test_value"}},"type":"WEBHOOK","event_time":"2025-05-31T21:33:10.748Z"}	Missing order_id	2025-05-31 21:33:10.87397+00	\N	\N	\N	\N	1
149	WEBHOOK	/payment/cashfree/webhook/	\N	405	\N	Invalid method	2025-05-31 21:33:23.681022+00	\N	\N	\N	\N	1
150	WEBHOOK	/payment/cashfree/webhook/	\N	400	{"data":{"test_object":{"test_key":"test_value"}},"type":"WEBHOOK","event_time":"2025-05-31T21:33:32.380Z"}	Missing order_id	2025-05-31 21:33:32.568034+00	\N	\N	\N	\N	1
151	WEBHOOK	/payment/cashfree/webhook/	\N	404	{"data":{"cf_link_id":1576977,"customer_details":{"customer_email":"john@gmail.com","customer_name":"John ","customer_phone":"9000000000"},"link_amount":"200.12","link_amount_paid":"55.00","link_auto_reminders":true,"link_created_at":"2021-08-18T07:13:41","link_currency":"INR","link_expiry_time":"2021-11-28T21:46:20","link_id":"payment_ps11","link_meta":{"notify_url":"https://ee08e626ecd88c61c85f5c69c0418cb5.m.pipedream.net"},"link_minimum_partial_amount":"11.00","link_notes":{"note_key_1":"note_value_1"},"link_notify":{"send_email":true,"send_sms":true},"link_partial_payments":true,"link_purpose":"Payment for order 10","link_status":"PARTIALLY_PAID","link_url":"https://payments-test.cashfree.com/links//U1mgll3c0e9g","order":{"order_amount":"22.00","order_expiry_time":"2021-08-18T07:34:50","order_hash":"Gb2gC7z0tILhGbZUIeds","order_id":"CFPay_U1mgll3c0e9g_ehdcjjbtckf","transaction_id":1021206,"transaction_status":"SUCCESS"}},"type":"PAYMENT_LINK_EVENT","version":"1","event_time":"2021-08-18T12:55:06+05:30"}	Payment not found for link_id: payment_ps11	2025-05-31 21:34:15.825164+00	\N	\N	\N	\N	1
152	WEBHOOK	/payment/cashfree/webhook/	\N	404	{"data":{"cf_link_id":1576977,"customer_details":{"customer_email":"john@gmail.com","customer_name":"John ","customer_phone":"9000000000"},"link_amount":"200.12","link_amount_paid":"55.00","link_auto_reminders":true,"link_created_at":"2021-08-18T07:13:41","link_currency":"INR","link_expiry_time":"2021-11-28T21:46:20","link_id":"payment_ps11","link_meta":{"notify_url":"https://ee08e626ecd88c61c85f5c69c0418cb5.m.pipedream.net"},"link_minimum_partial_amount":"11.00","link_notes":{"note_key_1":"note_value_1"},"link_notify":{"send_email":true,"send_sms":true},"link_partial_payments":true,"link_purpose":"Payment for order 10","link_status":"PARTIALLY_PAID","link_url":"https://payments-test.cashfree.com/links//U1mgll3c0e9g","order":{"order_amount":"22.00","order_expiry_time":"2021-08-18T07:34:50","order_hash":"Gb2gC7z0tILhGbZUIeds","order_id":"CFPay_U1mgll3c0e9g_ehdcjjbtckf","transaction_id":1021206,"transaction_status":"SUCCESS"}},"type":"PAYMENT_LINK_EVENT","version":"1","event_time":"2021-08-18T12:55:06+05:30"}	Payment not found for link_id: payment_ps11	2025-05-31 21:34:17.72933+00	\N	\N	\N	\N	1
153	WEBHOOK	/payment/cashfree/webhook/	\N	404	{"data":{"cf_link_id":1576977,"customer_details":{"customer_email":"john@gmail.com","customer_name":"John ","customer_phone":"9000000000"},"link_amount":"200.12","link_amount_paid":"55.00","link_auto_reminders":true,"link_created_at":"2021-08-18T07:13:41","link_currency":"INR","link_expiry_time":"2021-11-28T21:46:20","link_id":"payment_ps11","link_meta":{"notify_url":"https://ee08e626ecd88c61c85f5c69c0418cb5.m.pipedream.net"},"link_minimum_partial_amount":"11.00","link_notes":{"note_key_1":"note_value_1"},"link_notify":{"send_email":true,"send_sms":true},"link_partial_payments":true,"link_purpose":"Payment for order 10","link_status":"PARTIALLY_PAID","link_url":"https://payments-test.cashfree.com/links//U1mgll3c0e9g","order":{"order_amount":"22.00","order_expiry_time":"2021-08-18T07:34:50","order_hash":"Gb2gC7z0tILhGbZUIeds","order_id":"CFPay_U1mgll3c0e9g_ehdcjjbtckf","transaction_id":1021206,"transaction_status":"SUCCESS"}},"type":"PAYMENT_LINK_EVENT","version":"1","event_time":"2021-08-18T12:55:06+05:30"}	Payment not found for link_id: payment_ps11	2025-05-31 21:34:18.628595+00	\N	\N	\N	\N	1
154	WEBHOOK	/payment/cashfree/webhook/	\N	404	{"data":{"cf_link_id":1576977,"customer_details":{"customer_email":"john@gmail.com","customer_name":"John ","customer_phone":"9000000000"},"link_amount":"200.12","link_amount_paid":"55.00","link_auto_reminders":true,"link_created_at":"2021-08-18T07:13:41","link_currency":"INR","link_expiry_time":"2021-11-28T21:46:20","link_id":"payment_ps11","link_meta":{"notify_url":"https://ee08e626ecd88c61c85f5c69c0418cb5.m.pipedream.net"},"link_minimum_partial_amount":"11.00","link_notes":{"note_key_1":"note_value_1"},"link_notify":{"send_email":true,"send_sms":true},"link_partial_payments":true,"link_purpose":"Payment for order 10","link_status":"PARTIALLY_PAID","link_url":"https://payments-test.cashfree.com/links//U1mgll3c0e9g","order":{"order_amount":"22.00","order_expiry_time":"2021-08-18T07:34:50","order_hash":"Gb2gC7z0tILhGbZUIeds","order_id":"CFPay_U1mgll3c0e9g_ehdcjjbtckf","transaction_id":1021206,"transaction_status":"SUCCESS"}},"type":"PAYMENT_LINK_EVENT","version":"1","event_time":"2021-08-18T12:55:06+05:30"}	Payment not found for link_id: payment_ps11	2025-05-31 21:34:18.976979+00	\N	\N	\N	\N	1
155	WEBHOOK	/payment/cashfree/webhook/	\N	404	{"data":{"cf_link_id":1576977,"customer_details":{"customer_email":"john@gmail.com","customer_name":"John ","customer_phone":"9000000000"},"link_amount":"200.12","link_amount_paid":"55.00","link_auto_reminders":true,"link_created_at":"2021-08-18T07:13:41","link_currency":"INR","link_expiry_time":"2021-11-28T21:46:20","link_id":"payment_ps11","link_meta":{"notify_url":"https://ee08e626ecd88c61c85f5c69c0418cb5.m.pipedream.net"},"link_minimum_partial_amount":"11.00","link_notes":{"note_key_1":"note_value_1"},"link_notify":{"send_email":true,"send_sms":true},"link_partial_payments":true,"link_purpose":"Payment for order 10","link_status":"PARTIALLY_PAID","link_url":"https://payments-test.cashfree.com/links//U1mgll3c0e9g","order":{"order_amount":"22.00","order_expiry_time":"2021-08-18T07:34:50","order_hash":"Gb2gC7z0tILhGbZUIeds","order_id":"CFPay_U1mgll3c0e9g_ehdcjjbtckf","transaction_id":1021206,"transaction_status":"SUCCESS"}},"type":"PAYMENT_LINK_EVENT","version":"1","event_time":"2021-08-18T12:55:06+05:30"}	Payment not found for link_id: payment_ps11	2025-05-31 21:34:52.934597+00	\N	\N	\N	\N	1
156	WEBHOOK	/payment/cashfree/webhook/	\N	404	{"data":{"cf_link_id":1576977,"customer_details":{"customer_email":"john@gmail.com","customer_name":"John ","customer_phone":"9000000000"},"link_amount":"200.12","link_amount_paid":"55.00","link_auto_reminders":true,"link_created_at":"2021-08-18T07:13:41","link_currency":"INR","link_expiry_time":"2021-11-28T21:46:20","link_id":"payment_ps11","link_meta":{"notify_url":"https://ee08e626ecd88c61c85f5c69c0418cb5.m.pipedream.net"},"link_minimum_partial_amount":"11.00","link_notes":{"note_key_1":"note_value_1"},"link_notify":{"send_email":true,"send_sms":true},"link_partial_payments":true,"link_purpose":"Payment for order 10","link_status":"PARTIALLY_PAID","link_url":"https://payments-test.cashfree.com/links//U1mgll3c0e9g","order":{"order_amount":"22.00","order_expiry_time":"2021-08-18T07:34:50","order_hash":"Gb2gC7z0tILhGbZUIeds","order_id":"CFPay_U1mgll3c0e9g_ehdcjjbtckf","transaction_id":1021206,"transaction_status":"SUCCESS"}},"type":"PAYMENT_LINK_EVENT","version":"1","event_time":"2021-08-18T12:55:06+05:30"}	Payment not found for link_id: payment_ps11	2025-05-31 21:34:58.696685+00	\N	\N	\N	\N	1
157	WEBHOOK	/payment/cashfree/webhook/	\N	404	{"data":{"cf_link_id":1576977,"customer_details":{"customer_email":"john@gmail.com","customer_name":"John ","customer_phone":"9000000000"},"link_amount":"200.12","link_amount_paid":"55.00","link_auto_reminders":true,"link_created_at":"2021-08-18T07:13:41","link_currency":"INR","link_expiry_time":"2021-11-28T21:46:20","link_id":"payment_ps11","link_meta":{"notify_url":"https://ee08e626ecd88c61c85f5c69c0418cb5.m.pipedream.net"},"link_minimum_partial_amount":"11.00","link_notes":{"note_key_1":"note_value_1"},"link_notify":{"send_email":true,"send_sms":true},"link_partial_payments":true,"link_purpose":"Payment for order 10","link_status":"PARTIALLY_PAID","link_url":"https://payments-test.cashfree.com/links//U1mgll3c0e9g","order":{"order_amount":"22.00","order_expiry_time":"2021-08-18T07:34:50","order_hash":"Gb2gC7z0tILhGbZUIeds","order_id":"CFPay_U1mgll3c0e9g_ehdcjjbtckf","transaction_id":1021206,"transaction_status":"SUCCESS"}},"type":"PAYMENT_LINK_EVENT","version":"1","event_time":"2021-08-18T12:55:06+05:30"}	Payment not found for link_id: payment_ps11	2025-05-31 21:35:00.019672+00	\N	\N	\N	\N	1
158	WEBHOOK	/payment/cashfree/webhook/	\N	404	{"data":{"cf_link_id":1576977,"customer_details":{"customer_email":"john@gmail.com","customer_name":"John ","customer_phone":"9000000000"},"link_amount":"200.12","link_amount_paid":"55.00","link_auto_reminders":true,"link_created_at":"2021-08-18T07:13:41","link_currency":"INR","link_expiry_time":"2021-11-28T21:46:20","link_id":"payment_ps11","link_meta":{"notify_url":"https://ee08e626ecd88c61c85f5c69c0418cb5.m.pipedream.net"},"link_minimum_partial_amount":"11.00","link_notes":{"note_key_1":"note_value_1"},"link_notify":{"send_email":true,"send_sms":true},"link_partial_payments":true,"link_purpose":"Payment for order 10","link_status":"PARTIALLY_PAID","link_url":"https://payments-test.cashfree.com/links//U1mgll3c0e9g","order":{"order_amount":"22.00","order_expiry_time":"2021-08-18T07:34:50","order_hash":"Gb2gC7z0tILhGbZUIeds","order_id":"CFPay_U1mgll3c0e9g_ehdcjjbtckf","transaction_id":1021206,"transaction_status":"SUCCESS"}},"type":"PAYMENT_LINK_EVENT","version":"1","event_time":"2021-08-18T12:55:06+05:30"}	Payment not found for link_id: payment_ps11	2025-05-31 21:35:05.424134+00	\N	\N	\N	\N	1
159	WEBHOOK	/payment/cashfree/webhook/	\N	404	{"data":{"cf_link_id":1576977,"customer_details":{"customer_email":"john@gmail.com","customer_name":"John ","customer_phone":"9000000000"},"link_amount":"200.12","link_amount_paid":"55.00","link_auto_reminders":true,"link_created_at":"2021-08-18T07:13:41","link_currency":"INR","link_expiry_time":"2021-11-28T21:46:20","link_id":"payment_ps11","link_meta":{"notify_url":"https://ee08e626ecd88c61c85f5c69c0418cb5.m.pipedream.net"},"link_minimum_partial_amount":"11.00","link_notes":{"note_key_1":"note_value_1"},"link_notify":{"send_email":true,"send_sms":true},"link_partial_payments":true,"link_purpose":"Payment for order 10","link_status":"PARTIALLY_PAID","link_url":"https://payments-test.cashfree.com/links//U1mgll3c0e9g","order":{"order_amount":"22.00","order_expiry_time":"2021-08-18T07:34:50","order_hash":"Gb2gC7z0tILhGbZUIeds","order_id":"CFPay_U1mgll3c0e9g_ehdcjjbtckf","transaction_id":1021206,"transaction_status":"SUCCESS"}},"type":"PAYMENT_LINK_EVENT","version":"1","event_time":"2021-08-18T12:55:06+05:30"}	Payment not found for link_id: payment_ps11	2025-05-31 21:35:05.819627+00	\N	\N	\N	\N	1
160	WEBHOOK	/payment/cashfree/webhook/	\N	404	{"data":{"cf_link_id":1576977,"customer_details":{"customer_email":"john@gmail.com","customer_name":"John ","customer_phone":"9000000000"},"link_amount":"200.12","link_amount_paid":"55.00","link_auto_reminders":true,"link_created_at":"2021-08-18T07:13:41","link_currency":"INR","link_expiry_time":"2021-11-28T21:46:20","link_id":"payment_ps11","link_meta":{"notify_url":"https://ee08e626ecd88c61c85f5c69c0418cb5.m.pipedream.net"},"link_minimum_partial_amount":"11.00","link_notes":{"note_key_1":"note_value_1"},"link_notify":{"send_email":true,"send_sms":true},"link_partial_payments":true,"link_purpose":"Payment for order 10","link_status":"PARTIALLY_PAID","link_url":"https://payments-test.cashfree.com/links//U1mgll3c0e9g","order":{"order_amount":"22.00","order_expiry_time":"2021-08-18T07:34:50","order_hash":"Gb2gC7z0tILhGbZUIeds","order_id":"CFPay_U1mgll3c0e9g_ehdcjjbtckf","transaction_id":1021206,"transaction_status":"SUCCESS"}},"type":"PAYMENT_LINK_EVENT","version":"1","event_time":"2021-08-18T12:55:06+05:30"}	Payment not found for link_id: payment_ps11	2025-05-31 21:35:16.040072+00	\N	\N	\N	\N	1
161	WEBHOOK	/payment/cashfree/webhook/	\N	404	{"data":{"cf_link_id":1576977,"customer_details":{"customer_email":"john@gmail.com","customer_name":"John ","customer_phone":"9000000000"},"link_amount":"200.12","link_amount_paid":"55.00","link_auto_reminders":true,"link_created_at":"2021-08-18T07:13:41","link_currency":"INR","link_expiry_time":"2021-11-28T21:46:20","link_id":"payment_ps11","link_meta":{"notify_url":"https://ee08e626ecd88c61c85f5c69c0418cb5.m.pipedream.net"},"link_minimum_partial_amount":"11.00","link_notes":{"note_key_1":"note_value_1"},"link_notify":{"send_email":true,"send_sms":true},"link_partial_payments":true,"link_purpose":"Payment for order 10","link_status":"PARTIALLY_PAID","link_url":"https://payments-test.cashfree.com/links//U1mgll3c0e9g","order":{"order_amount":"22.00","order_expiry_time":"2021-08-18T07:34:50","order_hash":"Gb2gC7z0tILhGbZUIeds","order_id":"CFPay_U1mgll3c0e9g_ehdcjjbtckf","transaction_id":1021206,"transaction_status":"SUCCESS"}},"type":"PAYMENT_LINK_EVENT","version":"1","event_time":"2021-08-18T12:55:06+05:30"}	Payment not found for link_id: payment_ps11	2025-05-31 21:35:17.436835+00	\N	\N	\N	\N	1
162	WEBHOOK	/payment/cashfree/webhook/	\N	404	{"data":{"cf_link_id":1576977,"customer_details":{"customer_email":"john@gmail.com","customer_name":"John ","customer_phone":"9000000000"},"link_amount":"200.12","link_amount_paid":"55.00","link_auto_reminders":true,"link_created_at":"2021-08-18T07:13:41","link_currency":"INR","link_expiry_time":"2021-11-28T21:46:20","link_id":"payment_ps11","link_meta":{"notify_url":"https://ee08e626ecd88c61c85f5c69c0418cb5.m.pipedream.net"},"link_minimum_partial_amount":"11.00","link_notes":{"note_key_1":"note_value_1"},"link_notify":{"send_email":true,"send_sms":true},"link_partial_payments":true,"link_purpose":"Payment for order 10","link_status":"PARTIALLY_PAID","link_url":"https://payments-test.cashfree.com/links//U1mgll3c0e9g","order":{"order_amount":"22.00","order_expiry_time":"2021-08-18T07:34:50","order_hash":"Gb2gC7z0tILhGbZUIeds","order_id":"CFPay_U1mgll3c0e9g_ehdcjjbtckf","transaction_id":1021206,"transaction_status":"SUCCESS"}},"type":"PAYMENT_LINK_EVENT","version":"1","event_time":"2021-08-18T12:55:06+05:30"}	Payment not found for link_id: payment_ps11	2025-05-31 21:35:27.314055+00	\N	\N	\N	\N	1
163	WEBHOOK	/payment/cashfree/webhook/	\N	404	{"data":{"cf_link_id":1576977,"customer_details":{"customer_email":"john@gmail.com","customer_name":"John ","customer_phone":"9000000000"},"link_amount":"200.12","link_amount_paid":"55.00","link_auto_reminders":true,"link_created_at":"2021-08-18T07:13:41","link_currency":"INR","link_expiry_time":"2021-11-28T21:46:20","link_id":"payment_ps11","link_meta":{"notify_url":"https://ee08e626ecd88c61c85f5c69c0418cb5.m.pipedream.net"},"link_minimum_partial_amount":"11.00","link_notes":{"note_key_1":"note_value_1"},"link_notify":{"send_email":true,"send_sms":true},"link_partial_payments":true,"link_purpose":"Payment for order 10","link_status":"PARTIALLY_PAID","link_url":"https://payments-test.cashfree.com/links//U1mgll3c0e9g","order":{"order_amount":"22.00","order_expiry_time":"2021-08-18T07:34:50","order_hash":"Gb2gC7z0tILhGbZUIeds","order_id":"CFPay_U1mgll3c0e9g_ehdcjjbtckf","transaction_id":1021206,"transaction_status":"SUCCESS"}},"type":"PAYMENT_LINK_EVENT","version":"1","event_time":"2021-08-18T12:55:06+05:30"}	Payment not found for link_id: payment_ps11	2025-05-31 21:37:03.296913+00	\N	\N	\N	\N	1
164	WEBHOOK	/payment/cashfree/webhook/	\N	404	{"data":{"cf_link_id":1576977,"customer_details":{"customer_email":"john@gmail.com","customer_name":"John ","customer_phone":"9000000000"},"link_amount":"200.12","link_amount_paid":"55.00","link_auto_reminders":true,"link_created_at":"2021-08-18T07:13:41","link_currency":"INR","link_expiry_time":"2021-11-28T21:46:20","link_id":"payment_ps11","link_meta":{"notify_url":"https://ee08e626ecd88c61c85f5c69c0418cb5.m.pipedream.net"},"link_minimum_partial_amount":"11.00","link_notes":{"note_key_1":"note_value_1"},"link_notify":{"send_email":true,"send_sms":true},"link_partial_payments":true,"link_purpose":"Payment for order 10","link_status":"PARTIALLY_PAID","link_url":"https://payments-test.cashfree.com/links//U1mgll3c0e9g","order":{"order_amount":"22.00","order_expiry_time":"2021-08-18T07:34:50","order_hash":"Gb2gC7z0tILhGbZUIeds","order_id":"CFPay_U1mgll3c0e9g_ehdcjjbtckf","transaction_id":1021206,"transaction_status":"SUCCESS"}},"type":"PAYMENT_LINK_EVENT","version":"1","event_time":"2021-08-18T12:55:06+05:30"}	Payment not found for link_id: payment_ps11	2025-05-31 21:37:06.643083+00	\N	\N	\N	\N	1
165	WEBHOOK	/payment/cashfree/webhook/	\N	404	{"data":{"cf_link_id":1576977,"customer_details":{"customer_email":"john@gmail.com","customer_name":"John ","customer_phone":"9000000000"},"link_amount":"200.12","link_amount_paid":"55.00","link_auto_reminders":true,"link_created_at":"2021-08-18T07:13:41","link_currency":"INR","link_expiry_time":"2021-11-28T21:46:20","link_id":"payment_ps11","link_meta":{"notify_url":"https://ee08e626ecd88c61c85f5c69c0418cb5.m.pipedream.net"},"link_minimum_partial_amount":"11.00","link_notes":{"note_key_1":"note_value_1"},"link_notify":{"send_email":true,"send_sms":true},"link_partial_payments":true,"link_purpose":"Payment for order 10","link_status":"PARTIALLY_PAID","link_url":"https://payments-test.cashfree.com/links//U1mgll3c0e9g","order":{"order_amount":"22.00","order_expiry_time":"2021-08-18T07:34:50","order_hash":"Gb2gC7z0tILhGbZUIeds","order_id":"CFPay_U1mgll3c0e9g_ehdcjjbtckf","transaction_id":1021206,"transaction_status":"SUCCESS"}},"type":"PAYMENT_LINK_EVENT","version":"1","event_time":"2021-08-18T12:55:06+05:30"}	Payment not found for link_id: payment_ps11	2025-05-31 21:37:08.753126+00	\N	\N	\N	\N	1
166	WEBHOOK	/payment/cashfree/webhook/	\N	404	{"data":{"cf_link_id":1576977,"customer_details":{"customer_email":"john@gmail.com","customer_name":"John ","customer_phone":"9000000000"},"link_amount":"200.12","link_amount_paid":"55.00","link_auto_reminders":true,"link_created_at":"2021-08-18T07:13:41","link_currency":"INR","link_expiry_time":"2021-11-28T21:46:20","link_id":"payment_ps11","link_meta":{"notify_url":"https://ee08e626ecd88c61c85f5c69c0418cb5.m.pipedream.net"},"link_minimum_partial_amount":"11.00","link_notes":{"note_key_1":"note_value_1"},"link_notify":{"send_email":true,"send_sms":true},"link_partial_payments":true,"link_purpose":"Payment for order 10","link_status":"PARTIALLY_PAID","link_url":"https://payments-test.cashfree.com/links//U1mgll3c0e9g","order":{"order_amount":"22.00","order_expiry_time":"2021-08-18T07:34:50","order_hash":"Gb2gC7z0tILhGbZUIeds","order_id":"CFPay_U1mgll3c0e9g_ehdcjjbtckf","transaction_id":1021206,"transaction_status":"SUCCESS"}},"type":"PAYMENT_LINK_EVENT","version":"1","event_time":"2021-08-18T12:55:06+05:30"}	Payment not found for link_id: payment_ps11	2025-05-31 21:37:21.145342+00	\N	\N	\N	\N	1
167	WEBHOOK	/payment/cashfree/webhook/	\N	200	{"status": "success", "event_type": "PAYMENT_LINK_EVENT"}	\N	2025-05-31 21:39:02.07842+00	\N	ORD-20250531-0002	\N	\N	1
168	CREATE_LINK	https://sandbox.cashfree.com/pg/links	{"customer_details": {"customer_email": "satheeshappz@gmail.com", "customer_name": "EMP00002", "customer_phone": "7736500760"}, "link_amount": 17997.0, "link_currency": "INR", "link_id": "ORD-20250531-0003", "link_meta": {"notify_url": "http://127.0.0.1:8000/payment/cashfree/webhook/", "return_url": "http://127.0.0.1:8000/payment/cashfree/return/?order_id=ORD-20250531-0003", "upi_intent": false}, "link_notify": {"send_email": true, "send_sms": true}, "link_purpose": "Payment for Order #ORD-20250531-0003"}	200	{"cf_link_id": 6484226, "customer_details": {"customer_name": "EMP00002", "country_code": "+91", "customer_phone": "7736500760", "customer_email": "satheeshappz@gmail.com"}, "enable_invoice": false, "entity": "link", "link_amount": 17997, "link_amount_paid": 0, "link_auto_reminders": false, "link_created_at": "2025-06-01T03:10:09+05:30", "link_currency": "INR", "link_expiry_time": "2025-07-01T03:10:09+05:30", "link_id": "ORD-20250531-0003", "link_meta": {"notify_url": "http://127.0.0.1:8000/payment/cashfree/webhook/", "payment_methods": "", "return_url": "http://127.0.0.1:8000/payment/cashfree/return/?order_id=ORD-20250531-0003", "upi_intent": "false"}, "link_minimum_partial_amount": null, "link_notes": {}, "link_notify": {"send_email": true, "send_sms": true}, "link_partial_payments": false, "link_purpose": "Payment for Order #ORD-20250531-0003", "link_status": "ACTIVE", "link_url": "https://payments-test.cashfree.com/links/q8l0rcsfck5g", "order_splits": [], "terms_and_conditions": "", "thank_you_msg": ""}	\N	2025-05-31 21:40:09.673882+00	\N	ORD-20250531-0003	\N	\N	1
169	WEBHOOK	/payment/cashfree/webhook/	\N	200	{"status": "success", "event_type": "PAYMENT_LINK_EVENT"}	\N	2025-05-31 21:40:49.929367+00	\N	ORD-20250531-0002	\N	\N	1
170	CREATE_LINK	https://sandbox.cashfree.com/pg/links	{"customer_details": {"customer_email": "satheeshappz@gmail.com", "customer_name": "EMP00002", "customer_phone": "7736500760"}, "link_amount": 17997.0, "link_currency": "INR", "link_id": "ORD-20250531-0003", "link_meta": {"notify_url": "http://127.0.0.1:8000/payment/cashfree/webhook/", "return_url": "http://127.0.0.1:8000/payment/cashfree/return/?order_id=ORD-20250531-0003", "upi_intent": false}, "link_notify": {"send_email": true, "send_sms": true}, "link_purpose": "Payment for Order #ORD-20250531-0003"}	400	{"code": "link_post_failed", "message": "Link ID already exists", "type": "invalid_request_error"}	\N	2025-05-31 21:42:13.256224+00	\N	\N	\N	\N	1
172	CREATE_LINK	https://sandbox.cashfree.com/pg/links	{"customer_details": {"customer_email": "satheeshappz@gmail.com", "customer_name": "EMP00002", "customer_phone": "7736500760"}, "link_amount": 23996.0, "link_currency": "INR", "link_id": "ORD-20250531-0004", "link_meta": {"notify_url": "http://127.0.0.1:8000/payment/cashfree/webhook/", "return_url": "http://127.0.0.1:8000/payment/cashfree/return/?order_id=ORD-20250531-0004", "upi_intent": false}, "link_notify": {"send_email": true, "send_sms": true}, "link_purpose": "Payment for Order #ORD-20250531-0004"}	200	{"cf_link_id": 6484228, "customer_details": {"customer_name": "EMP00002", "country_code": "+91", "customer_phone": "7736500760", "customer_email": "satheeshappz@gmail.com"}, "enable_invoice": false, "entity": "link", "link_amount": 23996, "link_amount_paid": 0, "link_auto_reminders": false, "link_created_at": "2025-06-01T03:13:04+05:30", "link_currency": "INR", "link_expiry_time": "2025-07-01T03:13:04+05:30", "link_id": "ORD-20250531-0004", "link_meta": {"notify_url": "http://127.0.0.1:8000/payment/cashfree/webhook/", "payment_methods": "", "return_url": "http://127.0.0.1:8000/payment/cashfree/return/?order_id=ORD-20250531-0004", "upi_intent": "false"}, "link_minimum_partial_amount": null, "link_notes": {}, "link_notify": {"send_email": true, "send_sms": true}, "link_partial_payments": false, "link_purpose": "Payment for Order #ORD-20250531-0004", "link_status": "ACTIVE", "link_url": "https://payments-test.cashfree.com/links/S8l0rnhg2aug", "order_splits": [], "terms_and_conditions": "", "thank_you_msg": ""}	\N	2025-05-31 21:43:07.976606+00	\N	ORD-20250531-0004	\N	\N	1
173	CREATE_LINK	https://sandbox.cashfree.com/pg/links	{"customer_details": {"customer_email": "satheeshappz@gmail.com", "customer_name": "EMP00002", "customer_phone": "7736500760"}, "link_amount": 23996.0, "link_currency": "INR", "link_id": "ORD-20250531-0004", "link_meta": {"notify_url": "http://127.0.0.1:8000/payment/cashfree/webhook/", "return_url": "http://127.0.0.1:8000/payment/cashfree/return/?order_id=ORD-20250531-0004", "upi_intent": false}, "link_notify": {"send_email": true, "send_sms": true}, "link_purpose": "Payment for Order #ORD-20250531-0004"}	400	{"code": "link_post_failed", "message": "Link ID already exists", "type": "invalid_request_error"}	\N	2025-05-31 21:43:11.334192+00	\N	\N	\N	\N	1
174	WEBHOOK	/payment/cashfree/webhook/	\N	200	{"status": "success", "event_type": "PAYMENT_LINK_EVENT"}	\N	2025-05-31 21:44:10.293725+00	\N	ORD-20250531-0002	\N	\N	1
175	CREATE_LINK	https://sandbox.cashfree.com/pg/links	{"customer_details": {"customer_email": "satheeshappz@gmail.com", "customer_name": "EMP00002", "customer_phone": "7736500760"}, "link_amount": 5999.0, "link_currency": "INR", "link_id": "ORD-20250531-0005", "link_meta": {"notify_url": "http://127.0.0.1:8000/payment/cashfree/webhook/", "return_url": "http://127.0.0.1:8000/payment/cashfree/return/?order_id=ORD-20250531-0005", "upi_intent": false}, "link_notify": {"send_email": true, "send_sms": true}, "link_purpose": "Payment for Order #ORD-20250531-0005"}	200	{"cf_link_id": 6484231, "customer_details": {"customer_name": "EMP00002", "country_code": "+91", "customer_phone": "7736500760", "customer_email": "satheeshappz@gmail.com"}, "enable_invoice": false, "entity": "link", "link_amount": 5999, "link_amount_paid": 0, "link_auto_reminders": false, "link_created_at": "2025-06-01T03:16:28+05:30", "link_currency": "INR", "link_expiry_time": "2025-07-01T03:16:28+05:30", "link_id": "ORD-20250531-0005", "link_meta": {"notify_url": "http://127.0.0.1:8000/payment/cashfree/webhook/", "payment_methods": "", "return_url": "http://127.0.0.1:8000/payment/cashfree/return/?order_id=ORD-20250531-0005", "upi_intent": "false"}, "link_minimum_partial_amount": null, "link_notes": {}, "link_notify": {"send_email": true, "send_sms": true}, "link_partial_payments": false, "link_purpose": "Payment for Order #ORD-20250531-0005", "link_status": "ACTIVE", "link_url": "https://payments-test.cashfree.com/links/D8l0s3vt6aug", "order_splits": [], "terms_and_conditions": "", "thank_you_msg": ""}	\N	2025-05-31 21:46:28.24415+00	\N	ORD-20250531-0005	\N	\N	1
176	WEBHOOK	/payment/cashfree/webhook/	\N	200	{"status": "success", "event_type": "PAYMENT_LINK_EVENT"}	\N	2025-05-31 21:47:00.079498+00	\N	ORD-20250531-0005	\N	\N	1
177	CREATE_LINK	https://sandbox.cashfree.com/pg/links	{"customer_details": {"customer_email": "satheeshappz@gmail.com", "customer_name": "EMP00002", "customer_phone": "7736500760"}, "link_amount": 5999.0, "link_currency": "INR", "link_id": "ORD-20250531-0006", "link_meta": {"notify_url": "http://127.0.0.1:8000/payment/cashfree/webhook/", "return_url": "http://127.0.0.1:8000/payment/cashfree/return/?order_id=ORD-20250531-0006", "upi_intent": false}, "link_notify": {"send_email": true, "send_sms": true}, "link_purpose": "Payment for Order #ORD-20250531-0006"}	200	{"cf_link_id": 6484232, "customer_details": {"customer_name": "EMP00002", "country_code": "+91", "customer_phone": "7736500760", "customer_email": "satheeshappz@gmail.com"}, "enable_invoice": false, "entity": "link", "link_amount": 5999, "link_amount_paid": 0, "link_auto_reminders": false, "link_created_at": "2025-06-01T03:18:26+05:30", "link_currency": "INR", "link_expiry_time": "2025-07-01T03:18:26+05:30", "link_id": "ORD-20250531-0006", "link_meta": {"notify_url": "http://127.0.0.1:8000/payment/cashfree/webhook/", "payment_methods": "", "return_url": "http://127.0.0.1:8000/payment/cashfree/return/?order_id=ORD-20250531-0006", "upi_intent": "false"}, "link_minimum_partial_amount": null, "link_notes": {}, "link_notify": {"send_email": true, "send_sms": true}, "link_partial_payments": false, "link_purpose": "Payment for Order #ORD-20250531-0006", "link_status": "ACTIVE", "link_url": "https://payments-test.cashfree.com/links/y8l0sb6v0k5g", "order_splits": [], "terms_and_conditions": "", "thank_you_msg": ""}	\N	2025-05-31 21:48:26.583768+00	\N	ORD-20250531-0006	\N	\N	1
178	WEBHOOK	/payment/cashfree/webhook/	\N	200	{"status": "success", "event_type": "PAYMENT_LINK_EVENT"}	\N	2025-05-31 21:48:50.194152+00	\N	ORD-20250531-0006	\N	\N	1
179	CREATE_LINK	https://sandbox.cashfree.com/pg/links	{"customer_details": {"customer_email": "satheeshappz@gmail.com", "customer_name": "EMP00002", "customer_phone": "7736500760"}, "link_amount": 5999.0, "link_currency": "INR", "link_id": "ORD-20250531-0002", "link_meta": {"notify_url": "http://127.0.0.1:8000/payment/cashfree/webhook/", "return_url": "http://127.0.0.1:8000/payment/cashfree/return/?order_id=ORD-20250531-0002", "upi_intent": false}, "link_notify": {"send_email": true, "send_sms": true}, "link_purpose": "Payment for Order #ORD-20250531-0002"}	400	{"code": "link_post_failed", "message": "Link ID already exists", "type": "invalid_request_error"}	\N	2025-05-31 22:20:56.889227+00	\N	\N	\N	\N	1
180	CREATE_LINK	https://sandbox.cashfree.com/pg/links	{"customer_details": {"customer_email": "satheeshappz@gmail.com", "customer_name": "EMP00002", "customer_phone": "7736500760"}, "link_amount": 5999.0, "link_currency": "INR", "link_id": "ORD-20250601-0001", "link_meta": {"notify_url": "http://127.0.0.1:8000/payment/cashfree/webhook/", "return_url": "http://127.0.0.1:8000/payment/cashfree/return/?order_id=ORD-20250601-0001", "upi_intent": false}, "link_notify": {"send_email": true, "send_sms": true}, "link_purpose": "Payment for Order #ORD-20250601-0001"}	200	{"cf_link_id": 6484235, "customer_details": {"customer_name": "EMP00002", "country_code": "+91", "customer_phone": "7736500760", "customer_email": "satheeshappz@gmail.com"}, "enable_invoice": false, "entity": "link", "link_amount": 5999, "link_amount_paid": 0, "link_auto_reminders": false, "link_created_at": "2025-06-01T03:55:05+05:30", "link_currency": "INR", "link_expiry_time": "2025-07-01T03:55:05+05:30", "link_id": "ORD-20250601-0001", "link_meta": {"notify_url": "http://127.0.0.1:8000/payment/cashfree/webhook/", "payment_methods": "", "return_url": "http://127.0.0.1:8000/payment/cashfree/return/?order_id=ORD-20250601-0001", "upi_intent": "false"}, "link_minimum_partial_amount": null, "link_notes": {}, "link_notify": {"send_email": true, "send_sms": true}, "link_partial_payments": false, "link_purpose": "Payment for Order #ORD-20250601-0001", "link_status": "ACTIVE", "link_url": "https://payments-test.cashfree.com/links/s8l10hcvqaug", "order_splits": [], "terms_and_conditions": "", "thank_you_msg": ""}	\N	2025-05-31 22:25:05.106476+00	\N	ORD-20250601-0001	\N	\N	1
181	WEBHOOK	/payment/cashfree/webhook/	\N	200	{"status": "success", "event_type": "PAYMENT_LINK_EVENT"}	\N	2025-05-31 22:25:30.855336+00	\N	ORD-20250601-0001	\N	\N	1
182	CREATE_LINK	https://sandbox.cashfree.com/pg/links	{"customer_details": {"customer_email": "satheeshappz@gmail.com", "customer_name": "EMP00002", "customer_phone": "7736500760"}, "link_amount": 5999.0, "link_currency": "INR", "link_id": "ORD-20250601-0002", "link_meta": {"notify_url": "http://127.0.0.1:8000/payment/cashfree/webhook/", "return_url": "http://127.0.0.1:8000/payment/cashfree/return/?order_id=ORD-20250601-0002", "upi_intent": false}, "link_notify": {"send_email": true, "send_sms": true}, "link_purpose": "Payment for Order #ORD-20250601-0002"}	200	{"cf_link_id": 6484236, "customer_details": {"customer_name": "EMP00002", "country_code": "+91", "customer_phone": "7736500760", "customer_email": "satheeshappz@gmail.com"}, "enable_invoice": false, "entity": "link", "link_amount": 5999, "link_amount_paid": 0, "link_auto_reminders": false, "link_created_at": "2025-06-01T04:27:13+05:30", "link_currency": "INR", "link_expiry_time": "2025-07-01T04:27:13+05:30", "link_id": "ORD-20250601-0002", "link_meta": {"notify_url": "http://127.0.0.1:8000/payment/cashfree/webhook/", "payment_methods": "", "return_url": "http://127.0.0.1:8000/payment/cashfree/return/?order_id=ORD-20250601-0002", "upi_intent": "false"}, "link_minimum_partial_amount": null, "link_notes": {}, "link_notify": {"send_email": true, "send_sms": true}, "link_partial_payments": false, "link_purpose": "Payment for Order #ORD-20250601-0002", "link_status": "ACTIVE", "link_url": "https://payments-test.cashfree.com/links/K8l1473d6k5g", "order_splits": [], "terms_and_conditions": "", "thank_you_msg": ""}	\N	2025-05-31 22:57:13.385669+00	\N	ORD-20250601-0002	\N	\N	1
183	WEBHOOK	/payment/cashfree/webhook/	\N	200	{"status": "success", "event_type": "PAYMENT_LINK_EVENT"}	\N	2025-05-31 22:57:40.973642+00	\N	ORD-20250601-0002	\N	\N	1
184	WEBHOOK	/payment/cashfree/webhook/	\N	404	{"data":{"link_amount":"17997.00","link_currency":"INR","link_minimum_partial_amount":null,"link_amount_paid":"17997.00","link_purpose":"Payment for Order #ORD-20250601-0003","link_notes":{},"link_created_at":"2025-06-01T05:18:08+05:30","customer_details":{"customer_phone":"7736500760","customer_email":"satheeshappz@gmail.com","customer_name":"EMP00002"},"link_meta":{"notify_url":"https://8472-2401-4900-6276-83ae-ce01-365-888a-b943.ngrok-free.app/payment/cashfree/webhook/","upi_intent":false,"return_url":"https://codespikestudios.in/payment/cashfree/return/?order_id=ORD-20250601-0003","payment_methods":null},"cf_link_id":6484237,"link_id":"ORD-20250601-0003","link_url":"https://payments-test.cashfree.com/links/J8l1a1hsmaug","link_expiry_time":"2025-07-01T05:18:08+05:30","order":{"order_id":"CFPay_J8l1a1hsmaug_vnfri393c","order_expiry_time":"2025-07-01T05:17:38+05:30","order_hash":"84XdP2HgDQVMf1KhNlqp","order_amount":"17997.00","transaction_id":5114918321795,"transaction_status":"SUCCESS"},"link_status":"PAID","link_partial_payments":false,"link_auto_reminders":false,"link_notify":{"send_sms":true,"send_email":true}},"type":"PAYMENT_LINK_EVENT","version":1,"event_time":"2025-06-01T05:18:41+05:30"}	Payment not found for link_id: ORD-20250601-0003	2025-05-31 23:48:41.950023+00	\N	\N	\N	\N	1
185	WEBHOOK	/payment/cashfree/webhook/	\N	404	{"data":{"order":{"order_id":"CFPay_J8l1a1hsmaug_vnfri393c","order_hash":"84XdP2HgDQVMf1KhNlqp","order_amount":"17997.00","transaction_id":5114918321795,"order_expiry_time":"2025-07-01T05:17:38+05:30","transaction_status":"SUCCESS"},"link_id":"ORD-20250601-0003","link_url":"https://payments-test.cashfree.com/links/J8l1a1hsmaug","link_meta":{"notify_url":"https://8472-2401-4900-6276-83ae-ce01-365-888a-b943.ngrok-free.app/payment/cashfree/webhook/","return_url":"https://codespikestudios.in/payment/cashfree/return/?order_id=ORD-20250601-0003","upi_intent":false,"payment_methods":null},"cf_link_id":6484237,"link_notes":{},"link_amount":"17997.00","link_notify":{"send_sms":true,"send_email":true},"link_status":"PAID","link_purpose":"Payment for Order #ORD-20250601-0003","link_currency":"INR","link_created_at":"2025-06-01T05:18:08+05:30","customer_details":{"customer_name":"EMP00002","customer_email":"satheeshappz@gmail.com","customer_phone":"7736500760"},"link_amount_paid":"17997.00","link_expiry_time":"2025-07-01T05:18:08+05:30","link_auto_reminders":false,"link_partial_payments":false,"link_minimum_partial_amount":null},"type":"PAYMENT_LINK_EVENT","version":1,"event_time":"2025-06-01T05:18:41+05:30"}	Payment not found for link_id: ORD-20250601-0003	2025-06-01 00:03:42.50487+00	\N	\N	\N	\N	1
186	WEBHOOK	/payment/cashfree/webhook/	\N	404	{"data":{"order":{"order_id":"CFPay_J8l1a1hsmaug_vnfri393c","order_hash":"84XdP2HgDQVMf1KhNlqp","order_amount":"17997.00","transaction_id":5114918321795,"order_expiry_time":"2025-07-01T05:17:38+05:30","transaction_status":"SUCCESS"},"link_id":"ORD-20250601-0003","link_url":"https://payments-test.cashfree.com/links/J8l1a1hsmaug","link_meta":{"notify_url":"https://8472-2401-4900-6276-83ae-ce01-365-888a-b943.ngrok-free.app/payment/cashfree/webhook/","return_url":"https://codespikestudios.in/payment/cashfree/return/?order_id=ORD-20250601-0003","upi_intent":false,"payment_methods":null},"cf_link_id":6484237,"link_notes":{},"link_amount":"17997.00","link_notify":{"send_sms":true,"send_email":true},"link_status":"PAID","link_purpose":"Payment for Order #ORD-20250601-0003","link_currency":"INR","link_created_at":"2025-06-01T05:18:08+05:30","customer_details":{"customer_name":"EMP00002","customer_email":"satheeshappz@gmail.com","customer_phone":"7736500760"},"link_amount_paid":"17997.00","link_expiry_time":"2025-07-01T05:18:08+05:30","link_auto_reminders":false,"link_partial_payments":false,"link_minimum_partial_amount":null},"type":"PAYMENT_LINK_EVENT","version":1,"event_time":"2025-06-01T05:18:41+05:30"}	Payment not found for link_id: ORD-20250601-0003	2025-06-01 00:33:45.015319+00	\N	\N	\N	\N	1
187	WEBHOOK	/payment/cashfree/webhook/	\N	404	{"data":{"order":{"order_id":"CFPay_J8l1a1hsmaug_vnfri393c","order_hash":"84XdP2HgDQVMf1KhNlqp","order_amount":"17997.00","transaction_id":5114918321795,"order_expiry_time":"2025-07-01T05:17:38+05:30","transaction_status":"SUCCESS"},"link_id":"ORD-20250601-0003","link_url":"https://payments-test.cashfree.com/links/J8l1a1hsmaug","link_meta":{"notify_url":"https://8472-2401-4900-6276-83ae-ce01-365-888a-b943.ngrok-free.app/payment/cashfree/webhook/","return_url":"https://codespikestudios.in/payment/cashfree/return/?order_id=ORD-20250601-0003","upi_intent":false,"payment_methods":null},"cf_link_id":6484237,"link_notes":{},"link_amount":"17997.00","link_notify":{"send_sms":true,"send_email":true},"link_status":"PAID","link_purpose":"Payment for Order #ORD-20250601-0003","link_currency":"INR","link_created_at":"2025-06-01T05:18:08+05:30","customer_details":{"customer_name":"EMP00002","customer_email":"satheeshappz@gmail.com","customer_phone":"7736500760"},"link_amount_paid":"17997.00","link_expiry_time":"2025-07-01T05:18:08+05:30","link_auto_reminders":false,"link_partial_payments":false,"link_minimum_partial_amount":null},"type":"PAYMENT_LINK_EVENT","version":1,"event_time":"2025-06-01T05:18:41+05:30"}	Payment not found for link_id: ORD-20250601-0003	2025-06-01 01:33:46.929416+00	\N	\N	\N	\N	1
188	WEBHOOK	/payment/cashfree/webhook/	\N	404	{"data":{"order":{"order_id":"CFPay_J8l1a1hsmaug_vnfri393c","order_hash":"84XdP2HgDQVMf1KhNlqp","order_amount":"17997.00","transaction_id":5114918321795,"order_expiry_time":"2025-07-01T05:17:38+05:30","transaction_status":"SUCCESS"},"link_id":"ORD-20250601-0003","link_url":"https://payments-test.cashfree.com/links/J8l1a1hsmaug","link_meta":{"notify_url":"https://8472-2401-4900-6276-83ae-ce01-365-888a-b943.ngrok-free.app/payment/cashfree/webhook/","return_url":"https://codespikestudios.in/payment/cashfree/return/?order_id=ORD-20250601-0003","upi_intent":false,"payment_methods":null},"cf_link_id":6484237,"link_notes":{},"link_amount":"17997.00","link_notify":{"send_sms":true,"send_email":true},"link_status":"PAID","link_purpose":"Payment for Order #ORD-20250601-0003","link_currency":"INR","link_created_at":"2025-06-01T05:18:08+05:30","customer_details":{"customer_name":"EMP00002","customer_email":"satheeshappz@gmail.com","customer_phone":"7736500760"},"link_amount_paid":"17997.00","link_expiry_time":"2025-07-01T05:18:08+05:30","link_auto_reminders":false,"link_partial_payments":false,"link_minimum_partial_amount":null},"type":"PAYMENT_LINK_EVENT","version":1,"event_time":"2025-06-01T05:18:41+05:30"}	Payment not found for link_id: ORD-20250601-0003	2025-06-01 04:33:48.835993+00	\N	\N	\N	\N	1
189	CREATE_LINK	https://sandbox.cashfree.com/pg/links	{"customer_details": {"customer_email": "vicky010200cc2@gmail.com", "customer_name": "SATHEESH A", "customer_phone": "77944532668"}, "link_amount": 1500.0, "link_currency": "INR", "link_id": "SUB-20250719-0004", "link_meta": {"notify_url": "http://127.0.0.1:8000/payment/cashfree/webhook/", "return_url": "http://127.0.0.1:8000/payment/cashfree/return/?order_id=SUB-20250719-0004", "upi_intent": false}, "link_notify": {"send_email": true, "send_sms": true}, "link_purpose": "Payment for SubscriptionOrder #SUB-20250719-0004"}	400	{"code": "customer_details.customer_phone_invalid", "message": "customer_details.customer_phone : should be a valid phone number. example Indian +919090407368, 9090407368, International +16014635923. Value received: 77944532668", "type": "invalid_request_error"}	\N	2025-07-19 10:27:54.357176+00	\N	\N	45	5	1
190	CREATE_LINK	https://sandbox.cashfree.com/pg/links	{"customer_details": {"customer_email": "nyka@example.com", "customer_name": "Sudharshan Sharif", "customer_phone": "+91 2881279848"}, "link_amount": 13000.0, "link_currency": "INR", "link_id": "SUB-20250719-0005", "link_meta": {"notify_url": "http://127.0.0.1:8000/payment/cashfree/webhook/", "return_url": "http://127.0.0.1:8000/payment/cashfree/return/?order_id=SUB-20250719-0005", "upi_intent": false}, "link_notify": {"send_email": true, "send_sms": true}, "link_purpose": "Payment for SubscriptionOrder #SUB-20250719-0005"}	200	{"cf_link_id": 6546568, "customer_details": {"customer_name": "Sudharshan Sharif", "country_code": "+91", "customer_phone": "2881279848", "customer_email": "nyka@example.com"}, "enable_invoice": false, "entity": "link", "link_amount": 13000, "link_amount_paid": 0, "link_auto_reminders": false, "link_created_at": "2025-07-19T16:01:28+05:30", "link_currency": "INR", "link_expiry_time": "2025-08-18T16:01:28+05:30", "link_id": "SUB-20250719-0005", "link_meta": {"notify_url": "http://127.0.0.1:8000/payment/cashfree/webhook/", "payment_methods": "", "return_url": "http://127.0.0.1:8000/payment/cashfree/return/?order_id=SUB-20250719-0005", "upi_intent": "false"}, "link_minimum_partial_amount": null, "link_notes": {}, "link_notify": {"send_email": true, "send_sms": true}, "link_partial_payments": false, "link_purpose": "Payment for SubscriptionOrder #SUB-20250719-0005", "link_status": "ACTIVE", "link_url": "https://payments-test.cashfree.com/links/x8sqpqh28m1g", "order_splits": [], "terms_and_conditions": "", "thank_you_msg": ""}	\N	2025-07-19 10:31:28.548293+00	\N	SUB-20250719-0005	45	6	1
191	CREATE_LINK	https://sandbox.cashfree.com/pg/links	{"customer_details": {"customer_email": "pohodiguhi@example.com", "customer_name": "Muthu Sharif", "customer_phone": "+91 4681232512"}, "link_amount": 13000.0, "link_currency": "INR", "link_id": "SUB-20250719-0006", "link_meta": {"notify_url": "http://127.0.0.1:8000/payment/cashfree/webhook/", "return_url": "http://127.0.0.1:8000/payment/cashfree/return/?order_id=SUB-20250719-0006", "upi_intent": false}, "link_notify": {"send_email": true, "send_sms": true}, "link_purpose": "Payment for SubscriptionOrder #SUB-20250719-0006"}	200	{"cf_link_id": 6546581, "customer_details": {"customer_name": "Muthu Sharif", "country_code": "+91", "customer_phone": "4681232512", "customer_email": "pohodiguhi@example.com"}, "enable_invoice": false, "entity": "link", "link_amount": 13000, "link_amount_paid": 0, "link_auto_reminders": false, "link_created_at": "2025-07-19T16:36:51+05:30", "link_currency": "INR", "link_expiry_time": "2025-08-18T16:36:51+05:30", "link_id": "SUB-20250719-0006", "link_meta": {"notify_url": "http://127.0.0.1:8000/payment/cashfree/webhook/", "payment_methods": "", "return_url": "http://127.0.0.1:8000/payment/cashfree/return/?order_id=SUB-20250719-0006", "upi_intent": "false"}, "link_minimum_partial_amount": null, "link_notes": {}, "link_notify": {"send_email": true, "send_sms": true}, "link_partial_payments": false, "link_purpose": "Payment for SubscriptionOrder #SUB-20250719-0006", "link_status": "ACTIVE", "link_url": "https://payments-test.cashfree.com/links/V8sqts2q2m1g", "order_splits": [], "terms_and_conditions": "", "thank_you_msg": ""}	\N	2025-07-19 11:06:51.263068+00	\N	SUB-20250719-0006	45	7	1
192	CREATE_LINK	https://sandbox.cashfree.com/pg/links	{"customer_details": {"customer_email": "posonyhy@example.com", "customer_name": "Hema Sweety", "customer_phone": "+91 8885966894"}, "link_amount": 13000.0, "link_currency": "INR", "link_id": "SUB-20250719-0007", "link_meta": {"notify_url": "http://127.0.0.1:8000/payment/cashfree/webhook/", "return_url": "http://127.0.0.1:8000/payment/cashfree/return/?order_id=SUB-20250719-0007", "upi_intent": false}, "link_notify": {"send_email": true, "send_sms": true}, "link_purpose": "Payment for SubscriptionOrder #SUB-20250719-0007"}	200	{"cf_link_id": 6546596, "customer_details": {"customer_name": "Hema Sweety", "country_code": "+91", "customer_phone": "8885966894", "customer_email": "posonyhy@example.com"}, "enable_invoice": false, "entity": "link", "link_amount": 13000, "link_amount_paid": 0, "link_auto_reminders": false, "link_created_at": "2025-07-19T16:51:26+05:30", "link_currency": "INR", "link_expiry_time": "2025-08-18T16:51:26+05:30", "link_id": "SUB-20250719-0007", "link_meta": {"notify_url": "http://127.0.0.1:8000/payment/cashfree/webhook/", "payment_methods": "", "return_url": "http://127.0.0.1:8000/payment/cashfree/return/?order_id=SUB-20250719-0007", "upi_intent": "false"}, "link_minimum_partial_amount": null, "link_notes": {}, "link_notify": {"send_email": true, "send_sms": true}, "link_partial_payments": false, "link_purpose": "Payment for SubscriptionOrder #SUB-20250719-0007", "link_status": "ACTIVE", "link_url": "https://payments-test.cashfree.com/links/T8sqvhgc0m1g", "order_splits": [], "terms_and_conditions": "", "thank_you_msg": ""}	\N	2025-07-19 11:21:26.495665+00	\N	SUB-20250719-0007	45	8	1
193	CREATE_LINK	https://sandbox.cashfree.com/pg/links	{"customer_details": {"customer_email": "zovoqidy@example.com", "customer_name": "Shajid Suthan", "customer_phone": "+91 9864684975"}, "link_amount": 10000.0, "link_currency": "INR", "link_id": "SUB-20250719-0008", "link_meta": {"notify_url": "http://127.0.0.1:8000/payment/cashfree/webhook/", "return_url": "http://127.0.0.1:8000/payment/cashfree/return/?order_id=SUB-20250719-0008", "upi_intent": false}, "link_notify": {"send_email": true, "send_sms": true}, "link_purpose": "Payment for SubscriptionOrder #SUB-20250719-0008"}	400	{"code": "link_post_failed", "message": "Link ID already exists", "type": "invalid_request_error"}	\N	2025-07-19 12:55:21.689167+00	\N	\N	45	9	1
194	CREATE_LINK	https://sandbox.cashfree.com/pg/links	{"customer_details": {"customer_email": "coxenuwes@example.com", "customer_name": "Dinesh Dhayalan", "customer_phone": "+91 8354743744"}, "link_amount": 10000.0, "link_currency": "INR", "link_id": "SUB-20250719-0009", "link_meta": {"notify_url": "http://127.0.0.1:8000/payment/cashfree/webhook/", "return_url": "http://127.0.0.1:8000/payment/cashfree/return/?order_id=SUB-20250719-0009", "upi_intent": false}, "link_notify": {"send_email": true, "send_sms": true}, "link_purpose": "Payment for SubscriptionOrder #SUB-20250719-0009"}	400	{"code": "link_post_failed", "message": "Link ID already exists", "type": "invalid_request_error"}	\N	2025-07-19 12:56:29.054899+00	\N	\N	45	10	1
195	CREATE_LINK	https://sandbox.cashfree.com/pg/links	{"customer_details": {"customer_email": "ladawemy@example.com", "customer_name": "Jeya Kumar", "customer_phone": "+91 1472527473"}, "link_amount": 1500.0, "link_currency": "INR", "link_id": "SUB-20250719-0010", "link_meta": {"notify_url": "http://127.0.0.1:8000/payment/cashfree/webhook/", "return_url": "http://127.0.0.1:8000/payment/cashfree/return/?order_id=SUB-20250719-0010", "upi_intent": false}, "link_notify": {"send_email": true, "send_sms": true}, "link_purpose": "Payment for SubscriptionOrder #SUB-20250719-0010"}	400	{"code": "link_post_failed", "message": "Link ID already exists", "type": "invalid_request_error"}	\N	2025-07-19 12:59:54.316366+00	\N	\N	45	11	1
196	CREATE_LINK	https://sandbox.cashfree.com/pg/links	{"customer_details": {"customer_email": "hupagigi@example.com", "customer_name": "Suriya Rosini", "customer_phone": "+91 1664677669"}, "link_amount": 10000.0, "link_currency": "INR", "link_id": "SUB-20250719-0012", "link_meta": {"notify_url": "http://127.0.0.1:8000/payment/cashfree/webhook/", "return_url": "http://127.0.0.1:8000/payment/cashfree/return/?order_id=SUB-20250719-0012", "upi_intent": false}, "link_notify": {"send_email": true, "send_sms": true}, "link_purpose": "Payment for SubscriptionOrder #SUB-20250719-0012"}	200	{"cf_link_id": 6546626, "customer_details": {"customer_name": "Suriya Rosini", "country_code": "+91", "customer_phone": "1664677669", "customer_email": "hupagigi@example.com"}, "enable_invoice": false, "entity": "link", "link_amount": 10000, "link_amount_paid": 0, "link_auto_reminders": false, "link_created_at": "2025-07-19T18:47:52+05:30", "link_currency": "INR", "link_expiry_time": "2025-08-18T18:47:52+05:30", "link_id": "SUB-20250719-0012", "link_meta": {"notify_url": "http://127.0.0.1:8000/payment/cashfree/webhook/", "payment_methods": "", "return_url": "http://127.0.0.1:8000/payment/cashfree/return/?order_id=SUB-20250719-0012", "upi_intent": "false"}, "link_minimum_partial_amount": null, "link_notes": {}, "link_notify": {"send_email": true, "send_sms": true}, "link_partial_payments": false, "link_purpose": "Payment for SubscriptionOrder #SUB-20250719-0012", "link_status": "ACTIVE", "link_url": "https://payments-test.cashfree.com/links/Z8srcrsa8m1g", "order_splits": [], "terms_and_conditions": "", "thank_you_msg": ""}	\N	2025-07-19 13:17:52.156804+00	\N	SUB-20250719-0012	45	12	1
197	CREATE_LINK	https://sandbox.cashfree.com/pg/links	{"customer_details": {"customer_email": "deresozu@example.com", "customer_name": "Gayathri Sweety", "customer_phone": "+91 8837789718"}, "link_amount": 1500.0, "link_currency": "INR", "link_id": "SUB-20250719-0013", "link_meta": {"notify_url": "http://127.0.0.1:8000/payment/cashfree/webhook/", "return_url": "http://127.0.0.1:8000/payment/cashfree/return/?order_id=SUB-20250719-0013", "upi_intent": false}, "link_notify": {"send_email": true, "send_sms": true}, "link_purpose": "Payment for SubscriptionOrder #SUB-20250719-0013"}	200	{"cf_link_id": 6546628, "customer_details": {"customer_name": "Gayathri Sweety", "country_code": "+91", "customer_phone": "8837789718", "customer_email": "deresozu@example.com"}, "enable_invoice": false, "entity": "link", "link_amount": 1500, "link_amount_paid": 0, "link_auto_reminders": false, "link_created_at": "2025-07-19T18:48:47+05:30", "link_currency": "INR", "link_expiry_time": "2025-08-18T18:48:47+05:30", "link_id": "SUB-20250719-0013", "link_meta": {"notify_url": "http://127.0.0.1:8000/payment/cashfree/webhook/", "payment_methods": "", "return_url": "http://127.0.0.1:8000/payment/cashfree/return/?order_id=SUB-20250719-0013", "upi_intent": "false"}, "link_minimum_partial_amount": null, "link_notes": {}, "link_notify": {"send_email": true, "send_sms": true}, "link_partial_payments": false, "link_purpose": "Payment for SubscriptionOrder #SUB-20250719-0013", "link_status": "ACTIVE", "link_url": "https://payments-test.cashfree.com/links/M8srcv8id6vg", "order_splits": [], "terms_and_conditions": "", "thank_you_msg": ""}	\N	2025-07-19 13:18:47.592184+00	\N	SUB-20250719-0013	45	13	1
198	CREATE_LINK	https://sandbox.cashfree.com/pg/links	{"customer_details": {"customer_email": "matano@example.com", "customer_name": "Riyaz Dhayalan", "customer_phone": "+91 2838194827"}, "link_amount": 13000.0, "link_currency": "INR", "link_id": "SUB-20250719-0015", "link_meta": {"notify_url": "http://iron-suite.onrender.com/payment/cashfree/webhook/", "return_url": "http://iron-suite.onrender.com/payment/cashfree/return/?order_id=SUB-20250719-0015", "upi_intent": false}, "link_notify": {"send_email": true, "send_sms": true}, "link_purpose": "Payment for SubscriptionOrder #SUB-20250719-0015"}	200	{"cf_link_id": 6546637, "customer_details": {"customer_name": "Riyaz Dhayalan", "country_code": "+91", "customer_phone": "2838194827", "customer_email": "matano@example.com"}, "enable_invoice": false, "entity": "link", "link_amount": 13000, "link_amount_paid": 0, "link_auto_reminders": false, "link_created_at": "2025-07-19T19:10:34+05:30", "link_currency": "INR", "link_expiry_time": "2025-08-18T19:10:34+05:30", "link_id": "SUB-20250719-0015", "link_meta": {"notify_url": "http://iron-suite.onrender.com/payment/cashfree/webhook/", "payment_methods": "", "return_url": "http://iron-suite.onrender.com/payment/cashfree/return/?order_id=SUB-20250719-0015", "upi_intent": "false"}, "link_minimum_partial_amount": null, "link_notes": {}, "link_notify": {"send_email": true, "send_sms": true}, "link_partial_payments": false, "link_purpose": "Payment for SubscriptionOrder #SUB-20250719-0015", "link_status": "ACTIVE", "link_url": "https://payments-test.cashfree.com/links/C8srff1egm1g", "order_splits": [], "terms_and_conditions": "", "thank_you_msg": ""}	\N	2025-07-19 13:40:34.82645+00	\N	SUB-20250719-0015	45	14	1
199	WEBHOOK	/payment/cashfree/webhook/	\N	200	{"status": "success", "event_type": "PAYMENT_SUCCESS_WEBHOOK"}	\N	2025-07-19 13:40:49.893649+00	\N	SUB-20250719-0015	\N	\N	1
200	CREATE_LINK	https://sandbox.cashfree.com/pg/links	{"customer_details": {"customer_email": "fakyvekake@example.com", "customer_name": "Bearcin Ramesh", "customer_phone": "+91 6352197287"}, "link_amount": 1500.0, "link_currency": "INR", "link_id": "SUB-20250719-0016", "link_meta": {"notify_url": "http://iron-suite.onrender.com/payment/cashfree/webhook/", "return_url": "http://iron-suite.onrender.com/payment/cashfree/return/?order_id=SUB-20250719-0016", "upi_intent": false}, "link_notify": {"send_email": true, "send_sms": true}, "link_purpose": "Payment for SubscriptionOrder #SUB-20250719-0016"}	200	{"cf_link_id": 6546639, "customer_details": {"customer_name": "Bearcin Ramesh", "country_code": "+91", "customer_phone": "6352197287", "customer_email": "fakyvekake@example.com"}, "enable_invoice": false, "entity": "link", "link_amount": 1500, "link_amount_paid": 0, "link_auto_reminders": false, "link_created_at": "2025-07-19T19:14:04+05:30", "link_currency": "INR", "link_expiry_time": "2025-08-18T19:14:04+05:30", "link_id": "SUB-20250719-0016", "link_meta": {"notify_url": "http://iron-suite.onrender.com/payment/cashfree/webhook/", "payment_methods": "", "return_url": "http://iron-suite.onrender.com/payment/cashfree/return/?order_id=SUB-20250719-0016", "upi_intent": "false"}, "link_minimum_partial_amount": null, "link_notes": {}, "link_notify": {"send_email": true, "send_sms": true}, "link_partial_payments": false, "link_purpose": "Payment for SubscriptionOrder #SUB-20250719-0016", "link_status": "ACTIVE", "link_url": "https://payments-test.cashfree.com/links/I8srfrqskm1g", "order_splits": [], "terms_and_conditions": "", "thank_you_msg": ""}	\N	2025-07-19 13:44:04.414126+00	\N	SUB-20250719-0016	45	15	1
201	WEBHOOK	/payment/cashfree/webhook/	\N	200	{"status": "success", "event_type": "PAYMENT_SUCCESS_WEBHOOK"}	\N	2025-07-19 13:44:24.024699+00	\N	SUB-20250719-0016	\N	\N	1
202	CREATE_LINK	https://sandbox.cashfree.com/pg/links	{"customer_details": {"customer_email": "vogaced@example.com", "customer_name": "Yogharaj Sabari", "customer_phone": "+91 7943452275"}, "link_amount": 1500.0, "link_currency": "INR", "link_id": "SUB-20250719-0021", "link_meta": {"notify_url": "http://127.0.0.1:8000/payment/cashfree/webhook/", "return_url": "http://127.0.0.1:8000/payment/cashfree/return/?order_id=SUB-20250719-0021", "upi_intent": false}, "link_notify": {"send_email": true, "send_sms": true}, "link_purpose": "Payment for SubscriptionOrder #SUB-20250719-0021"}	400	{"code": "link_post_failed", "message": "Link ID already exists", "type": "invalid_request_error"}	\N	2025-07-19 16:46:26.848773+00	\N	\N	45	16	1
203	CREATE_LINK	https://sandbox.cashfree.com/pg/links	{"customer_details": {"customer_email": "kunep@example.com", "customer_name": "Jeya Akalya", "customer_phone": "+91 1523962685"}, "link_amount": 10000.0, "link_currency": "INR", "link_id": "SUB-ORD20250719-0001", "link_meta": {"notify_url": "http://127.0.0.1:8000/payment/cashfree/webhook/", "return_url": "http://127.0.0.1:8000/payment/cashfree/return/?order_id=SUB-ORD20250719-0001", "upi_intent": false}, "link_notify": {"send_email": true, "send_sms": true}, "link_purpose": "Payment for SubscriptionOrder #SUB-ORD20250719-0001"}	200	{"cf_link_id": 6546686, "customer_details": {"customer_name": "Jeya Akalya", "country_code": "+91", "customer_phone": "1523962685", "customer_email": "kunep@example.com"}, "enable_invoice": false, "entity": "link", "link_amount": 10000, "link_amount_paid": 0, "link_auto_reminders": false, "link_created_at": "2025-07-19T23:10:42+05:30", "link_currency": "INR", "link_expiry_time": "2025-08-18T23:10:42+05:30", "link_id": "SUB-ORD20250719-0001", "link_meta": {"notify_url": "http://127.0.0.1:8000/payment/cashfree/webhook/", "payment_methods": "", "return_url": "http://127.0.0.1:8000/payment/cashfree/return/?order_id=SUB-ORD20250719-0001", "upi_intent": "false"}, "link_minimum_partial_amount": null, "link_notes": {}, "link_notify": {"send_email": true, "send_sms": true}, "link_partial_payments": false, "link_purpose": "Payment for SubscriptionOrder #SUB-ORD20250719-0001", "link_status": "ACTIVE", "link_url": "https://payments-test.cashfree.com/links/h8ssaueer6vg", "order_splits": [], "terms_and_conditions": "", "thank_you_msg": ""}	\N	2025-07-19 17:40:42.896422+00	\N	SUB-ORD20250719-0001	45	17	1
204	CREATE_LINK	https://sandbox.cashfree.com/pg/links	{"customer_details": {"customer_email": "molyfag@example.com", "customer_name": "Swetha Mushkir", "customer_phone": "+91 5665298515"}, "link_amount": 1500.0, "link_currency": "INR", "link_id": "SUB-ORD20250719-0002", "link_meta": {"notify_url": "http://127.0.0.1:8000/payment/cashfree/webhook/", "return_url": "http://127.0.0.1:8000/payment/cashfree/return/?order_id=SUB-ORD20250719-0002", "upi_intent": false}, "link_notify": {"send_email": true, "send_sms": true}, "link_purpose": "Payment for SubscriptionOrder #SUB-ORD20250719-0002"}	200	{"cf_link_id": 6546689, "customer_details": {"customer_name": "Swetha Mushkir", "country_code": "+91", "customer_phone": "5665298515", "customer_email": "molyfag@example.com"}, "enable_invoice": false, "entity": "link", "link_amount": 1500, "link_amount_paid": 0, "link_auto_reminders": false, "link_created_at": "2025-07-19T23:24:18+05:30", "link_currency": "INR", "link_expiry_time": "2025-08-18T23:24:18+05:30", "link_id": "SUB-ORD20250719-0002", "link_meta": {"notify_url": "http://127.0.0.1:8000/payment/cashfree/webhook/", "payment_methods": "", "return_url": "http://127.0.0.1:8000/payment/cashfree/return/?order_id=SUB-ORD20250719-0002", "upi_intent": "false"}, "link_minimum_partial_amount": null, "link_notes": {}, "link_notify": {"send_email": true, "send_sms": true}, "link_partial_payments": false, "link_purpose": "Payment for SubscriptionOrder #SUB-ORD20250719-0002", "link_status": "ACTIVE", "link_url": "https://payments-test.cashfree.com/links/L8sscg87l6vg", "order_splits": [], "terms_and_conditions": "", "thank_you_msg": ""}	\N	2025-07-19 17:54:19.011032+00	\N	SUB-ORD20250719-0002	45	18	1
207	CREATE_LINK	https://sandbox.cashfree.com/pg/links	{"customer_details": {"customer_email": "fedubypyg@example.com", "customer_name": "Yogharaj Kumar", "customer_phone": "+91 2313717848"}, "link_amount": 10000.0, "link_currency": "INR", "link_id": "SUB-ORD-DEV-TEST20250729-0004", "link_meta": {"notify_url": "http://127.0.0.1:8000/payment/cashfree/webhook/", "return_url": "http://127.0.0.1:8000/payment/cashfree/return/?order_id=SUB-ORD-DEV-TEST20250729-0004", "upi_intent": false}, "link_notify": {"send_email": true, "send_sms": true}, "link_purpose": "Payment for SubscriptionOrder #SUB-ORD-DEV-TEST20250729-0004"}	200	{"cf_link_id": 6560814, "customer_details": {"customer_name": "Yogharaj Kumar", "country_code": "+91", "customer_phone": "2313717848", "customer_email": "fedubypyg@example.com"}, "enable_invoice": false, "entity": "link", "link_amount": 10000, "link_amount_paid": 0, "link_auto_reminders": false, "link_created_at": "2025-07-29T22:27:25+05:30", "link_currency": "INR", "link_expiry_time": "2025-08-28T22:27:25+05:30", "link_id": "SUB-ORD-DEV-TEST20250729-0004", "link_meta": {"notify_url": "http://127.0.0.1:8000/payment/cashfree/webhook/", "payment_methods": "", "return_url": "http://127.0.0.1:8000/payment/cashfree/return/?order_id=SUB-ORD-DEV-TEST20250729-0004", "upi_intent": "false"}, "link_minimum_partial_amount": null, "link_notes": {}, "link_notify": {"send_email": true, "send_sms": true}, "link_partial_payments": false, "link_purpose": "Payment for SubscriptionOrder #SUB-ORD-DEV-TEST20250729-0004", "link_status": "ACTIVE", "link_url": "https://payments-test.cashfree.com/links/l8uflu8tij70", "order_splits": [], "terms_and_conditions": "", "thank_you_msg": ""}	\N	2025-07-29 16:57:25.271001+00	\N	SUB-ORD-DEV-TEST20250729-0004	45	6	1
208	CREATE_LINK	https://sandbox.cashfree.com/pg/links	{"customer_details": {"customer_email": "tybil@example.com", "customer_name": "Vasanth Sweety", "customer_phone": "+91 2991944686"}, "link_amount": 1500.0, "link_currency": "INR", "link_id": "SUB-ORD-DEV-TEST20250729-0005", "link_meta": {"notify_url": "http://127.0.0.1:8000/payment/cashfree/webhook/", "return_url": "http://127.0.0.1:8000/payment/cashfree/return/?order_id=SUB-ORD-DEV-TEST20250729-0005", "upi_intent": false}, "link_notify": {"send_email": true, "send_sms": true}, "link_purpose": "Payment for SubscriptionOrder #SUB-ORD-DEV-TEST20250729-0005"}	200	{"cf_link_id": 6560819, "customer_details": {"customer_name": "Vasanth Sweety", "country_code": "+91", "customer_phone": "2991944686", "customer_email": "tybil@example.com"}, "enable_invoice": false, "entity": "link", "link_amount": 1500, "link_amount_paid": 0, "link_auto_reminders": false, "link_created_at": "2025-07-29T22:37:04+05:30", "link_currency": "INR", "link_expiry_time": "2025-08-28T22:37:04+05:30", "link_id": "SUB-ORD-DEV-TEST20250729-0005", "link_meta": {"notify_url": "http://127.0.0.1:8000/payment/cashfree/webhook/", "payment_methods": "", "return_url": "http://127.0.0.1:8000/payment/cashfree/return/?order_id=SUB-ORD-DEV-TEST20250729-0005", "upi_intent": "false"}, "link_minimum_partial_amount": null, "link_notes": {}, "link_notify": {"send_email": true, "send_sms": true}, "link_partial_payments": false, "link_purpose": "Payment for SubscriptionOrder #SUB-ORD-DEV-TEST20250729-0005", "link_status": "ACTIVE", "link_url": "https://payments-test.cashfree.com/links/K8ufn1karvlg", "order_splits": [], "terms_and_conditions": "", "thank_you_msg": ""}	\N	2025-07-29 17:07:04.557038+00	\N	SUB-ORD-DEV-TEST20250729-0005	45	8	1
\.


--
-- Data for Name: payments_transaction; Type: TABLE DATA; Schema: public; Owner: -
--

COPY public.payments_transaction (id, object_id, transaction_type, category, status, amount, description, reference, date, created_at, updated_at, content_type_id, gym_id) FROM stdin;
\.


--
-- Data for Name: products_category; Type: TABLE DATA; Schema: public; Owner: -
--

COPY public.products_category (id, name, description, image) FROM stdin;
11	Digital Invitations	Create stunning digital invitations for weddings, events, and special occasions with customizable designs, seamless delivery, and personalized touches.	category_images/just-married.png
12	Logo & Banner Design	Creative and unique logo and banner designs tailored to reflect your brand's personality, creating a lasting impression on your audience and enhancing brand recognition.	category_images/ads.png
14	Trading Algo Tools	Custom trading algorithms and expert advisors for cTrader and MT5 that automate your trading strategies, improving accuracy, efficiency, and profit potential in real-time.	category_images/candlestick-chart.png
15	Mobile App Progress Tracking	Empower your members with our dedicated mobile app, designed for seamless progress tracking. Users can view their workout history, track fitness goals, and monitor achievements—anytime, anywhere—making it easy to stay motivated and involved in their fitness journey.	category_images/heart-rate.png
4	Membership Management	Effortlessly manage all member profiles, subscriptions, renewals, and attendance with a clear dashboard designed to maximize engagement, improve retention, and simplify every aspect of your gym’s member management process.	category_images/medical-app.png
10	Automated Gym Time Reminders	Never miss a workout! Members get timely reminders for their scheduled gym sessions via SMS or email. These automated notifications help everyone stay on track and motivated with their fitness routines.	category_images/gym.png
13	Additional Smart Reminders	Keep members and staff updated with reminders for classes, training sessions, membership renewals, and payment due dates. Automated notifications help ensure everyone stays informed and engaged at all times.	category_images/secure-payment.png
9	Automated Billing & Payments	Streamline your gym’s finances with secure online payments, automated invoicing, and easy payment tracking. Our system offers a hassle-free way to manage payment cycles and keep finances organized, saving you valuable time.	category_images/salary-voucher.png
8	Analytics & Reports	Gain valuable insights into member activity, revenue trends, class popularity, and staff performance with detailed reports. Make informed business decisions and improve your gym’s growth with powerful, data-driven analytics.	category_images/data.png
7	Access Control Integration	Enhance security and convenience with integrated access systems, letting members enter using RFID or QR codes. Easily monitor and manage facility access for both staff and members with reliable entry technology.	category_images/ecommerce.png
\.


--
-- Data for Name: products_package; Type: TABLE DATA; Schema: public; Owner: -
--

COPY public.products_package (id, name, description, type, duration_days, price, discount_type, discount_value, features, is_active, created_at, updated_at, gym_id) FROM stdin;
2	Starter	Basic Level Membership Package	monthly	30	1999	flat	499	{"name": "Ultimate Fitness Package", "price": 1999.0, "duration": 30, "duration_unit": "days", "description": "All-inclusive package for serious fitness enthusiasts. Includes personal training, unlimited access, and special programs.", "benefits": ["Free riding", "Unlimited equipments", "Personal trainer", "Weight losing classes", "Month to mouth", "No time restriction"], "is_active": true, "image": "path/to/image.jpg"}	t	2025-07-04 17:22:10.977554+00	2025-07-15 21:26:45.26402+00	1
3	Intermedaite 3 Month	premium Level Yearly Master Packages	monthly	90	16999	flat	3999	{"name": "Ultimate Fitness Package", "price": 1999.0, "duration": 30, "duration_unit": "days", "description": "All-inclusive package for serious fitness enthusiasts. Includes personal training, unlimited access, and special programs.", "benefits": ["Free riding", "Unlimited equipments", "Personal trainer", "Weight losing classes", "Month to mouth", "No time restriction"], "is_active": true, "image": "path/to/image.jpg"}	t	2025-07-04 17:24:45.689662+00	2025-07-15 21:29:41.196543+00	1
4	Super Saver	6 Month Standard Package	monthly	180	11999	flat	1999	{"name": "Ultimate Fitness Package", "price": 1999.0, "duration": 30, "duration_unit": "days", "description": "All-inclusive package for serious fitness enthusiasts. Includes personal training, unlimited access, and special programs.", "benefits": ["Free riding", "Unlimited equipments", "Personal trainer", "Weight losing classes", "Month to mouth", "No time restriction"], "is_active": true, "image": "path/to/image.jpg"}	t	2025-07-04 17:26:10.190913+00	2025-07-15 21:29:20.305958+00	1
5	Dinesh Selvan	Ut itaque cupiditate	custom	1	970.09	flat	10.69	{}	t	2025-07-28 09:26:32.841904+00	2025-07-28 09:26:32.841929+00	1
6	Swetha Kumari	Perspiciatis unde e	quarterly	20	337.75	percent	62.05	{}	t	2025-07-28 09:26:44.972278+00	2025-07-28 09:26:44.972355+00	1
\.


--
-- Data for Name: products_product; Type: TABLE DATA; Schema: public; Owner: -
--

COPY public.products_product (id, name, is_active, images, catalogues, specifications, description, additional_information, category_id, product_uid, price, image_1, image_2, image_3, subcategory_id, country_of_origin, created_at, dimensions, handling_time_days, ip_rating, is_free_shipping, low_stock_threshold, manufacturer, material_composition, meta_description, meta_title, mpn, power_rating, sku, slug, stock_quantity, updated_at, voltage, warranty, weight_kg, image_4) FROM stdin;
\.


--
-- Data for Name: products_subcategory; Type: TABLE DATA; Schema: public; Owner: -
--

COPY public.products_subcategory (id, name, description, category_id) FROM stdin;
7	Commercial Websites	Commercial Websites	7
8	Personal Websites	Personal Websites	4
9	Service Based Companies	Discover a world of convenience and expertise with our service-based companies. From fitness enthusiasts seeking top-notch gym experiences to event-goers needing hassle-free ticketing, we’ve got you covered. Our curated selection includes	7
\.


--
-- Data for Name: socialaccount_socialaccount; Type: TABLE DATA; Schema: public; Owner: -
--

COPY public.socialaccount_socialaccount (id, provider, uid, last_login, date_joined, extra_data, user_id) FROM stdin;
2	google	110599449648992844154	2025-08-22 10:54:41.791914+00	2025-08-15 10:51:56.229325+00	{"id": "110599449648992844154", "name": "Satheesh A", "email": "satheeshappz@gmail.com", "picture": "https://lh3.googleusercontent.com/a/ACg8ocK9tWMMLL0AUikdp2i9TIjZ-fJhk9_0AzR_aUbfvU7FkuUXBjo2=s96-c", "given_name": "Satheesh", "family_name": "A", "verified_email": true}	10
\.


--
-- Data for Name: socialaccount_socialapp; Type: TABLE DATA; Schema: public; Owner: -
--

COPY public.socialaccount_socialapp (id, provider, name, client_id, secret, key, provider_id, settings) FROM stdin;
\.


--
-- Data for Name: socialaccount_socialapp_sites; Type: TABLE DATA; Schema: public; Owner: -
--

COPY public.socialaccount_socialapp_sites (id, socialapp_id, site_id) FROM stdin;
\.


--
-- Data for Name: socialaccount_socialtoken; Type: TABLE DATA; Schema: public; Owner: -
--

COPY public.socialaccount_socialtoken (id, token, token_secret, expires_at, account_id, app_id) FROM stdin;
\.


--
-- Data for Name: subscriptions_subscription; Type: TABLE DATA; Schema: public; Owner: -
--

COPY public.subscriptions_subscription (id, start_date, end_date, status, package_id, user_id, payment_id) FROM stdin;
\.


--
-- Data for Name: workout_activitylog; Type: TABLE DATA; Schema: public; Owner: -
--

COPY public.workout_activitylog (id, sets_completed, reps_completed, weight_used, actual_rpe, is_completed, is_modified, modification_reason, notes, activity_template_id, session_id) FROM stdin;
\.


--
-- Data for Name: workout_activitytemplate; Type: TABLE DATA; Schema: public; Owner: -
--

COPY public.workout_activitytemplate (id, activity_type, "order", sets, reps, weight_percentage, rest_time, estimated_duration, form_cues, rpe_target, progression_notes, special_instructions, day_template_id, exercise_id) FROM stdin;
1	exercise	1	4	15			10min	Focus on proper form	RPE 7-8			1	66
2	exercise	2	3	12			10min	Focus on proper form	RPE 7-8			1	67
3	exercise	3	2	AMRAP			10min	Focus on proper form	RPE 7-8			1	87
4	exercise	4	2	60s			10min	Focus on proper form	RPE 7-8			1	91
5	exercise	1	4	12			10min	Focus on proper form	RPE 7-8			2	68
6	exercise	2	3	15			10min	Focus on proper form	RPE 7-8			2	79
7	exercise	3	3	12			10min	Focus on proper form	RPE 7-8			2	80
8	cardio	4	1	15min			10min	Focus on proper form	RPE 7-8			2	109
9	exercise	1	4	15			10min	Focus on proper form	RPE 7-8			3	69
10	exercise	2	3	15			10min	Focus on proper form	RPE 7-8			3	78
11	exercise	3	2	15			10min	Focus on proper form	RPE 7-8			3	82
12	cardio	4	1	5min			10min	Focus on proper form	RPE 7-8			3	110
13	exercise	1	3	12			10min	Focus on proper form	RPE 7-8			4	70
14	exercise	2	2	15			10min	Focus on proper form	RPE 7-8			4	76
15	exercise	3	2	15			10min	Focus on proper form	RPE 7-8			4	72
16	cardio	4	1	12min			10min	Focus on proper form	RPE 7-8			4	111
17	exercise	1	3	15/leg			10min	Focus on proper form	RPE 7-8			5	94
18	exercise	2	2	25			10min	Focus on proper form	RPE 7-8			5	93
19	exercise	3	2	AMRAP			10min	Focus on proper form	RPE 7-8			5	87
20	cardio	4	1	15min			10min	Focus on proper form	RPE 7-8			5	112
21	exercise	1	3	12			10min	Focus on proper form	RPE 7-8			6	69
22	exercise	2	3	20			10min	Focus on proper form	RPE 7-8			6	87
23	exercise	3	3	15			10min	Focus on proper form	RPE 7-8			6	79
24	exercise	4	2	12			10min	Focus on proper form	RPE 7-8			6	99
25	exercise	1	3	10			10min	Focus on proper form	RPE 7-8			7	68
26	exercise	2	3	12			10min	Focus on proper form	RPE 7-8			7	80
27	exercise	3	2	45s			10min	Focus on proper form	RPE 7-8			7	91
28	cardio	4	2	2min			10min	Focus on proper form	RPE 7-8			7	110
29	exercise	1	3	15/leg			10min	Focus on proper form	RPE 7-8			8	94
30	exercise	2	3	10			10min	Focus on proper form	RPE 7-8			8	74
31	exercise	3	2	15			10min	Focus on proper form	RPE 7-8			8	75
32	exercise	4	2	30s			10min	Focus on proper form	RPE 7-8			8	98
33	exercise	1	3	15			10min	Focus on proper form	RPE 7-8			9	78
34	exercise	2	3	12			10min	Focus on proper form	RPE 7-8			9	70
35	exercise	3	2	20			10min	Focus on proper form	RPE 7-8			9	92
36	cardio	4	1	10min			10min	Focus on proper form	RPE 7-8			9	114
37	exercise	1	4	AMRAP			10min	Focus on proper form	RPE 7-8			10	87
38	exercise	2	3	60s			10min	Focus on proper form	RPE 7-8			10	91
39	exercise	3	3	20			10min	Focus on proper form	RPE 7-8			10	94
40	exercise	4	3	25			10min	Focus on proper form	RPE 7-8			10	93
41	exercise	1	4	20			10min	Bodyweight only	RPE 7-8			11	69
42	exercise	2	3	20			10min	Focus on proper form	RPE 7-8			11	92
43	exercise	3	3	15			10min	Focus on proper form	RPE 7-8			11	88
44	exercise	4	3	20			10min	Focus on proper form	RPE 7-8			11	96
45	exercise	1	4	30s			10min	Focus on proper form	RPE 7-8			12	98
46	exercise	2	3	45s			10min	Focus on proper form	RPE 7-8			12	91
47	exercise	3	3	20			10min	Focus on proper form	RPE 7-8			12	106
48	exercise	4	2	15			10min	Focus on proper form	RPE 7-8			12	107
49	exercise	1	3	15			10min	Chair for dips	RPE 7-8			13	90
50	exercise	2	3	12/leg			10min	Focus on proper form	RPE 7-8			13	95
51	exercise	3	2	30s			10min	Focus on proper form	RPE 7-8			13	100
52	exercise	4	2	AMRAP			10min	Focus on proper form	RPE 7-8			13	87
53	exercise	1	4	12			10min	Focus on proper form	RPE 7-8			14	99
54	exercise	2	2	60s			10min	Focus on proper form	RPE 7-8			14	91
55	exercise	3	2	20			10min	Focus on proper form	RPE 7-8			14	92
56	exercise	4	2	12			10min	Focus on proper form	RPE 7-8			14	104
57	exercise	1	4	8			10min	Focus on proper form	RPE 7-8			15	68
58	exercise	2	3	15			10min	Focus on proper form	RPE 7-8			15	116
59	exercise	3	2	60s			10min	Focus on proper form	RPE 7-8			15	91
60	exercise	4	2	12/side			10min	Focus on proper form	RPE 7-8			15	105
61	exercise	1	3	AMRAP			10min	Focus on proper form	RPE 7-8			16	87
62	exercise	2	3	10/arm			10min	Focus on proper form	RPE 7-8			16	73
63	exercise	3	2	30s			10min	Focus on proper form	RPE 7-8			16	100
64	exercise	4	2	15			10min	Focus on proper form	RPE 7-8			16	118
65	exercise	1	3	12			10min	Focus on proper form	RPE 7-8			17	69
66	exercise	2	3	10			10min	Focus on proper form	RPE 7-8			17	103
67	exercise	3	2	12/leg			10min	Focus on proper form	RPE 7-8			17	102
68	exercise	4	2	30s			10min	Focus on proper form	RPE 7-8			17	119
69	exercise	1	3	12/leg			10min	Focus on proper form	RPE 7-8			18	95
70	exercise	2	2	10			10min	Focus on proper form	RPE 7-8			18	108
71	exercise	3	2	AMRAP			10min	Focus on proper form	RPE 7-8			18	87
72	cardio	4	2	2min			10min	Focus on proper form	RPE 7-8			18	110
73	exercise	1	3	15			10min	Bodyweight	RPE 7-8			19	69
74	exercise	2	2	AMRAP			10min	Focus on proper form	RPE 7-8			19	87
75	exercise	3	2	40s			10min	Focus on proper form	RPE 7-8			19	91
76	cardio	4	1	3min			10min	Focus on proper form	RPE 7-8			19	110
77	exercise	1	3	12/leg			10min	Focus on proper form	RPE 7-8			20	94
78	exercise	2	2	15			10min	Focus on proper form	RPE 7-8			20	92
79	exercise	3	2	10			10min	Focus on proper form	RPE 7-8			20	117
80	cardio	4	1	6min			10min	Focus on proper form	RPE 7-8			20	113
81	exercise	1	2	40s			10min	Focus on proper form	RPE 7-8			21	101
82	exercise	2	2	AMRAP			10min	Focus on proper form	RPE 7-8			21	87
83	exercise	3	1	30s			10min	Focus on proper form	RPE 7-8			21	100
84	exercise	4	1	10min			10min	Focus on proper form	RPE 7-8			21	120
85	exercise	1	4	10			10min	Focus on proper form	RPE 7-8			22	69
86	cardio	2	3	2min			10min	Focus on proper form	RPE 7-8			22	110
87	exercise	3	3	15			10min	Focus on proper form	RPE 7-8			22	94
88	exercise	4	2	30s			10min	Focus on proper form	RPE 7-8			22	98
89	exercise	1	3	20			10min	Focus on proper form	RPE 7-8			23	87
90	exercise	2	4	10			10min	Focus on proper form	RPE 7-8			23	66
91	exercise	3	3	AMRAP			10min	Focus on proper form	RPE 7-8			23	89
92	exercise	4	2	15			10min	Focus on proper form	RPE 7-8			23	99
93	exercise	1	4	8			10min	Focus on proper form	RPE 7-8			24	68
94	cardio	2	3	1min fast:2min easy			10min	Focus on proper form	RPE 7-8			24	115
95	exercise	3	3	12			10min	Focus on proper form	RPE 7-8			24	78
96	exercise	4	2	60s			10min	Focus on proper form	RPE 7-8			24	91
97	exercise	1	3	8			10min	Yoga flow	RPE 7-8			25	122
98	exercise	2	2	60s			10min	Focus on proper form	RPE 7-8			25	91
99	exercise	3	1	2min			10min	Focus on proper form	RPE 7-8			25	123
100	exercise	4	1	1min			10min	Focus on proper form	RPE 7-8			25	124
101	exercise	1	2	1min			10min	Focus on proper form	RPE 7-8			26	125
102	exercise	2	2	1min			10min	Focus on proper form	RPE 7-8			26	126
103	exercise	3	1	2min			10min	Focus on proper form	RPE 7-8			26	127
104	exercise	4	2	15			10min	Focus on proper form	RPE 7-8			26	93
105	exercise	1	2	1min			10min	Focus on proper form	RPE 7-8			27	128
106	exercise	2	2	45s			10min	Focus on proper form	RPE 7-8			27	91
107	exercise	3	1	2min			10min	Focus on proper form	RPE 7-8			27	129
108	exercise	4	1	1min			10min	Focus on proper form	RPE 7-8			27	130
109	exercise	1	2	12			10min	Focus on proper form	RPE 7-8			28	81
110	exercise	2	2	12			10min	Focus on proper form	RPE 7-8			28	86
111	exercise	3	2	12			10min	Focus on proper form	RPE 7-8			28	80
112	exercise	4	1	30s			10min	Focus on proper form	RPE 7-8			28	91
113	exercise	1	2	15			10min	Focus on proper form	RPE 7-8			29	96
114	exercise	2	2	12			10min	Focus on proper form	RPE 7-8			29	82
115	exercise	3	2	12			10min	Focus on proper form	RPE 7-8			29	77
116	exercise	4	1	10min			10min	Focus on proper form	RPE 7-8			29	120
117	exercise	1	2	15			10min	Focus on proper form	RPE 7-8			30	84
118	exercise	2	2	Knee			10min	Modified	RPE 7-8			30	87
119	exercise	3	2	12			10min	Focus on proper form	RPE 7-8			30	79
120	exercise	4	1	10min			10min	Focus on proper form	RPE 7-8			30	121
121	exercise	1	5	5			10min	Focus on proper form	RPE 7-8			31	69
122	exercise	2	4	10			10min	Focus on proper form	RPE 7-8			31	78
123	exercise	3	3	15			10min	Focus on proper form	RPE 7-8			31	84
124	exercise	1	5	5			10min	Focus on proper form	RPE 7-8			32	66
125	exercise	2	3	8			10min	Focus on proper form	RPE 7-8			32	67
126	exercise	3	3	10			10min	Focus on proper form	RPE 7-8			32	83
127	exercise	1	5	5			10min	Focus on proper form	RPE 7-8			33	68
128	exercise	2	3	10			10min	Focus on proper form	RPE 7-8			33	80
129	exercise	3	3	10			10min	Focus on proper form	RPE 7-8			33	71
130	exercise	1	3	8			10min	Focus on proper form	RPE 7-8			34	69
131	exercise	2	3	12			10min	Focus on proper form	RPE 7-8			34	82
132	exercise	3	3	15			10min	Focus on proper form	RPE 7-8			34	84
133	exercise	1	3	8			10min	Focus on proper form	RPE 7-8			35	66
134	exercise	2	3	8			10min	Focus on proper form	RPE 7-8			35	70
135	exercise	3	3	12			10min	Focus on proper form	RPE 7-8			35	83
136	exercise	1	3	8			10min	Focus on proper form	RPE 7-8			36	68
137	exercise	2	3	10			10min	Focus on proper form	RPE 7-8			36	85
138	exercise	3	2	12			10min	Focus on proper form	RPE 7-8			36	75
139	exercise	1	4	12			10min	Focus on proper form	RPE 7-8			37	69
140	exercise	2	3	AMRAP			10min	Focus on proper form	RPE 7-8			37	87
141	exercise	3	3	20			10min	Focus on proper form	RPE 7-8			37	84
142	exercise	4	3	20			10min	Focus on proper form	RPE 7-8			37	93
143	exercise	1	4	10			10min	Focus on proper form	RPE 7-8			38	66
144	exercise	2	3	15			10min	Focus on proper form	RPE 7-8			38	79
145	exercise	3	3	15			10min	Focus on proper form	RPE 7-8			38	96
146	exercise	4	2	60s			10min	Focus on proper form	RPE 7-8			38	91
147	exercise	1	4	8			10min	Focus on proper form	RPE 7-8			39	68
148	exercise	2	3	15/leg			10min	Focus on proper form	RPE 7-8			39	94
149	exercise	3	2	20			10min	Focus on proper form	RPE 7-8			39	92
150	exercise	4	2	15			10min	Focus on proper form	RPE 7-8			39	77
151	exercise	1	3	15			10min	Focus on proper form	RPE 7-8			40	78
152	exercise	2	3	10			10min	Focus on proper form	RPE 7-8			40	70
153	exercise	3	2	10			10min	Focus on proper form	RPE 7-8			40	74
154	cardio	4	2	3min			10min	Focus on proper form	RPE 7-8			40	110
155	exercise	1	3	AMRAP			10min	Focus on proper form	RPE 7-8			41	87
156	exercise	2	3	10			10min	Focus on proper form	RPE 7-8			41	67
157	exercise	3	2	12			10min	Focus on proper form	RPE 7-8			41	71
158	exercise	4	2	15			10min	Focus on proper form	RPE 7-8			41	97
\.


--
-- Data for Name: workout_daytemplate; Type: TABLE DATA; Schema: public; Owner: -
--

COPY public.workout_daytemplate (id, day, name, is_rest_day, estimated_duration, warm_up_instructions, cool_down_instructions, notes, weekly_template_id) FROM stdin;
1	monday	Monday Workout	f	45-60min	5-10min mobility + light cardio	5-10min stretching/breathing		1
2	tuesday	Tuesday Workout	f	45-60min	5-10min mobility + light cardio	5-10min stretching/breathing		1
3	wednesday	Wednesday Workout	f	45-60min	5-10min mobility + light cardio	5-10min stretching/breathing		1
4	thursday	Thursday Workout	f	45-60min	5-10min mobility + light cardio	5-10min stretching/breathing		1
5	friday	Friday Workout	f	45-60min	5-10min mobility + light cardio	5-10min stretching/breathing		1
6	monday	Monday Workout	f	45-60min	5-10min mobility + light cardio	5-10min stretching/breathing		2
7	tuesday	Tuesday Workout	f	45-60min	5-10min mobility + light cardio	5-10min stretching/breathing		2
8	thursday	Thursday Workout	f	45-60min	5-10min mobility + light cardio	5-10min stretching/breathing		2
9	friday	Friday Workout	f	45-60min	5-10min mobility + light cardio	5-10min stretching/breathing		2
10	monday	Monday Workout	f	45-60min	5-10min mobility + light cardio	5-10min stretching/breathing		3
11	tuesday	Tuesday Workout	f	45-60min	5-10min mobility + light cardio	5-10min stretching/breathing		3
12	wednesday	Wednesday Workout	f	45-60min	5-10min mobility + light cardio	5-10min stretching/breathing		3
13	thursday	Thursday Workout	f	45-60min	5-10min mobility + light cardio	5-10min stretching/breathing		3
14	friday	Friday Workout	f	45-60min	5-10min mobility + light cardio	5-10min stretching/breathing		3
15	monday	Monday Workout	f	45-60min	5-10min mobility + light cardio	5-10min stretching/breathing		4
16	tuesday	Tuesday Workout	f	45-60min	5-10min mobility + light cardio	5-10min stretching/breathing		4
17	thursday	Thursday Workout	f	45-60min	5-10min mobility + light cardio	5-10min stretching/breathing		4
18	friday	Friday Workout	f	45-60min	5-10min mobility + light cardio	5-10min stretching/breathing		4
19	monday	Monday Workout	f	45-60min	5-10min mobility + light cardio	5-10min stretching/breathing		5
20	wednesday	Wednesday Workout	f	45-60min	5-10min mobility + light cardio	5-10min stretching/breathing		5
21	friday	Friday Workout	f	45-60min	5-10min mobility + light cardio	5-10min stretching/breathing		5
22	monday	Monday Workout	f	45-60min	5-10min mobility + light cardio	5-10min stretching/breathing		6
23	wednesday	Wednesday Workout	f	45-60min	5-10min mobility + light cardio	5-10min stretching/breathing		6
24	friday	Friday Workout	f	45-60min	5-10min mobility + light cardio	5-10min stretching/breathing		6
25	monday	Monday Workout	f	45-60min	5-10min mobility + light cardio	5-10min stretching/breathing		7
26	wednesday	Wednesday Workout	f	45-60min	5-10min mobility + light cardio	5-10min stretching/breathing		7
27	friday	Friday Workout	f	45-60min	5-10min mobility + light cardio	5-10min stretching/breathing		7
28	monday	Monday Workout	f	45-60min	5-10min mobility + light cardio	5-10min stretching/breathing		8
29	wednesday	Wednesday Workout	f	45-60min	5-10min mobility + light cardio	5-10min stretching/breathing		8
30	friday	Friday Workout	f	45-60min	5-10min mobility + light cardio	5-10min stretching/breathing		8
31	monday	Monday Workout	f	45-60min	5-10min mobility + light cardio	5-10min stretching/breathing		9
32	tuesday	Tuesday Workout	f	45-60min	5-10min mobility + light cardio	5-10min stretching/breathing		9
33	wednesday	Wednesday Workout	f	45-60min	5-10min mobility + light cardio	5-10min stretching/breathing		9
34	thursday	Thursday Workout	f	45-60min	5-10min mobility + light cardio	5-10min stretching/breathing		9
35	friday	Friday Workout	f	45-60min	5-10min mobility + light cardio	5-10min stretching/breathing		9
36	saturday	Saturday Workout	f	45-60min	5-10min mobility + light cardio	5-10min stretching/breathing		9
37	monday	Monday Workout	f	45-60min	5-10min mobility + light cardio	5-10min stretching/breathing		10
38	tuesday	Tuesday Workout	f	45-60min	5-10min mobility + light cardio	5-10min stretching/breathing		10
39	wednesday	Wednesday Workout	f	45-60min	5-10min mobility + light cardio	5-10min stretching/breathing		10
40	thursday	Thursday Workout	f	45-60min	5-10min mobility + light cardio	5-10min stretching/breathing		10
41	friday	Friday Workout	f	45-60min	5-10min mobility + light cardio	5-10min stretching/breathing		10
\.


--
-- Data for Name: workout_equipment; Type: TABLE DATA; Schema: public; Owner: -
--

COPY public.workout_equipment (id, name, category, description) FROM stdin;
11	Barbell	Strength	Olympic barbell for heavy compound movements
12	Dumbbell	Strength	Adjustable dumbbells for isolation and unilateral work
13	Machine	Strength	Weight machines for controlled movements
14	Cable	Strength	Cable machine for various pulling and pushing exercises
15	Bodyweight	Bodyweight	No equipment needed - bodyweight exercises
16	Cardio Equipment	Cardio	Treadmill, bike, elliptical, rower
17	Resistance Bands	Accessory	Elastic bands for light resistance work
18	Kettlebell	Strength	Kettlebells for dynamic movements
19	Medicine Ball	Functional	Weighted ball for core and functional training
20	Suspension Trainer	Functional	TRX or similar suspension training system
\.


--
-- Data for Name: workout_exercise; Type: TABLE DATA; Schema: public; Owner: -
--

COPY public.workout_exercise (id, name, muscle_groups, instructions, safety_notes, video_url, equipment_id) FROM stdin;
66	Bench Press	Chest, Triceps, Front Deltoids	Lie on bench, grip barbell shoulder-width, lower to chest, press up	Maintain proper form throughout the movement		11
67	Incline Bench Press	Upper Chest, Front Deltoids, Triceps	Press barbell on inclined bench targeting upper chest	Maintain proper form throughout the movement		11
68	Deadlift	Hamstrings, Glutes, Erector Spinae, Traps	Stand with barbell, hinge at hips, keep back straight, lift by extending hips	Maintain proper form throughout the movement		11
69	Squats (Back/Front)	Quadriceps, Glutes, Hamstrings	Stand with barbell, squat down keeping chest up, drive through heels to stand	Maintain proper form throughout the movement		11
70	Overhead Press (Barbell/Dumbbell)	Shoulders, Triceps, Core	Stand with barbell at shoulder level, press overhead keeping core tight	Maintain proper form throughout the movement		11
71	Barbell Curl	Biceps	Curl barbell up with controlled movement	Maintain proper form throughout the movement		11
72	Skull Crushers	Triceps	Lying tricep extension with barbell	Maintain proper form throughout the movement		11
73	Dumbbell Snatch	Full Body, Shoulders	Explosive movement from floor to overhead	Maintain proper form throughout the movement		12
74	Arnold Press	Shoulders, Triceps	Rotating shoulder press movement	Maintain proper form throughout the movement		12
75	Dumbbell Curl	Biceps	Curl dumbbells with controlled movement	Maintain proper form throughout the movement		12
76	Front Raises	Front Deltoids	Raise dumbbells to front until parallel to floor	Maintain proper form throughout the movement		12
77	Rear Delt Fly	Rear Deltoids, Rhomboids	Reverse fly movement	Maintain proper form throughout the movement		12
78	Leg Press	Quadriceps, Glutes	Sit in leg press machine, press weight with full range of motion	Maintain proper form throughout the movement		13
79	Lat Pulldown	Latissimus Dorsi, Biceps, Rhomboids	Pull bar down to upper chest, squeeze shoulder blades	Maintain proper form throughout the movement		13
80	Seated Cable Row	Latissimus Dorsi, Rhomboids, Rear Deltoids	Pull handles to torso, squeeze shoulder blades	Maintain proper form throughout the movement		13
81	Leg Extension	Quadriceps	Extend legs against resistance	Maintain proper form throughout the movement		13
82	Hamstring Curl	Hamstrings	Curl heels toward glutes while lying or seated	Maintain proper form throughout the movement		13
83	Tricep Pushdown	Triceps	Push cable down extending elbows	Maintain proper form throughout the movement		14
84	Calf Raises (Standing/Seated)	Calves	Raise heels while standing or seated	Maintain proper form throughout the movement		13
85	T-Bar Row	Latissimus Dorsi, Rhomboids	Row using T-bar or landmine setup	Maintain proper form throughout the movement		14
86	Chest Fly	Chest, Front Deltoids	Bring cables together in fly motion	Maintain proper form throughout the movement		14
87	Push-ups	Chest, Triceps, Core	Lower body to floor, push up maintaining straight line	Maintain proper form throughout the movement		15
88	Incline Push-ups	Chest, Triceps	Push-ups with hands elevated on bench	Maintain proper form throughout the movement		15
89	Pull-ups / Chin-ups	Latissimus Dorsi, Biceps	Hang from bar, pull up until chin over bar	Maintain proper form throughout the movement		15
90	Dips (Bench/Parallel Bars)	Triceps, Chest	Lower body between parallel bars, push up	Maintain proper form throughout the movement		15
91	Plank	Core, Shoulders	Hold straight line position on forearms	Maintain proper form throughout the movement		15
92	Sit-ups / Crunches	Abdominals	Curl upper body toward knees	Maintain proper form throughout the movement		15
93	Russian Twists	Obliques, Core	Seated rotation with or without weight	Maintain proper form throughout the movement		15
94	Lunges (Walking/Stationary)	Quadriceps, Glutes	Step forward into lunge, alternate legs	Maintain proper form throughout the movement		15
95	Bulgarian Split Squat	Quadriceps, Glutes	Rear foot elevated lunge	Maintain proper form throughout the movement		15
96	Glute Bridge	Glutes, Hamstrings	Lie on back, lift hips by squeezing glutes	Maintain proper form throughout the movement		15
97	Hip Thrust	Glutes, Hamstrings	Shoulders on bench, thrust hips up	Maintain proper form throughout the movement		15
98	Mountain Climbers	Core, Shoulders, Cardio	Rapid alternating knee to chest in plank position	Maintain proper form throughout the movement		15
99	Burpees	Full Body, Cardio	Squat, jump back to plank, push-up, jump forward, jump up	Maintain proper form throughout the movement		15
100	Bear Crawl	Full Body, Core	Crawl on hands and feet	Maintain proper form throughout the movement		15
101	Wall Sit	Quadriceps, Glutes	Sit against wall with thighs parallel to floor	Maintain proper form throughout the movement		15
102	Single Leg Deadlift	Hamstrings, Glutes, Balance	Hinge on one leg	Maintain proper form throughout the movement		15
103	Box Jump	Quadriceps, Glutes, Power	Jump onto elevated surface	Maintain proper form throughout the movement		15
104	Squat Jumps	Quadriceps, Glutes, Power	Jump from squat position	Maintain proper form throughout the movement		15
105	Lateral Lunges	Quadriceps, Glutes, Adductors	Lunge to the side	Maintain proper form throughout the movement		15
106	Reverse Lunges	Quadriceps, Glutes	Step backward into lunge	Maintain proper form throughout the movement		15
107	Superman	Lower Back, Glutes	Lie prone, lift chest and legs	Maintain proper form throughout the movement		15
108	Hanging Leg Raise	Core, Hip Flexors	Hang from bar, raise legs	Maintain proper form throughout the movement		15
109	Treadmill Running / Walking	Cardiovascular	Walk or run on treadmill	Maintain proper form throughout the movement		16
110	Jump Rope	Cardiovascular, Coordination	Jump rope at steady pace	Maintain proper form throughout the movement		16
111	Bike Machine	Cardiovascular, Quadriceps	Cycle at moderate to high intensity	Maintain proper form throughout the movement		16
112	Elliptical Trainer	Cardiovascular, Full Body	Low impact cardio movement	Maintain proper form throughout the movement		16
113	Jogging	Cardiovascular	Light running pace	Maintain proper form throughout the movement		16
114	Bike Intervals	Cardiovascular, HIIT	High intensity bike intervals	Maintain proper form throughout the movement		16
115	Bike Sprints	Cardiovascular, HIIT	Sprint intervals on bike	Maintain proper form throughout the movement		16
116	Kettlebell Swing	Hamstrings, Glutes, Core	Explosive hip hinge movement	Maintain proper form throughout the movement		18
117	Medicine Ball Throws	Core, Power	Explosive throwing movement	Maintain proper form throughout the movement		19
118	Medicine Ball Slams	Core, Power	Slam ball to ground	Maintain proper form throughout the movement		19
119	Farmer's Walk	Grip, Core, Traps	Walk carrying heavy weights at sides	Maintain proper form throughout the movement		12
120	Stretching	Flexibility	General stretching routine	Maintain proper form throughout the movement		15
121	Foam Roll	Recovery	Self-myofascial release	Maintain proper form throughout the movement		15
122	Sun Salutation Flow	Flexibility, Flow	Yoga flow sequence	Maintain proper form throughout the movement		15
123	Child's Pose	Flexibility	Yoga resting pose	Maintain proper form throughout the movement		15
124	Seated Twist	Flexibility, Core	Seated spinal rotation	Maintain proper form throughout the movement		15
125	Downward Dog	Flexibility, Strength	Yoga pose	Maintain proper form throughout the movement		15
126	Cobra Stretch	Flexibility	Back extension stretch	Maintain proper form throughout the movement		15
127	Pigeon Pose	Flexibility	Hip flexibility pose	Maintain proper form throughout the movement		15
128	Cat-Cow	Flexibility	Spinal mobility movement	Maintain proper form throughout the movement		15
129	Hamstring Stretch	Flexibility	Hamstring flexibility	Maintain proper form throughout the movement		15
130	Thread the Needle	Flexibility	Thoracic spine mobility	Maintain proper form throughout the movement		15
\.


--
-- Data for Name: workout_fitnesslevel; Type: TABLE DATA; Schema: public; Owner: -
--

COPY public.workout_fitnesslevel (id, name, description) FROM stdin;
5	beginner	Beginner level fitness programming
6	medium	Medium level fitness programming
7	advanced	Advanced level fitness programming
8	master	Master level fitness programming
\.


--
-- Data for Name: workout_goal; Type: TABLE DATA; Schema: public; Owner: -
--

COPY public.workout_goal (id, name, description) FROM stdin;
5	weight_loss	Weight Loss focused programming
6	weight_gain	Weight Gain focused programming
7	competition	Competition focused programming
8	basic_maintenance	Basic Maintenance focused programming
\.


--
-- Data for Name: workout_userworkoutassignment; Type: TABLE DATA; Schema: public; Owner: -
--

COPY public.workout_userworkoutassignment (id, assigned_date, start_date, end_date, status, custom_notes, modifications, trainer_id, user_id, weekly_template_id) FROM stdin;
1	2025-08-16 21:47:04.245667+00	2025-08-17	\N	assigned	good luck	{}	2	10	3
\.


--
-- Data for Name: workout_weeklytemplate; Type: TABLE DATA; Schema: public; Owner: -
--

COPY public.workout_weeklytemplate (id, name, description, is_active, created_at, updated_at, total_sessions_per_week, estimated_duration_per_session, fitness_level_id, goal_id, trainer_id) FROM stdin;
1	Endurance & Hypertrophy Hybrid (5-Day)	Blends higher reps for muscle plus short finishers for conditioning.	t	2025-08-16 21:10:37.445749+00	2025-08-16 21:10:37.445767+00	5	45-60min	6	6	2
2	HIIT + Weights Express (4-Day)	Alternate fast circuits, weights, and HIIT for fat loss and fitness.	t	2025-08-16 21:10:37.519528+00	2025-08-16 21:10:37.519539+00	4	45-60min	6	5	2
3	Home Bodyweight Only (5-Day)	Perfect when you can't access a gym; zero equipment, effective training.	t	2025-08-16 21:10:37.574131+00	2025-08-16 21:10:37.574143+00	5	45-60min	5	8	2
4	Functional Strength & Agility (4-Day)	Combine weights, balance, rotational and agility moves.	t	2025-08-16 21:10:37.641786+00	2025-08-16 21:10:37.641797+00	4	45-60min	7	8	2
5	Youth/Teens Foundation (3-Day)	Safe whole-body movement, confidence, and core strength for youth.	t	2025-08-16 21:10:37.695037+00	2025-08-16 21:10:37.695065+00	3	45-60min	5	8	2
6	Lower-Upper-Lower HIIT (3-Day)	High-intensity intervals interspersed with major lifts; quick fat loss.	t	2025-08-16 21:10:37.731733+00	2025-08-16 21:10:37.731754+00	3	45-60min	7	5	2
7	Yoga & Mobility Routine (3-Day)	Flexibility, core control, and recovery—perfect for all levels.	t	2025-08-16 21:10:37.773338+00	2025-08-16 21:10:37.77335+00	3	45-60min	5	8	2
8	Rehab & Active Recovery (3-Day)	Light, joint-friendly—consult physiotherapist for restrictions.	t	2025-08-16 21:10:37.814514+00	2025-08-16 21:10:37.814529+00	3	45-60min	5	8	2
9	Powerlifting Advanced (6-Day)	Squat, bench, deadlift each twice per week—designed for strength.	t	2025-08-16 21:10:37.861061+00	2025-08-16 21:10:37.861102+00	6	45-60min	7	7	2
10	Women's Athletic Total-Body Tone (5-Day)	For athletic women after full-body strength, toning, and variety.	t	2025-08-16 21:10:37.926853+00	2025-08-16 21:10:37.92687+00	5	45-60min	6	8	2
\.


--
-- Data for Name: workout_workoutsession; Type: TABLE DATA; Schema: public; Owner: -
--

COPY public.workout_workoutsession (id, date, started_at, completed_at, is_completed, is_skipped, overall_rpe, energy_level, notes, assignment_id, day_template_id) FROM stdin;
\.


--
-- Name: account_emailaddress_id_seq; Type: SEQUENCE SET; Schema: public; Owner: -
--

SELECT pg_catalog.setval('public.account_emailaddress_id_seq', 1, true);


--
-- Name: account_emailconfirmation_id_seq; Type: SEQUENCE SET; Schema: public; Owner: -
--

SELECT pg_catalog.setval('public.account_emailconfirmation_id_seq', 1, true);


--
-- Name: accounts_banner_id_seq; Type: SEQUENCE SET; Schema: public; Owner: -
--

SELECT pg_catalog.setval('public.accounts_banner_id_seq', 5, true);


--
-- Name: accounts_customer_id_seq; Type: SEQUENCE SET; Schema: public; Owner: -
--

SELECT pg_catalog.setval('public.accounts_customer_id_seq', 1, true);


--
-- Name: accounts_customuser_groups_id_seq; Type: SEQUENCE SET; Schema: public; Owner: -
--

SELECT pg_catalog.setval('public.accounts_customuser_groups_id_seq', 1, true);


--
-- Name: accounts_customuser_member_id_seq; Type: SEQUENCE SET; Schema: public; Owner: -
--

SELECT pg_catalog.setval('public.accounts_customuser_member_id_seq', 23, true);


--
-- Name: accounts_customuser_user_permissions_id_seq; Type: SEQUENCE SET; Schema: public; Owner: -
--

SELECT pg_catalog.setval('public.accounts_customuser_user_permissions_id_seq', 1, true);


--
-- Name: accounts_gym_id_seq; Type: SEQUENCE SET; Schema: public; Owner: -
--

SELECT pg_catalog.setval('public.accounts_gym_id_seq', 2, true);


--
-- Name: accounts_monthlymembershiptrend_id_seq; Type: SEQUENCE SET; Schema: public; Owner: -
--

SELECT pg_catalog.setval('public.accounts_monthlymembershiptrend_id_seq', 9, true);


--
-- Name: accounts_passwordresetotp_id_seq; Type: SEQUENCE SET; Schema: public; Owner: -
--

SELECT pg_catalog.setval('public.accounts_passwordresetotp_id_seq', 78, true);


--
-- Name: accounts_review_id_seq; Type: SEQUENCE SET; Schema: public; Owner: -
--

SELECT pg_catalog.setval('public.accounts_review_id_seq', 5, true);


--
-- Name: accounts_socialmedia_id_seq; Type: SEQUENCE SET; Schema: public; Owner: -
--

SELECT pg_catalog.setval('public.accounts_socialmedia_id_seq', 2, true);


--
-- Name: attendance_attendance_id_seq; Type: SEQUENCE SET; Schema: public; Owner: -
--

SELECT pg_catalog.setval('public.attendance_attendance_id_seq', 8, true);


--
-- Name: attendance_checkinlog_id_seq; Type: SEQUENCE SET; Schema: public; Owner: -
--

SELECT pg_catalog.setval('public.attendance_checkinlog_id_seq', 1, true);


--
-- Name: attendance_classenrollment_id_seq; Type: SEQUENCE SET; Schema: public; Owner: -
--

SELECT pg_catalog.setval('public.attendance_classenrollment_id_seq', 5, true);


--
-- Name: attendance_qrtoken_id_seq; Type: SEQUENCE SET; Schema: public; Owner: -
--

SELECT pg_catalog.setval('public.attendance_qrtoken_id_seq', 40, true);


--
-- Name: attendance_schedule_id_seq; Type: SEQUENCE SET; Schema: public; Owner: -
--

SELECT pg_catalog.setval('public.attendance_schedule_id_seq', 6, true);


--
-- Name: auth_group_id_seq; Type: SEQUENCE SET; Schema: public; Owner: -
--

SELECT pg_catalog.setval('public.auth_group_id_seq', 1, true);


--
-- Name: auth_group_permissions_id_seq; Type: SEQUENCE SET; Schema: public; Owner: -
--

SELECT pg_catalog.setval('public.auth_group_permissions_id_seq', 1, true);


--
-- Name: auth_permission_id_seq; Type: SEQUENCE SET; Schema: public; Owner: -
--

SELECT pg_catalog.setval('public.auth_permission_id_seq', 320, true);


--
-- Name: auth_user_groups_id_seq; Type: SEQUENCE SET; Schema: public; Owner: -
--

SELECT pg_catalog.setval('public.auth_user_groups_id_seq', 1, true);


--
-- Name: auth_user_id_seq; Type: SEQUENCE SET; Schema: public; Owner: -
--

SELECT pg_catalog.setval('public.auth_user_id_seq', 1, true);


--
-- Name: auth_user_user_permissions_id_seq; Type: SEQUENCE SET; Schema: public; Owner: -
--

SELECT pg_catalog.setval('public.auth_user_user_permissions_id_seq', 1, true);


--
-- Name: cms_chatmessage_id_seq; Type: SEQUENCE SET; Schema: public; Owner: -
--

SELECT pg_catalog.setval('public.cms_chatmessage_id_seq', 32, true);


--
-- Name: cms_supportexecutive_id_seq; Type: SEQUENCE SET; Schema: public; Owner: -
--

SELECT pg_catalog.setval('public.cms_supportexecutive_id_seq', 1, true);


--
-- Name: cms_ticket_id_seq; Type: SEQUENCE SET; Schema: public; Owner: -
--

SELECT pg_catalog.setval('public.cms_ticket_id_seq', 7, true);


--
-- Name: core_businessdetails_id_seq; Type: SEQUENCE SET; Schema: public; Owner: -
--

SELECT pg_catalog.setval('public.core_businessdetails_id_seq', 1, true);


--
-- Name: core_configuration_id_seq; Type: SEQUENCE SET; Schema: public; Owner: -
--

SELECT pg_catalog.setval('public.core_configuration_id_seq', 12, true);


--
-- Name: django_admin_log_id_seq; Type: SEQUENCE SET; Schema: public; Owner: -
--

SELECT pg_catalog.setval('public.django_admin_log_id_seq', 1, true);


--
-- Name: django_content_type_id_seq; Type: SEQUENCE SET; Schema: public; Owner: -
--

SELECT pg_catalog.setval('public.django_content_type_id_seq', 80, true);


--
-- Name: django_migrations_id_seq; Type: SEQUENCE SET; Schema: public; Owner: -
--

SELECT pg_catalog.setval('public.django_migrations_id_seq', 139, true);


--
-- Name: django_site_id_seq; Type: SEQUENCE SET; Schema: public; Owner: -
--

SELECT pg_catalog.setval('public.django_site_id_seq', 1, true);


--
-- Name: enquiry_enquiry_enquiry_id_seq; Type: SEQUENCE SET; Schema: public; Owner: -
--

SELECT pg_catalog.setval('public.enquiry_enquiry_enquiry_id_seq', 1, true);


--
-- Name: google_sso_user_id_seq; Type: SEQUENCE SET; Schema: public; Owner: -
--

SELECT pg_catalog.setval('public.google_sso_user_id_seq', 1, true);


--
-- Name: health_bodymeasurement_id_seq; Type: SEQUENCE SET; Schema: public; Owner: -
--

SELECT pg_catalog.setval('public.health_bodymeasurement_id_seq', 2, true);


--
-- Name: notifications_notificationconfig_id_seq; Type: SEQUENCE SET; Schema: public; Owner: -
--

SELECT pg_catalog.setval('public.notifications_notificationconfig_id_seq', 2, true);


--
-- Name: notifications_notificationlog_id_seq; Type: SEQUENCE SET; Schema: public; Owner: -
--

SELECT pg_catalog.setval('public.notifications_notificationlog_id_seq', 1, false);


--
-- Name: orders_cart_id_seq; Type: SEQUENCE SET; Schema: public; Owner: -
--

SELECT pg_catalog.setval('public.orders_cart_id_seq', 1, true);


--
-- Name: orders_cartitem_id_seq; Type: SEQUENCE SET; Schema: public; Owner: -
--

SELECT pg_catalog.setval('public.orders_cartitem_id_seq', 1, true);


--
-- Name: orders_order_id_seq; Type: SEQUENCE SET; Schema: public; Owner: -
--

SELECT pg_catalog.setval('public.orders_order_id_seq', 1, true);


--
-- Name: orders_orderitem_id_seq; Type: SEQUENCE SET; Schema: public; Owner: -
--

SELECT pg_catalog.setval('public.orders_orderitem_id_seq', 1, true);


--
-- Name: orders_subscriptionorder_id_seq; Type: SEQUENCE SET; Schema: public; Owner: -
--

SELECT pg_catalog.setval('public.orders_subscriptionorder_id_seq', 9, true);


--
-- Name: orders_temporder_id_seq; Type: SEQUENCE SET; Schema: public; Owner: -
--

SELECT pg_catalog.setval('public.orders_temporder_id_seq', 1, true);


--
-- Name: payments_payment_id_seq; Type: SEQUENCE SET; Schema: public; Owner: -
--

SELECT pg_catalog.setval('public.payments_payment_id_seq', 7, true);


--
-- Name: payments_paymentapilog_id_seq; Type: SEQUENCE SET; Schema: public; Owner: -
--

SELECT pg_catalog.setval('public.payments_paymentapilog_id_seq', 208, true);


--
-- Name: payments_transaction_id_seq; Type: SEQUENCE SET; Schema: public; Owner: -
--

SELECT pg_catalog.setval('public.payments_transaction_id_seq', 1, true);


--
-- Name: products_category_id_seq; Type: SEQUENCE SET; Schema: public; Owner: -
--

SELECT pg_catalog.setval('public.products_category_id_seq', 14, true);


--
-- Name: products_package_id_seq; Type: SEQUENCE SET; Schema: public; Owner: -
--

SELECT pg_catalog.setval('public.products_package_id_seq', 6, true);


--
-- Name: products_product_id_seq; Type: SEQUENCE SET; Schema: public; Owner: -
--

SELECT pg_catalog.setval('public.products_product_id_seq', 1, true);


--
-- Name: products_subcategory_id_seq; Type: SEQUENCE SET; Schema: public; Owner: -
--

SELECT pg_catalog.setval('public.products_subcategory_id_seq', 9, true);


--
-- Name: socialaccount_socialaccount_id_seq; Type: SEQUENCE SET; Schema: public; Owner: -
--

SELECT pg_catalog.setval('public.socialaccount_socialaccount_id_seq', 2, true);


--
-- Name: socialaccount_socialapp_id_seq; Type: SEQUENCE SET; Schema: public; Owner: -
--

SELECT pg_catalog.setval('public.socialaccount_socialapp_id_seq', 1, false);


--
-- Name: socialaccount_socialapp_sites_id_seq; Type: SEQUENCE SET; Schema: public; Owner: -
--

SELECT pg_catalog.setval('public.socialaccount_socialapp_sites_id_seq', 1, false);


--
-- Name: socialaccount_socialtoken_id_seq; Type: SEQUENCE SET; Schema: public; Owner: -
--

SELECT pg_catalog.setval('public.socialaccount_socialtoken_id_seq', 1, false);


--
-- Name: subscriptions_subscription_id_seq; Type: SEQUENCE SET; Schema: public; Owner: -
--

SELECT pg_catalog.setval('public.subscriptions_subscription_id_seq', 1, true);


--
-- Name: workout_activitylog_id_seq; Type: SEQUENCE SET; Schema: public; Owner: -
--

SELECT pg_catalog.setval('public.workout_activitylog_id_seq', 1, false);


--
-- Name: workout_activitytemplate_id_seq; Type: SEQUENCE SET; Schema: public; Owner: -
--

SELECT pg_catalog.setval('public.workout_activitytemplate_id_seq', 158, true);


--
-- Name: workout_daytemplate_id_seq; Type: SEQUENCE SET; Schema: public; Owner: -
--

SELECT pg_catalog.setval('public.workout_daytemplate_id_seq', 48, true);


--
-- Name: workout_equipment_id_seq; Type: SEQUENCE SET; Schema: public; Owner: -
--

SELECT pg_catalog.setval('public.workout_equipment_id_seq', 20, true);


--
-- Name: workout_exercise_id_seq; Type: SEQUENCE SET; Schema: public; Owner: -
--

SELECT pg_catalog.setval('public.workout_exercise_id_seq', 130, true);


--
-- Name: workout_fitnesslevel_id_seq; Type: SEQUENCE SET; Schema: public; Owner: -
--

SELECT pg_catalog.setval('public.workout_fitnesslevel_id_seq', 8, true);


--
-- Name: workout_goal_id_seq; Type: SEQUENCE SET; Schema: public; Owner: -
--

SELECT pg_catalog.setval('public.workout_goal_id_seq', 8, true);


--
-- Name: workout_userworkoutassignment_id_seq; Type: SEQUENCE SET; Schema: public; Owner: -
--

SELECT pg_catalog.setval('public.workout_userworkoutassignment_id_seq', 1, true);


--
-- Name: workout_weeklytemplate_id_seq; Type: SEQUENCE SET; Schema: public; Owner: -
--

SELECT pg_catalog.setval('public.workout_weeklytemplate_id_seq', 11, true);


--
-- Name: workout_workoutsession_id_seq; Type: SEQUENCE SET; Schema: public; Owner: -
--

SELECT pg_catalog.setval('public.workout_workoutsession_id_seq', 1, false);


--
-- Name: accounts_gym accounts_gym_name_key; Type: CONSTRAINT; Schema: public; Owner: -
--

ALTER TABLE ONLY public.accounts_gym
    ADD CONSTRAINT accounts_gym_name_key UNIQUE (name);


--
-- Name: accounts_gym accounts_gym_pkey; Type: CONSTRAINT; Schema: public; Owner: -
--

ALTER TABLE ONLY public.accounts_gym
    ADD CONSTRAINT accounts_gym_pkey PRIMARY KEY (id);


--
-- Name: accounts_monthlymembershiptrend accounts_monthlymembershiptrend_gym_id_year_month_ee880c31_uniq; Type: CONSTRAINT; Schema: public; Owner: -
--

ALTER TABLE ONLY public.accounts_monthlymembershiptrend
    ADD CONSTRAINT accounts_monthlymembershiptrend_gym_id_year_month_ee880c31_uniq UNIQUE (gym_id, year, month);


--
-- Name: accounts_monthlymembershiptrend accounts_monthlymembershiptrend_pkey; Type: CONSTRAINT; Schema: public; Owner: -
--

ALTER TABLE ONLY public.accounts_monthlymembershiptrend
    ADD CONSTRAINT accounts_monthlymembershiptrend_pkey PRIMARY KEY (id);


--
-- Name: authtoken_token authtoken_token_pkey; Type: CONSTRAINT; Schema: public; Owner: -
--

ALTER TABLE ONLY public.authtoken_token
    ADD CONSTRAINT authtoken_token_pkey PRIMARY KEY (key);


--
-- Name: authtoken_token authtoken_token_user_id_key; Type: CONSTRAINT; Schema: public; Owner: -
--

ALTER TABLE ONLY public.authtoken_token
    ADD CONSTRAINT authtoken_token_user_id_key UNIQUE (user_id);


--
-- Name: django_site django_site_domain_a2e37b91_uniq; Type: CONSTRAINT; Schema: public; Owner: -
--

ALTER TABLE ONLY public.django_site
    ADD CONSTRAINT django_site_domain_a2e37b91_uniq UNIQUE (domain);


--
-- Name: django_site django_site_pkey; Type: CONSTRAINT; Schema: public; Owner: -
--

ALTER TABLE ONLY public.django_site
    ADD CONSTRAINT django_site_pkey PRIMARY KEY (id);


--
-- Name: health_bodymeasurement health_bodymeasurement_pkey; Type: CONSTRAINT; Schema: public; Owner: -
--

ALTER TABLE ONLY public.health_bodymeasurement
    ADD CONSTRAINT health_bodymeasurement_pkey PRIMARY KEY (id);


--
-- Name: health_bodymeasurement health_bodymeasurement_user_id_date_603d7e2d_uniq; Type: CONSTRAINT; Schema: public; Owner: -
--

ALTER TABLE ONLY public.health_bodymeasurement
    ADD CONSTRAINT health_bodymeasurement_user_id_date_603d7e2d_uniq UNIQUE (user_id, date);


--
-- Name: django_migrations idx_16933_django_migrations_pkey; Type: CONSTRAINT; Schema: public; Owner: -
--

ALTER TABLE ONLY public.django_migrations
    ADD CONSTRAINT idx_16933_django_migrations_pkey PRIMARY KEY (id);


--
-- Name: auth_group_permissions idx_16940_auth_group_permissions_pkey; Type: CONSTRAINT; Schema: public; Owner: -
--

ALTER TABLE ONLY public.auth_group_permissions
    ADD CONSTRAINT idx_16940_auth_group_permissions_pkey PRIMARY KEY (id);


--
-- Name: auth_user_groups idx_16945_auth_user_groups_pkey; Type: CONSTRAINT; Schema: public; Owner: -
--

ALTER TABLE ONLY public.auth_user_groups
    ADD CONSTRAINT idx_16945_auth_user_groups_pkey PRIMARY KEY (id);


--
-- Name: auth_user_user_permissions idx_16950_auth_user_user_permissions_pkey; Type: CONSTRAINT; Schema: public; Owner: -
--

ALTER TABLE ONLY public.auth_user_user_permissions
    ADD CONSTRAINT idx_16950_auth_user_user_permissions_pkey PRIMARY KEY (id);


--
-- Name: django_admin_log idx_16955_django_admin_log_pkey; Type: CONSTRAINT; Schema: public; Owner: -
--

ALTER TABLE ONLY public.django_admin_log
    ADD CONSTRAINT idx_16955_django_admin_log_pkey PRIMARY KEY (id);


--
-- Name: django_content_type idx_16962_django_content_type_pkey; Type: CONSTRAINT; Schema: public; Owner: -
--

ALTER TABLE ONLY public.django_content_type
    ADD CONSTRAINT idx_16962_django_content_type_pkey PRIMARY KEY (id);


--
-- Name: auth_permission idx_16969_auth_permission_pkey; Type: CONSTRAINT; Schema: public; Owner: -
--

ALTER TABLE ONLY public.auth_permission
    ADD CONSTRAINT idx_16969_auth_permission_pkey PRIMARY KEY (id);


--
-- Name: auth_group idx_16976_auth_group_pkey; Type: CONSTRAINT; Schema: public; Owner: -
--

ALTER TABLE ONLY public.auth_group
    ADD CONSTRAINT idx_16976_auth_group_pkey PRIMARY KEY (id);


--
-- Name: auth_user idx_16983_auth_user_pkey; Type: CONSTRAINT; Schema: public; Owner: -
--

ALTER TABLE ONLY public.auth_user
    ADD CONSTRAINT idx_16983_auth_user_pkey PRIMARY KEY (id);


--
-- Name: django_session idx_16989_sqlite_autoindex_django_session_1; Type: CONSTRAINT; Schema: public; Owner: -
--

ALTER TABLE ONLY public.django_session
    ADD CONSTRAINT idx_16989_sqlite_autoindex_django_session_1 PRIMARY KEY (session_key);


--
-- Name: products_category idx_16995_products_category_pkey; Type: CONSTRAINT; Schema: public; Owner: -
--

ALTER TABLE ONLY public.products_category
    ADD CONSTRAINT idx_16995_products_category_pkey PRIMARY KEY (id);


--
-- Name: products_subcategory idx_17002_products_subcategory_pkey; Type: CONSTRAINT; Schema: public; Owner: -
--

ALTER TABLE ONLY public.products_subcategory
    ADD CONSTRAINT idx_17002_products_subcategory_pkey PRIMARY KEY (id);


--
-- Name: enquiry_enquiry idx_17009_enquiry_enquiry_pkey; Type: CONSTRAINT; Schema: public; Owner: -
--

ALTER TABLE ONLY public.enquiry_enquiry
    ADD CONSTRAINT idx_17009_enquiry_enquiry_pkey PRIMARY KEY (enquiry_id);


--
-- Name: accounts_customuser_groups idx_17016_accounts_customuser_groups_pkey; Type: CONSTRAINT; Schema: public; Owner: -
--

ALTER TABLE ONLY public.accounts_customuser_groups
    ADD CONSTRAINT idx_17016_accounts_customuser_groups_pkey PRIMARY KEY (id);


--
-- Name: accounts_customuser_user_permissions idx_17021_accounts_customuser_user_permissions_pkey; Type: CONSTRAINT; Schema: public; Owner: -
--

ALTER TABLE ONLY public.accounts_customuser_user_permissions
    ADD CONSTRAINT idx_17021_accounts_customuser_user_permissions_pkey PRIMARY KEY (id);


--
-- Name: accounts_review idx_17026_accounts_review_pkey; Type: CONSTRAINT; Schema: public; Owner: -
--

ALTER TABLE ONLY public.accounts_review
    ADD CONSTRAINT idx_17026_accounts_review_pkey PRIMARY KEY (id);


--
-- Name: accounts_passwordresetotp idx_17033_accounts_passwordresetotp_pkey; Type: CONSTRAINT; Schema: public; Owner: -
--

ALTER TABLE ONLY public.accounts_passwordresetotp
    ADD CONSTRAINT idx_17033_accounts_passwordresetotp_pkey PRIMARY KEY (id);


--
-- Name: products_product idx_17040_products_product_pkey; Type: CONSTRAINT; Schema: public; Owner: -
--

ALTER TABLE ONLY public.products_product
    ADD CONSTRAINT idx_17040_products_product_pkey PRIMARY KEY (id);


--
-- Name: accounts_socialmedia idx_17047_accounts_socialmedia_pkey; Type: CONSTRAINT; Schema: public; Owner: -
--

ALTER TABLE ONLY public.accounts_socialmedia
    ADD CONSTRAINT idx_17047_accounts_socialmedia_pkey PRIMARY KEY (id);


--
-- Name: orders_cart idx_17054_orders_cart_pkey; Type: CONSTRAINT; Schema: public; Owner: -
--

ALTER TABLE ONLY public.orders_cart
    ADD CONSTRAINT idx_17054_orders_cart_pkey PRIMARY KEY (id);


--
-- Name: orders_cartitem idx_17059_orders_cartitem_pkey; Type: CONSTRAINT; Schema: public; Owner: -
--

ALTER TABLE ONLY public.orders_cartitem
    ADD CONSTRAINT idx_17059_orders_cartitem_pkey PRIMARY KEY (id);


--
-- Name: core_configuration idx_17066_core_configuration_pkey; Type: CONSTRAINT; Schema: public; Owner: -
--

ALTER TABLE ONLY public.core_configuration
    ADD CONSTRAINT idx_17066_core_configuration_pkey PRIMARY KEY (id);


--
-- Name: accounts_customer idx_17073_accounts_customer_pkey; Type: CONSTRAINT; Schema: public; Owner: -
--

ALTER TABLE ONLY public.accounts_customer
    ADD CONSTRAINT idx_17073_accounts_customer_pkey PRIMARY KEY (id);


--
-- Name: orders_orderitem idx_17080_orders_orderitem_pkey; Type: CONSTRAINT; Schema: public; Owner: -
--

ALTER TABLE ONLY public.orders_orderitem
    ADD CONSTRAINT idx_17080_orders_orderitem_pkey PRIMARY KEY (id);


--
-- Name: orders_order idx_17087_orders_order_pkey; Type: CONSTRAINT; Schema: public; Owner: -
--

ALTER TABLE ONLY public.orders_order
    ADD CONSTRAINT idx_17087_orders_order_pkey PRIMARY KEY (id);


--
-- Name: orders_temporder idx_17094_orders_temporder_pkey; Type: CONSTRAINT; Schema: public; Owner: -
--

ALTER TABLE ONLY public.orders_temporder
    ADD CONSTRAINT idx_17094_orders_temporder_pkey PRIMARY KEY (id);


--
-- Name: cms_supportexecutive idx_17101_cms_supportexecutive_pkey; Type: CONSTRAINT; Schema: public; Owner: -
--

ALTER TABLE ONLY public.cms_supportexecutive
    ADD CONSTRAINT idx_17101_cms_supportexecutive_pkey PRIMARY KEY (id);


--
-- Name: cms_chatmessage idx_17108_cms_chatmessage_pkey; Type: CONSTRAINT; Schema: public; Owner: -
--

ALTER TABLE ONLY public.cms_chatmessage
    ADD CONSTRAINT idx_17108_cms_chatmessage_pkey PRIMARY KEY (id);


--
-- Name: cms_ticket idx_17115_cms_ticket_pkey; Type: CONSTRAINT; Schema: public; Owner: -
--

ALTER TABLE ONLY public.cms_ticket
    ADD CONSTRAINT idx_17115_cms_ticket_pkey PRIMARY KEY (id);


--
-- Name: core_businessdetails idx_17122_core_businessdetails_pkey; Type: CONSTRAINT; Schema: public; Owner: -
--

ALTER TABLE ONLY public.core_businessdetails
    ADD CONSTRAINT idx_17122_core_businessdetails_pkey PRIMARY KEY (id);


--
-- Name: payments_paymentapilog idx_17129_payments_paymentapilog_pkey; Type: CONSTRAINT; Schema: public; Owner: -
--

ALTER TABLE ONLY public.payments_paymentapilog
    ADD CONSTRAINT idx_17129_payments_paymentapilog_pkey PRIMARY KEY (id);


--
-- Name: google_sso_user idx_17136_google_sso_user_pkey; Type: CONSTRAINT; Schema: public; Owner: -
--

ALTER TABLE ONLY public.google_sso_user
    ADD CONSTRAINT idx_17136_google_sso_user_pkey PRIMARY KEY (id);


--
-- Name: account_emailconfirmation idx_17143_account_emailconfirmation_pkey; Type: CONSTRAINT; Schema: public; Owner: -
--

ALTER TABLE ONLY public.account_emailconfirmation
    ADD CONSTRAINT idx_17143_account_emailconfirmation_pkey PRIMARY KEY (id);


--
-- Name: account_emailaddress idx_17150_account_emailaddress_pkey; Type: CONSTRAINT; Schema: public; Owner: -
--

ALTER TABLE ONLY public.account_emailaddress
    ADD CONSTRAINT idx_17150_account_emailaddress_pkey PRIMARY KEY (id);


--
-- Name: accounts_banner idx_17178_accounts_banner_pkey; Type: CONSTRAINT; Schema: public; Owner: -
--

ALTER TABLE ONLY public.accounts_banner
    ADD CONSTRAINT idx_17178_accounts_banner_pkey PRIMARY KEY (id);


--
-- Name: products_package idx_17185_products_package_pkey; Type: CONSTRAINT; Schema: public; Owner: -
--

ALTER TABLE ONLY public.products_package
    ADD CONSTRAINT idx_17185_products_package_pkey PRIMARY KEY (id);


--
-- Name: attendance_attendance idx_17192_attendance_attendance_pkey; Type: CONSTRAINT; Schema: public; Owner: -
--

ALTER TABLE ONLY public.attendance_attendance
    ADD CONSTRAINT idx_17192_attendance_attendance_pkey PRIMARY KEY (id);


--
-- Name: attendance_checkinlog idx_17199_attendance_checkinlog_pkey; Type: CONSTRAINT; Schema: public; Owner: -
--

ALTER TABLE ONLY public.attendance_checkinlog
    ADD CONSTRAINT idx_17199_attendance_checkinlog_pkey PRIMARY KEY (id);


--
-- Name: attendance_classenrollment idx_17206_attendance_classenrollment_pkey; Type: CONSTRAINT; Schema: public; Owner: -
--

ALTER TABLE ONLY public.attendance_classenrollment
    ADD CONSTRAINT idx_17206_attendance_classenrollment_pkey PRIMARY KEY (id);


--
-- Name: attendance_schedule idx_17211_attendance_schedule_pkey; Type: CONSTRAINT; Schema: public; Owner: -
--

ALTER TABLE ONLY public.attendance_schedule
    ADD CONSTRAINT idx_17211_attendance_schedule_pkey PRIMARY KEY (id);


--
-- Name: attendance_qrtoken idx_17218_attendance_qrtoken_pkey; Type: CONSTRAINT; Schema: public; Owner: -
--

ALTER TABLE ONLY public.attendance_qrtoken
    ADD CONSTRAINT idx_17218_attendance_qrtoken_pkey PRIMARY KEY (id);


--
-- Name: accounts_customuser idx_17225_accounts_customuser_pkey; Type: CONSTRAINT; Schema: public; Owner: -
--

ALTER TABLE ONLY public.accounts_customuser
    ADD CONSTRAINT idx_17225_accounts_customuser_pkey PRIMARY KEY (member_id);


--
-- Name: orders_subscriptionorder idx_17232_orders_subscriptionorder_pkey; Type: CONSTRAINT; Schema: public; Owner: -
--

ALTER TABLE ONLY public.orders_subscriptionorder
    ADD CONSTRAINT idx_17232_orders_subscriptionorder_pkey PRIMARY KEY (id);


--
-- Name: payments_payment idx_17239_payments_payment_pkey; Type: CONSTRAINT; Schema: public; Owner: -
--

ALTER TABLE ONLY public.payments_payment
    ADD CONSTRAINT idx_17239_payments_payment_pkey PRIMARY KEY (id);


--
-- Name: payments_transaction idx_17246_payments_transaction_pkey; Type: CONSTRAINT; Schema: public; Owner: -
--

ALTER TABLE ONLY public.payments_transaction
    ADD CONSTRAINT idx_17246_payments_transaction_pkey PRIMARY KEY (id);


--
-- Name: subscriptions_subscription idx_17253_subscriptions_subscription_pkey; Type: CONSTRAINT; Schema: public; Owner: -
--

ALTER TABLE ONLY public.subscriptions_subscription
    ADD CONSTRAINT idx_17253_subscriptions_subscription_pkey PRIMARY KEY (id);


--
-- Name: notifications_notificationconfig notifications_notificationconfig_pkey; Type: CONSTRAINT; Schema: public; Owner: -
--

ALTER TABLE ONLY public.notifications_notificationconfig
    ADD CONSTRAINT notifications_notificationconfig_pkey PRIMARY KEY (id);


--
-- Name: notifications_notificationlog notifications_notificationlog_pkey; Type: CONSTRAINT; Schema: public; Owner: -
--

ALTER TABLE ONLY public.notifications_notificationlog
    ADD CONSTRAINT notifications_notificationlog_pkey PRIMARY KEY (id);


--
-- Name: socialaccount_socialaccount socialaccount_socialaccount_pkey; Type: CONSTRAINT; Schema: public; Owner: -
--

ALTER TABLE ONLY public.socialaccount_socialaccount
    ADD CONSTRAINT socialaccount_socialaccount_pkey PRIMARY KEY (id);


--
-- Name: socialaccount_socialaccount socialaccount_socialaccount_provider_uid_fc810c6e_uniq; Type: CONSTRAINT; Schema: public; Owner: -
--

ALTER TABLE ONLY public.socialaccount_socialaccount
    ADD CONSTRAINT socialaccount_socialaccount_provider_uid_fc810c6e_uniq UNIQUE (provider, uid);


--
-- Name: socialaccount_socialapp_sites socialaccount_socialapp__socialapp_id_site_id_71a9a768_uniq; Type: CONSTRAINT; Schema: public; Owner: -
--

ALTER TABLE ONLY public.socialaccount_socialapp_sites
    ADD CONSTRAINT socialaccount_socialapp__socialapp_id_site_id_71a9a768_uniq UNIQUE (socialapp_id, site_id);


--
-- Name: socialaccount_socialapp socialaccount_socialapp_pkey; Type: CONSTRAINT; Schema: public; Owner: -
--

ALTER TABLE ONLY public.socialaccount_socialapp
    ADD CONSTRAINT socialaccount_socialapp_pkey PRIMARY KEY (id);


--
-- Name: socialaccount_socialapp_sites socialaccount_socialapp_sites_pkey; Type: CONSTRAINT; Schema: public; Owner: -
--

ALTER TABLE ONLY public.socialaccount_socialapp_sites
    ADD CONSTRAINT socialaccount_socialapp_sites_pkey PRIMARY KEY (id);


--
-- Name: socialaccount_socialtoken socialaccount_socialtoken_app_id_account_id_fca4e0ac_uniq; Type: CONSTRAINT; Schema: public; Owner: -
--

ALTER TABLE ONLY public.socialaccount_socialtoken
    ADD CONSTRAINT socialaccount_socialtoken_app_id_account_id_fca4e0ac_uniq UNIQUE (app_id, account_id);


--
-- Name: socialaccount_socialtoken socialaccount_socialtoken_pkey; Type: CONSTRAINT; Schema: public; Owner: -
--

ALTER TABLE ONLY public.socialaccount_socialtoken
    ADD CONSTRAINT socialaccount_socialtoken_pkey PRIMARY KEY (id);


--
-- Name: workout_activitylog workout_activitylog_pkey; Type: CONSTRAINT; Schema: public; Owner: -
--

ALTER TABLE ONLY public.workout_activitylog
    ADD CONSTRAINT workout_activitylog_pkey PRIMARY KEY (id);


--
-- Name: workout_activitytemplate workout_activitytemplate_day_template_id_order_a2c978f0_uniq; Type: CONSTRAINT; Schema: public; Owner: -
--

ALTER TABLE ONLY public.workout_activitytemplate
    ADD CONSTRAINT workout_activitytemplate_day_template_id_order_a2c978f0_uniq UNIQUE (day_template_id, "order");


--
-- Name: workout_activitytemplate workout_activitytemplate_pkey; Type: CONSTRAINT; Schema: public; Owner: -
--

ALTER TABLE ONLY public.workout_activitytemplate
    ADD CONSTRAINT workout_activitytemplate_pkey PRIMARY KEY (id);


--
-- Name: workout_daytemplate workout_daytemplate_pkey; Type: CONSTRAINT; Schema: public; Owner: -
--

ALTER TABLE ONLY public.workout_daytemplate
    ADD CONSTRAINT workout_daytemplate_pkey PRIMARY KEY (id);


--
-- Name: workout_daytemplate workout_daytemplate_weekly_template_id_day_2ca9711e_uniq; Type: CONSTRAINT; Schema: public; Owner: -
--

ALTER TABLE ONLY public.workout_daytemplate
    ADD CONSTRAINT workout_daytemplate_weekly_template_id_day_2ca9711e_uniq UNIQUE (weekly_template_id, day);


--
-- Name: workout_equipment workout_equipment_pkey; Type: CONSTRAINT; Schema: public; Owner: -
--

ALTER TABLE ONLY public.workout_equipment
    ADD CONSTRAINT workout_equipment_pkey PRIMARY KEY (id);


--
-- Name: workout_exercise workout_exercise_pkey; Type: CONSTRAINT; Schema: public; Owner: -
--

ALTER TABLE ONLY public.workout_exercise
    ADD CONSTRAINT workout_exercise_pkey PRIMARY KEY (id);


--
-- Name: workout_fitnesslevel workout_fitnesslevel_name_key; Type: CONSTRAINT; Schema: public; Owner: -
--

ALTER TABLE ONLY public.workout_fitnesslevel
    ADD CONSTRAINT workout_fitnesslevel_name_key UNIQUE (name);


--
-- Name: workout_fitnesslevel workout_fitnesslevel_pkey; Type: CONSTRAINT; Schema: public; Owner: -
--

ALTER TABLE ONLY public.workout_fitnesslevel
    ADD CONSTRAINT workout_fitnesslevel_pkey PRIMARY KEY (id);


--
-- Name: workout_goal workout_goal_name_key; Type: CONSTRAINT; Schema: public; Owner: -
--

ALTER TABLE ONLY public.workout_goal
    ADD CONSTRAINT workout_goal_name_key UNIQUE (name);


--
-- Name: workout_goal workout_goal_pkey; Type: CONSTRAINT; Schema: public; Owner: -
--

ALTER TABLE ONLY public.workout_goal
    ADD CONSTRAINT workout_goal_pkey PRIMARY KEY (id);


--
-- Name: workout_userworkoutassignment workout_userworkoutassignment_pkey; Type: CONSTRAINT; Schema: public; Owner: -
--

ALTER TABLE ONLY public.workout_userworkoutassignment
    ADD CONSTRAINT workout_userworkoutassignment_pkey PRIMARY KEY (id);


--
-- Name: workout_weeklytemplate workout_weeklytemplate_pkey; Type: CONSTRAINT; Schema: public; Owner: -
--

ALTER TABLE ONLY public.workout_weeklytemplate
    ADD CONSTRAINT workout_weeklytemplate_pkey PRIMARY KEY (id);


--
-- Name: workout_workoutsession workout_workoutsession_assignment_id_day_templa_8b852515_uniq; Type: CONSTRAINT; Schema: public; Owner: -
--

ALTER TABLE ONLY public.workout_workoutsession
    ADD CONSTRAINT workout_workoutsession_assignment_id_day_templa_8b852515_uniq UNIQUE (assignment_id, day_template_id, date);


--
-- Name: workout_workoutsession workout_workoutsession_pkey; Type: CONSTRAINT; Schema: public; Owner: -
--

ALTER TABLE ONLY public.workout_workoutsession
    ADD CONSTRAINT workout_workoutsession_pkey PRIMARY KEY (id);


--
-- Name: accounts_customuser_gym_id_1343ed10; Type: INDEX; Schema: public; Owner: -
--

CREATE INDEX accounts_customuser_gym_id_1343ed10 ON public.accounts_customuser USING btree (gym_id);


--
-- Name: accounts_gym_admin_id_ca521e9a; Type: INDEX; Schema: public; Owner: -
--

CREATE INDEX accounts_gym_admin_id_ca521e9a ON public.accounts_gym USING btree (admin_id);


--
-- Name: accounts_gym_name_e8a7772b_like; Type: INDEX; Schema: public; Owner: -
--

CREATE INDEX accounts_gym_name_e8a7772b_like ON public.accounts_gym USING btree (name varchar_pattern_ops);


--
-- Name: accounts_monthlymembershiptrend_gym_id_5b594ca5; Type: INDEX; Schema: public; Owner: -
--

CREATE INDEX accounts_monthlymembershiptrend_gym_id_5b594ca5 ON public.accounts_monthlymembershiptrend USING btree (gym_id);


--
-- Name: attendance_attendance_gym_id_2911a5c2; Type: INDEX; Schema: public; Owner: -
--

CREATE INDEX attendance_attendance_gym_id_2911a5c2 ON public.attendance_attendance USING btree (gym_id);


--
-- Name: attendance_checkinlog_gym_id_daf50e2f; Type: INDEX; Schema: public; Owner: -
--

CREATE INDEX attendance_checkinlog_gym_id_daf50e2f ON public.attendance_checkinlog USING btree (gym_id);


--
-- Name: attendance_classenrollment_gym_id_cee85f7f; Type: INDEX; Schema: public; Owner: -
--

CREATE INDEX attendance_classenrollment_gym_id_cee85f7f ON public.attendance_classenrollment USING btree (gym_id);


--
-- Name: attendance_qrtoken_gym_id_97609462; Type: INDEX; Schema: public; Owner: -
--

CREATE INDEX attendance_qrtoken_gym_id_97609462 ON public.attendance_qrtoken USING btree (gym_id);


--
-- Name: attendance_schedule_gym_id_2055f1fc; Type: INDEX; Schema: public; Owner: -
--

CREATE INDEX attendance_schedule_gym_id_2055f1fc ON public.attendance_schedule USING btree (gym_id);


--
-- Name: authtoken_token_key_10f0b77e_like; Type: INDEX; Schema: public; Owner: -
--

CREATE INDEX authtoken_token_key_10f0b77e_like ON public.authtoken_token USING btree (key varchar_pattern_ops);


--
-- Name: django_site_domain_a2e37b91_like; Type: INDEX; Schema: public; Owner: -
--

CREATE INDEX django_site_domain_a2e37b91_like ON public.django_site USING btree (domain varchar_pattern_ops);


--
-- Name: health_body_gym_id_52854a_idx; Type: INDEX; Schema: public; Owner: -
--

CREATE INDEX health_body_gym_id_52854a_idx ON public.health_bodymeasurement USING btree (gym_id, user_id, week_index_since_join);


--
-- Name: health_body_gym_id_67e199_idx; Type: INDEX; Schema: public; Owner: -
--

CREATE INDEX health_body_gym_id_67e199_idx ON public.health_bodymeasurement USING btree (gym_id, user_id, date);


--
-- Name: health_body_gym_id_c3ef33_idx; Type: INDEX; Schema: public; Owner: -
--

CREATE INDEX health_body_gym_id_c3ef33_idx ON public.health_bodymeasurement USING btree (gym_id, user_id, year, week_of_year);


--
-- Name: health_bodymeasurement_date_b7ca8156; Type: INDEX; Schema: public; Owner: -
--

CREATE INDEX health_bodymeasurement_date_b7ca8156 ON public.health_bodymeasurement USING btree (date);


--
-- Name: health_bodymeasurement_gym_id_d3230602; Type: INDEX; Schema: public; Owner: -
--

CREATE INDEX health_bodymeasurement_gym_id_d3230602 ON public.health_bodymeasurement USING btree (gym_id);


--
-- Name: health_bodymeasurement_user_id_8d7d54a4; Type: INDEX; Schema: public; Owner: -
--

CREATE INDEX health_bodymeasurement_user_id_8d7d54a4 ON public.health_bodymeasurement USING btree (user_id);


--
-- Name: health_bodymeasurement_week_index_since_join_ad3bc4f4; Type: INDEX; Schema: public; Owner: -
--

CREATE INDEX health_bodymeasurement_week_index_since_join_ad3bc4f4 ON public.health_bodymeasurement USING btree (week_index_since_join);


--
-- Name: health_bodymeasurement_week_of_year_560a2d14; Type: INDEX; Schema: public; Owner: -
--

CREATE INDEX health_bodymeasurement_week_of_year_560a2d14 ON public.health_bodymeasurement USING btree (week_of_year);


--
-- Name: health_bodymeasurement_year_6b34bebf; Type: INDEX; Schema: public; Owner: -
--

CREATE INDEX health_bodymeasurement_year_6b34bebf ON public.health_bodymeasurement USING btree (year);


--
-- Name: idx_16940_auth_group_permissions_group_id_b120cbf9; Type: INDEX; Schema: public; Owner: -
--

CREATE INDEX idx_16940_auth_group_permissions_group_id_b120cbf9 ON public.auth_group_permissions USING btree (group_id);


--
-- Name: idx_16940_auth_group_permissions_group_id_permission_id_0cd325b; Type: INDEX; Schema: public; Owner: -
--

CREATE UNIQUE INDEX idx_16940_auth_group_permissions_group_id_permission_id_0cd325b ON public.auth_group_permissions USING btree (group_id, permission_id);


--
-- Name: idx_16940_auth_group_permissions_permission_id_84c5c92e; Type: INDEX; Schema: public; Owner: -
--

CREATE INDEX idx_16940_auth_group_permissions_permission_id_84c5c92e ON public.auth_group_permissions USING btree (permission_id);


--
-- Name: idx_16945_auth_user_groups_group_id_97559544; Type: INDEX; Schema: public; Owner: -
--

CREATE INDEX idx_16945_auth_user_groups_group_id_97559544 ON public.auth_user_groups USING btree (group_id);


--
-- Name: idx_16945_auth_user_groups_user_id_6a12ed8b; Type: INDEX; Schema: public; Owner: -
--

CREATE INDEX idx_16945_auth_user_groups_user_id_6a12ed8b ON public.auth_user_groups USING btree (user_id);


--
-- Name: idx_16945_auth_user_groups_user_id_group_id_94350c0c_uniq; Type: INDEX; Schema: public; Owner: -
--

CREATE UNIQUE INDEX idx_16945_auth_user_groups_user_id_group_id_94350c0c_uniq ON public.auth_user_groups USING btree (user_id, group_id);


--
-- Name: idx_16950_auth_user_user_permissions_permission_id_1fbb5f2c; Type: INDEX; Schema: public; Owner: -
--

CREATE INDEX idx_16950_auth_user_user_permissions_permission_id_1fbb5f2c ON public.auth_user_user_permissions USING btree (permission_id);


--
-- Name: idx_16950_auth_user_user_permissions_user_id_a95ead1b; Type: INDEX; Schema: public; Owner: -
--

CREATE INDEX idx_16950_auth_user_user_permissions_user_id_a95ead1b ON public.auth_user_user_permissions USING btree (user_id);


--
-- Name: idx_16950_auth_user_user_permissions_user_id_permission_id_14a6; Type: INDEX; Schema: public; Owner: -
--

CREATE UNIQUE INDEX idx_16950_auth_user_user_permissions_user_id_permission_id_14a6 ON public.auth_user_user_permissions USING btree (user_id, permission_id);


--
-- Name: idx_16955_django_admin_log_content_type_id_c4bce8eb; Type: INDEX; Schema: public; Owner: -
--

CREATE INDEX idx_16955_django_admin_log_content_type_id_c4bce8eb ON public.django_admin_log USING btree (content_type_id);


--
-- Name: idx_16955_django_admin_log_user_id_c564eba6; Type: INDEX; Schema: public; Owner: -
--

CREATE INDEX idx_16955_django_admin_log_user_id_c564eba6 ON public.django_admin_log USING btree (user_id);


--
-- Name: idx_16962_django_content_type_app_label_model_76bd3d3b_uniq; Type: INDEX; Schema: public; Owner: -
--

CREATE UNIQUE INDEX idx_16962_django_content_type_app_label_model_76bd3d3b_uniq ON public.django_content_type USING btree (app_label, model);


--
-- Name: idx_16969_auth_permission_content_type_id_2f476e4b; Type: INDEX; Schema: public; Owner: -
--

CREATE INDEX idx_16969_auth_permission_content_type_id_2f476e4b ON public.auth_permission USING btree (content_type_id);


--
-- Name: idx_16969_auth_permission_content_type_id_codename_01ab375a_uni; Type: INDEX; Schema: public; Owner: -
--

CREATE UNIQUE INDEX idx_16969_auth_permission_content_type_id_codename_01ab375a_uni ON public.auth_permission USING btree (content_type_id, codename);


--
-- Name: idx_16976_sqlite_autoindex_auth_group_1; Type: INDEX; Schema: public; Owner: -
--

CREATE UNIQUE INDEX idx_16976_sqlite_autoindex_auth_group_1 ON public.auth_group USING btree (name);


--
-- Name: idx_16983_sqlite_autoindex_auth_user_1; Type: INDEX; Schema: public; Owner: -
--

CREATE UNIQUE INDEX idx_16983_sqlite_autoindex_auth_user_1 ON public.auth_user USING btree (username);


--
-- Name: idx_16989_django_session_expire_date_a5c62663; Type: INDEX; Schema: public; Owner: -
--

CREATE INDEX idx_16989_django_session_expire_date_a5c62663 ON public.django_session USING btree (expire_date);


--
-- Name: idx_17002_products_subcategory_category_id_44d297b7; Type: INDEX; Schema: public; Owner: -
--

CREATE INDEX idx_17002_products_subcategory_category_id_44d297b7 ON public.products_subcategory USING btree (category_id);


--
-- Name: idx_17016_accounts_customuser_groups_customuser_id_bc55088e; Type: INDEX; Schema: public; Owner: -
--

CREATE INDEX idx_17016_accounts_customuser_groups_customuser_id_bc55088e ON public.accounts_customuser_groups USING btree (customuser_id);


--
-- Name: idx_17016_accounts_customuser_groups_customuser_id_group_id_c07; Type: INDEX; Schema: public; Owner: -
--

CREATE UNIQUE INDEX idx_17016_accounts_customuser_groups_customuser_id_group_id_c07 ON public.accounts_customuser_groups USING btree (customuser_id, group_id);


--
-- Name: idx_17016_accounts_customuser_groups_group_id_86ba5f9e; Type: INDEX; Schema: public; Owner: -
--

CREATE INDEX idx_17016_accounts_customuser_groups_group_id_86ba5f9e ON public.accounts_customuser_groups USING btree (group_id);


--
-- Name: idx_17021_accounts_customuser_user_permissions_customuser_id_0d; Type: INDEX; Schema: public; Owner: -
--

CREATE INDEX idx_17021_accounts_customuser_user_permissions_customuser_id_0d ON public.accounts_customuser_user_permissions USING btree (customuser_id);


--
-- Name: idx_17021_accounts_customuser_user_permissions_customuser_id_pe; Type: INDEX; Schema: public; Owner: -
--

CREATE UNIQUE INDEX idx_17021_accounts_customuser_user_permissions_customuser_id_pe ON public.accounts_customuser_user_permissions USING btree (customuser_id, permission_id);


--
-- Name: idx_17021_accounts_customuser_user_permissions_permission_id_ae; Type: INDEX; Schema: public; Owner: -
--

CREATE INDEX idx_17021_accounts_customuser_user_permissions_permission_id_ae ON public.accounts_customuser_user_permissions USING btree (permission_id);


--
-- Name: idx_17033_accounts_passwordresetotp_user_id_b1de1bbc; Type: INDEX; Schema: public; Owner: -
--

CREATE INDEX idx_17033_accounts_passwordresetotp_user_id_b1de1bbc ON public.accounts_passwordresetotp USING btree (user_id);


--
-- Name: idx_17040_products_pr_categor_9edb3d_idx; Type: INDEX; Schema: public; Owner: -
--

CREATE INDEX idx_17040_products_pr_categor_9edb3d_idx ON public.products_product USING btree (category_id);


--
-- Name: idx_17040_products_pr_name_9ff0a3_idx; Type: INDEX; Schema: public; Owner: -
--

CREATE INDEX idx_17040_products_pr_name_9ff0a3_idx ON public.products_product USING btree (name);


--
-- Name: idx_17040_products_pr_sku_ca0cdc_idx; Type: INDEX; Schema: public; Owner: -
--

CREATE INDEX idx_17040_products_pr_sku_ca0cdc_idx ON public.products_product USING btree (sku);


--
-- Name: idx_17040_products_product_category_id_9b594869; Type: INDEX; Schema: public; Owner: -
--

CREATE INDEX idx_17040_products_product_category_id_9b594869 ON public.products_product USING btree (category_id);


--
-- Name: idx_17040_products_product_slug_70d3148d; Type: INDEX; Schema: public; Owner: -
--

CREATE INDEX idx_17040_products_product_slug_70d3148d ON public.products_product USING btree (slug);


--
-- Name: idx_17040_products_product_subcategory_id_b28a1e3b; Type: INDEX; Schema: public; Owner: -
--

CREATE INDEX idx_17040_products_product_subcategory_id_b28a1e3b ON public.products_product USING btree (subcategory_id);


--
-- Name: idx_17040_sqlite_autoindex_products_product_1; Type: INDEX; Schema: public; Owner: -
--

CREATE UNIQUE INDEX idx_17040_sqlite_autoindex_products_product_1 ON public.products_product USING btree (product_uid);


--
-- Name: idx_17040_sqlite_autoindex_products_product_2; Type: INDEX; Schema: public; Owner: -
--

CREATE UNIQUE INDEX idx_17040_sqlite_autoindex_products_product_2 ON public.products_product USING btree (sku);


--
-- Name: idx_17047_accounts_socialmedia_user_id_68cf34f7; Type: INDEX; Schema: public; Owner: -
--

CREATE INDEX idx_17047_accounts_socialmedia_user_id_68cf34f7 ON public.accounts_socialmedia USING btree (user_id);


--
-- Name: idx_17054_sqlite_autoindex_orders_cart_1; Type: INDEX; Schema: public; Owner: -
--

CREATE UNIQUE INDEX idx_17054_sqlite_autoindex_orders_cart_1 ON public.orders_cart USING btree (customer_id);


--
-- Name: idx_17059_orders_cartitem_cart_id_529df5fa; Type: INDEX; Schema: public; Owner: -
--

CREATE INDEX idx_17059_orders_cartitem_cart_id_529df5fa ON public.orders_cartitem USING btree (cart_id);


--
-- Name: idx_17059_orders_cartitem_product_id_55063ee7; Type: INDEX; Schema: public; Owner: -
--

CREATE INDEX idx_17059_orders_cartitem_product_id_55063ee7 ON public.orders_cartitem USING btree (product_id);


--
-- Name: idx_17066_sqlite_autoindex_core_configuration_1; Type: INDEX; Schema: public; Owner: -
--

CREATE UNIQUE INDEX idx_17066_sqlite_autoindex_core_configuration_1 ON public.core_configuration USING btree (config);


--
-- Name: idx_17073_accounts_customer_user_id_11606857; Type: INDEX; Schema: public; Owner: -
--

CREATE INDEX idx_17073_accounts_customer_user_id_11606857 ON public.accounts_customer USING btree (user_id);


--
-- Name: idx_17073_sqlite_autoindex_accounts_customer_1; Type: INDEX; Schema: public; Owner: -
--

CREATE UNIQUE INDEX idx_17073_sqlite_autoindex_accounts_customer_1 ON public.accounts_customer USING btree (customer_username);


--
-- Name: idx_17080_orders_orderitem_order_id_fe61a34d; Type: INDEX; Schema: public; Owner: -
--

CREATE INDEX idx_17080_orders_orderitem_order_id_fe61a34d ON public.orders_orderitem USING btree (order_id);


--
-- Name: idx_17080_orders_orderitem_product_id_afe4254a; Type: INDEX; Schema: public; Owner: -
--

CREATE INDEX idx_17080_orders_orderitem_product_id_afe4254a ON public.orders_orderitem USING btree (product_id);


--
-- Name: idx_17087_orders_order_customer_id_0b76f6a4; Type: INDEX; Schema: public; Owner: -
--

CREATE INDEX idx_17087_orders_order_customer_id_0b76f6a4 ON public.orders_order USING btree (customer_id);


--
-- Name: idx_17087_sqlite_autoindex_orders_order_1; Type: INDEX; Schema: public; Owner: -
--

CREATE UNIQUE INDEX idx_17087_sqlite_autoindex_orders_order_1 ON public.orders_order USING btree (order_number);


--
-- Name: idx_17094_orders_temporder_product_id_2044971b; Type: INDEX; Schema: public; Owner: -
--

CREATE INDEX idx_17094_orders_temporder_product_id_2044971b ON public.orders_temporder USING btree (product_id);


--
-- Name: idx_17094_orders_temporder_user_id_39b45c36; Type: INDEX; Schema: public; Owner: -
--

CREATE INDEX idx_17094_orders_temporder_user_id_39b45c36 ON public.orders_temporder USING btree (user_id);


--
-- Name: idx_17101_sqlite_autoindex_cms_supportexecutive_1; Type: INDEX; Schema: public; Owner: -
--

CREATE UNIQUE INDEX idx_17101_sqlite_autoindex_cms_supportexecutive_1 ON public.cms_supportexecutive USING btree (user_id);


--
-- Name: idx_17108_cms_chatmessage_sender_id_53243e5b; Type: INDEX; Schema: public; Owner: -
--

CREATE INDEX idx_17108_cms_chatmessage_sender_id_53243e5b ON public.cms_chatmessage USING btree (sender_id);


--
-- Name: idx_17108_cms_chatmessage_ticket_id_36fcfee7; Type: INDEX; Schema: public; Owner: -
--

CREATE INDEX idx_17108_cms_chatmessage_ticket_id_36fcfee7 ON public.cms_chatmessage USING btree (ticket_id);


--
-- Name: idx_17115_cms_ticket_customer_id_b63f7743; Type: INDEX; Schema: public; Owner: -
--

CREATE INDEX idx_17115_cms_ticket_customer_id_b63f7743 ON public.cms_ticket USING btree (customer_id);


--
-- Name: idx_17115_cms_ticket_support_executive_id_0ce9d135; Type: INDEX; Schema: public; Owner: -
--

CREATE INDEX idx_17115_cms_ticket_support_executive_id_0ce9d135 ON public.cms_ticket USING btree (support_executive_id);


--
-- Name: idx_17115_sqlite_autoindex_cms_ticket_1; Type: INDEX; Schema: public; Owner: -
--

CREATE UNIQUE INDEX idx_17115_sqlite_autoindex_cms_ticket_1 ON public.cms_ticket USING btree (ticket_id);


--
-- Name: idx_17129_payments_paymentapilog_content_type_id_a82ff74f; Type: INDEX; Schema: public; Owner: -
--

CREATE INDEX idx_17129_payments_paymentapilog_content_type_id_a82ff74f ON public.payments_paymentapilog USING btree (content_type_id);


--
-- Name: idx_17129_payments_paymentapilog_object_id_422493e0; Type: INDEX; Schema: public; Owner: -
--

CREATE INDEX idx_17129_payments_paymentapilog_object_id_422493e0 ON public.payments_paymentapilog USING btree (object_id);


--
-- Name: idx_17129_payments_paymentapilog_order_id_598c8bcc; Type: INDEX; Schema: public; Owner: -
--

CREATE INDEX idx_17129_payments_paymentapilog_order_id_598c8bcc ON public.payments_paymentapilog USING btree (order_id);


--
-- Name: idx_17136_sqlite_autoindex_google_sso_user_1; Type: INDEX; Schema: public; Owner: -
--

CREATE UNIQUE INDEX idx_17136_sqlite_autoindex_google_sso_user_1 ON public.google_sso_user USING btree (user_id);


--
-- Name: idx_17143_account_emailconfirmation_email_address_id_5b7f8c58; Type: INDEX; Schema: public; Owner: -
--

CREATE INDEX idx_17143_account_emailconfirmation_email_address_id_5b7f8c58 ON public.account_emailconfirmation USING btree (email_address_id);


--
-- Name: idx_17143_sqlite_autoindex_account_emailconfirmation_1; Type: INDEX; Schema: public; Owner: -
--

CREATE UNIQUE INDEX idx_17143_sqlite_autoindex_account_emailconfirmation_1 ON public.account_emailconfirmation USING btree (key);


--
-- Name: idx_17150_account_emailaddress_email_03be32b2; Type: INDEX; Schema: public; Owner: -
--

CREATE INDEX idx_17150_account_emailaddress_email_03be32b2 ON public.account_emailaddress USING btree (email);


--
-- Name: idx_17150_account_emailaddress_user_id_2c513194; Type: INDEX; Schema: public; Owner: -
--

CREATE INDEX idx_17150_account_emailaddress_user_id_2c513194 ON public.account_emailaddress USING btree (user_id);


--
-- Name: idx_17150_account_emailaddress_user_id_email_987c8728_uniq; Type: INDEX; Schema: public; Owner: -
--

CREATE UNIQUE INDEX idx_17150_account_emailaddress_user_id_email_987c8728_uniq ON public.account_emailaddress USING btree (user_id, email);


--
-- Name: idx_17150_unique_primary_email; Type: INDEX; Schema: public; Owner: -
--

CREATE UNIQUE INDEX idx_17150_unique_primary_email ON public.account_emailaddress USING btree (user_id, "primary");


--
-- Name: idx_17150_unique_verified_email; Type: INDEX; Schema: public; Owner: -
--

CREATE UNIQUE INDEX idx_17150_unique_verified_email ON public.account_emailaddress USING btree (email);


--
-- Name: idx_17185_sqlite_autoindex_products_package_1; Type: INDEX; Schema: public; Owner: -
--

CREATE UNIQUE INDEX idx_17185_sqlite_autoindex_products_package_1 ON public.products_package USING btree (name);


--
-- Name: idx_17192_attendance_attendance_schedule_id_0cb23c1e; Type: INDEX; Schema: public; Owner: -
--

CREATE INDEX idx_17192_attendance_attendance_schedule_id_0cb23c1e ON public.attendance_attendance USING btree (schedule_id);


--
-- Name: idx_17192_attendance_attendance_user_id_2bd82a2c; Type: INDEX; Schema: public; Owner: -
--

CREATE INDEX idx_17192_attendance_attendance_user_id_2bd82a2c ON public.attendance_attendance USING btree (user_id);


--
-- Name: idx_17192_attendance_attendance_user_id_schedule_id_date_fc822d; Type: INDEX; Schema: public; Owner: -
--

CREATE UNIQUE INDEX idx_17192_attendance_attendance_user_id_schedule_id_date_fc822d ON public.attendance_attendance USING btree (user_id, schedule_id, date);


--
-- Name: idx_17199_attendance_checkinlog_attendance_id_92d453d1; Type: INDEX; Schema: public; Owner: -
--

CREATE INDEX idx_17199_attendance_checkinlog_attendance_id_92d453d1 ON public.attendance_checkinlog USING btree (attendance_id);


--
-- Name: idx_17199_attendance_checkinlog_token_id_794e10d7; Type: INDEX; Schema: public; Owner: -
--

CREATE INDEX idx_17199_attendance_checkinlog_token_id_794e10d7 ON public.attendance_checkinlog USING btree (token_id);


--
-- Name: idx_17199_attendance_checkinlog_user_id_088dcc16; Type: INDEX; Schema: public; Owner: -
--

CREATE INDEX idx_17199_attendance_checkinlog_user_id_088dcc16 ON public.attendance_checkinlog USING btree (user_id);


--
-- Name: idx_17206_attendance_classenrollment_schedule_id_c79c4eac; Type: INDEX; Schema: public; Owner: -
--

CREATE INDEX idx_17206_attendance_classenrollment_schedule_id_c79c4eac ON public.attendance_classenrollment USING btree (schedule_id);


--
-- Name: idx_17206_attendance_classenrollment_user_id_78bb99e3; Type: INDEX; Schema: public; Owner: -
--

CREATE INDEX idx_17206_attendance_classenrollment_user_id_78bb99e3 ON public.attendance_classenrollment USING btree (user_id);


--
-- Name: idx_17206_attendance_classenrollment_user_id_schedule_id_3aaf3e; Type: INDEX; Schema: public; Owner: -
--

CREATE UNIQUE INDEX idx_17206_attendance_classenrollment_user_id_schedule_id_3aaf3e ON public.attendance_classenrollment USING btree (user_id, schedule_id);


--
-- Name: idx_17211_attendance_schedule_trainer_id_92baffd8; Type: INDEX; Schema: public; Owner: -
--

CREATE INDEX idx_17211_attendance_schedule_trainer_id_92baffd8 ON public.attendance_schedule USING btree (trainer_id);


--
-- Name: idx_17218_attendance_qrtoken_schedule_id_94d73328; Type: INDEX; Schema: public; Owner: -
--

CREATE INDEX idx_17218_attendance_qrtoken_schedule_id_94d73328 ON public.attendance_qrtoken USING btree (schedule_id);


--
-- Name: idx_17218_sqlite_autoindex_attendance_qrtoken_1; Type: INDEX; Schema: public; Owner: -
--

CREATE UNIQUE INDEX idx_17218_sqlite_autoindex_attendance_qrtoken_1 ON public.attendance_qrtoken USING btree (token);


--
-- Name: idx_17225_accounts_customuser_package_id_9106561c; Type: INDEX; Schema: public; Owner: -
--

CREATE INDEX idx_17225_accounts_customuser_package_id_9106561c ON public.accounts_customuser USING btree (package_id);


--
-- Name: idx_17225_sqlite_autoindex_accounts_customuser_1; Type: INDEX; Schema: public; Owner: -
--

CREATE UNIQUE INDEX idx_17225_sqlite_autoindex_accounts_customuser_1 ON public.accounts_customuser USING btree (email);


--
-- Name: idx_17225_sqlite_autoindex_accounts_customuser_2; Type: INDEX; Schema: public; Owner: -
--

CREATE UNIQUE INDEX idx_17225_sqlite_autoindex_accounts_customuser_2 ON public.accounts_customuser USING btree (phone_number);


--
-- Name: idx_17225_sqlite_autoindex_accounts_customuser_3; Type: INDEX; Schema: public; Owner: -
--

CREATE UNIQUE INDEX idx_17225_sqlite_autoindex_accounts_customuser_3 ON public.accounts_customuser USING btree (username);


--
-- Name: idx_17232_orders_subscriptionorder_customer_id_5fce1d04; Type: INDEX; Schema: public; Owner: -
--

CREATE INDEX idx_17232_orders_subscriptionorder_customer_id_5fce1d04 ON public.orders_subscriptionorder USING btree (customer_id);


--
-- Name: idx_17232_orders_subscriptionorder_package_id_285a17c5; Type: INDEX; Schema: public; Owner: -
--

CREATE INDEX idx_17232_orders_subscriptionorder_package_id_285a17c5 ON public.orders_subscriptionorder USING btree (package_id);


--
-- Name: idx_17232_sqlite_autoindex_orders_subscriptionorder_1; Type: INDEX; Schema: public; Owner: -
--

CREATE UNIQUE INDEX idx_17232_sqlite_autoindex_orders_subscriptionorder_1 ON public.orders_subscriptionorder USING btree (order_number);


--
-- Name: idx_17232_sqlite_autoindex_orders_subscriptionorder_2; Type: INDEX; Schema: public; Owner: -
--

CREATE UNIQUE INDEX idx_17232_sqlite_autoindex_orders_subscriptionorder_2 ON public.orders_subscriptionorder USING btree (invoice_number);


--
-- Name: idx_17239_payments_payment_content_type_id_4b1252cf; Type: INDEX; Schema: public; Owner: -
--

CREATE INDEX idx_17239_payments_payment_content_type_id_4b1252cf ON public.payments_payment USING btree (content_type_id);


--
-- Name: idx_17239_payments_payment_customer_id_8b4d6141; Type: INDEX; Schema: public; Owner: -
--

CREATE INDEX idx_17239_payments_payment_customer_id_8b4d6141 ON public.payments_payment USING btree (customer_id);


--
-- Name: idx_17246_payments_transaction_content_type_id_743dbd5c; Type: INDEX; Schema: public; Owner: -
--

CREATE INDEX idx_17246_payments_transaction_content_type_id_743dbd5c ON public.payments_transaction USING btree (content_type_id);


--
-- Name: idx_17253_sqlite_autoindex_subscriptions_subscription_1; Type: INDEX; Schema: public; Owner: -
--

CREATE UNIQUE INDEX idx_17253_sqlite_autoindex_subscriptions_subscription_1 ON public.subscriptions_subscription USING btree (payment_id);


--
-- Name: idx_17253_subscriptions_subscription_package_id_2181f033; Type: INDEX; Schema: public; Owner: -
--

CREATE INDEX idx_17253_subscriptions_subscription_package_id_2181f033 ON public.subscriptions_subscription USING btree (package_id);


--
-- Name: idx_17253_subscriptions_subscription_user_id_a353e93d; Type: INDEX; Schema: public; Owner: -
--

CREATE INDEX idx_17253_subscriptions_subscription_user_id_a353e93d ON public.subscriptions_subscription USING btree (user_id);


--
-- Name: notifications_notificationconfig_gym_id_f0e72ceb; Type: INDEX; Schema: public; Owner: -
--

CREATE INDEX notifications_notificationconfig_gym_id_f0e72ceb ON public.notifications_notificationconfig USING btree (gym_id);


--
-- Name: notifications_notificationlog_gym_id_6456922d; Type: INDEX; Schema: public; Owner: -
--

CREATE INDEX notifications_notificationlog_gym_id_6456922d ON public.notifications_notificationlog USING btree (gym_id);


--
-- Name: notifications_notificationlog_user_id_ea3d4e7c; Type: INDEX; Schema: public; Owner: -
--

CREATE INDEX notifications_notificationlog_user_id_ea3d4e7c ON public.notifications_notificationlog USING btree (user_id);


--
-- Name: orders_cart_gym_id_08993ac7; Type: INDEX; Schema: public; Owner: -
--

CREATE INDEX orders_cart_gym_id_08993ac7 ON public.orders_cart USING btree (gym_id);


--
-- Name: orders_cartitem_gym_id_2f8cb776; Type: INDEX; Schema: public; Owner: -
--

CREATE INDEX orders_cartitem_gym_id_2f8cb776 ON public.orders_cartitem USING btree (gym_id);


--
-- Name: orders_order_gym_id_84b3dded; Type: INDEX; Schema: public; Owner: -
--

CREATE INDEX orders_order_gym_id_84b3dded ON public.orders_order USING btree (gym_id);


--
-- Name: orders_orderitem_gym_id_5198cccf; Type: INDEX; Schema: public; Owner: -
--

CREATE INDEX orders_orderitem_gym_id_5198cccf ON public.orders_orderitem USING btree (gym_id);


--
-- Name: orders_subscriptionorder_gym_id_648cf079; Type: INDEX; Schema: public; Owner: -
--

CREATE INDEX orders_subscriptionorder_gym_id_648cf079 ON public.orders_subscriptionorder USING btree (gym_id);


--
-- Name: orders_temporder_gym_id_4ed4b448; Type: INDEX; Schema: public; Owner: -
--

CREATE INDEX orders_temporder_gym_id_4ed4b448 ON public.orders_temporder USING btree (gym_id);


--
-- Name: payments_payment_gym_id_73ab560d; Type: INDEX; Schema: public; Owner: -
--

CREATE INDEX payments_payment_gym_id_73ab560d ON public.payments_payment USING btree (gym_id);


--
-- Name: payments_paymentapilog_gym_id_014def9c; Type: INDEX; Schema: public; Owner: -
--

CREATE INDEX payments_paymentapilog_gym_id_014def9c ON public.payments_paymentapilog USING btree (gym_id);


--
-- Name: payments_transaction_gym_id_b3f57b39; Type: INDEX; Schema: public; Owner: -
--

CREATE INDEX payments_transaction_gym_id_b3f57b39 ON public.payments_transaction USING btree (gym_id);


--
-- Name: products_package_gym_id_80ca0572; Type: INDEX; Schema: public; Owner: -
--

CREATE INDEX products_package_gym_id_80ca0572 ON public.products_package USING btree (gym_id);


--
-- Name: socialaccount_socialaccount_user_id_8146e70c; Type: INDEX; Schema: public; Owner: -
--

CREATE INDEX socialaccount_socialaccount_user_id_8146e70c ON public.socialaccount_socialaccount USING btree (user_id);


--
-- Name: socialaccount_socialapp_sites_site_id_2579dee5; Type: INDEX; Schema: public; Owner: -
--

CREATE INDEX socialaccount_socialapp_sites_site_id_2579dee5 ON public.socialaccount_socialapp_sites USING btree (site_id);


--
-- Name: socialaccount_socialapp_sites_socialapp_id_97fb6e7d; Type: INDEX; Schema: public; Owner: -
--

CREATE INDEX socialaccount_socialapp_sites_socialapp_id_97fb6e7d ON public.socialaccount_socialapp_sites USING btree (socialapp_id);


--
-- Name: socialaccount_socialtoken_account_id_951f210e; Type: INDEX; Schema: public; Owner: -
--

CREATE INDEX socialaccount_socialtoken_account_id_951f210e ON public.socialaccount_socialtoken USING btree (account_id);


--
-- Name: socialaccount_socialtoken_app_id_636a42d7; Type: INDEX; Schema: public; Owner: -
--

CREATE INDEX socialaccount_socialtoken_app_id_636a42d7 ON public.socialaccount_socialtoken USING btree (app_id);


--
-- Name: workout_activitylog_activity_template_id_c9303549; Type: INDEX; Schema: public; Owner: -
--

CREATE INDEX workout_activitylog_activity_template_id_c9303549 ON public.workout_activitylog USING btree (activity_template_id);


--
-- Name: workout_activitylog_session_id_ba614b81; Type: INDEX; Schema: public; Owner: -
--

CREATE INDEX workout_activitylog_session_id_ba614b81 ON public.workout_activitylog USING btree (session_id);


--
-- Name: workout_activitytemplate_day_template_id_a56419a3; Type: INDEX; Schema: public; Owner: -
--

CREATE INDEX workout_activitytemplate_day_template_id_a56419a3 ON public.workout_activitytemplate USING btree (day_template_id);


--
-- Name: workout_activitytemplate_exercise_id_c328d57a; Type: INDEX; Schema: public; Owner: -
--

CREATE INDEX workout_activitytemplate_exercise_id_c328d57a ON public.workout_activitytemplate USING btree (exercise_id);


--
-- Name: workout_daytemplate_weekly_template_id_3bab06b8; Type: INDEX; Schema: public; Owner: -
--

CREATE INDEX workout_daytemplate_weekly_template_id_3bab06b8 ON public.workout_daytemplate USING btree (weekly_template_id);


--
-- Name: workout_exercise_equipment_id_189b6f08; Type: INDEX; Schema: public; Owner: -
--

CREATE INDEX workout_exercise_equipment_id_189b6f08 ON public.workout_exercise USING btree (equipment_id);


--
-- Name: workout_fitnesslevel_name_6020d5d4_like; Type: INDEX; Schema: public; Owner: -
--

CREATE INDEX workout_fitnesslevel_name_6020d5d4_like ON public.workout_fitnesslevel USING btree (name varchar_pattern_ops);


--
-- Name: workout_goal_name_9bcb5977_like; Type: INDEX; Schema: public; Owner: -
--

CREATE INDEX workout_goal_name_9bcb5977_like ON public.workout_goal USING btree (name varchar_pattern_ops);


--
-- Name: workout_userworkoutassignment_trainer_id_4882d99b; Type: INDEX; Schema: public; Owner: -
--

CREATE INDEX workout_userworkoutassignment_trainer_id_4882d99b ON public.workout_userworkoutassignment USING btree (trainer_id);


--
-- Name: workout_userworkoutassignment_user_id_fd7e4f97; Type: INDEX; Schema: public; Owner: -
--

CREATE INDEX workout_userworkoutassignment_user_id_fd7e4f97 ON public.workout_userworkoutassignment USING btree (user_id);


--
-- Name: workout_userworkoutassignment_weekly_template_id_4dace122; Type: INDEX; Schema: public; Owner: -
--

CREATE INDEX workout_userworkoutassignment_weekly_template_id_4dace122 ON public.workout_userworkoutassignment USING btree (weekly_template_id);


--
-- Name: workout_weeklytemplate_fitness_level_id_eb1a0456; Type: INDEX; Schema: public; Owner: -
--

CREATE INDEX workout_weeklytemplate_fitness_level_id_eb1a0456 ON public.workout_weeklytemplate USING btree (fitness_level_id);


--
-- Name: workout_weeklytemplate_goal_id_3ad18eed; Type: INDEX; Schema: public; Owner: -
--

CREATE INDEX workout_weeklytemplate_goal_id_3ad18eed ON public.workout_weeklytemplate USING btree (goal_id);


--
-- Name: workout_weeklytemplate_trainer_id_aab34429; Type: INDEX; Schema: public; Owner: -
--

CREATE INDEX workout_weeklytemplate_trainer_id_aab34429 ON public.workout_weeklytemplate USING btree (trainer_id);


--
-- Name: workout_workoutsession_assignment_id_7b8a8c5f; Type: INDEX; Schema: public; Owner: -
--

CREATE INDEX workout_workoutsession_assignment_id_7b8a8c5f ON public.workout_workoutsession USING btree (assignment_id);


--
-- Name: workout_workoutsession_day_template_id_5e53eef6; Type: INDEX; Schema: public; Owner: -
--

CREATE INDEX workout_workoutsession_day_template_id_5e53eef6 ON public.workout_workoutsession USING btree (day_template_id);


--
-- Name: account_emailaddress account_emailaddress_user_id_fkey; Type: FK CONSTRAINT; Schema: public; Owner: -
--

ALTER TABLE ONLY public.account_emailaddress
    ADD CONSTRAINT account_emailaddress_user_id_fkey FOREIGN KEY (user_id) REFERENCES public.accounts_customuser(member_id);


--
-- Name: account_emailconfirmation account_emailconfirmation_email_address_id_fkey; Type: FK CONSTRAINT; Schema: public; Owner: -
--

ALTER TABLE ONLY public.account_emailconfirmation
    ADD CONSTRAINT account_emailconfirmation_email_address_id_fkey FOREIGN KEY (email_address_id) REFERENCES public.account_emailaddress(id);


--
-- Name: accounts_customer accounts_customer_user_id_fkey; Type: FK CONSTRAINT; Schema: public; Owner: -
--

ALTER TABLE ONLY public.accounts_customer
    ADD CONSTRAINT accounts_customer_user_id_fkey FOREIGN KEY (user_id) REFERENCES public.accounts_customuser(member_id);


--
-- Name: accounts_customuser_groups accounts_customuser_groups_customuser_id_fkey; Type: FK CONSTRAINT; Schema: public; Owner: -
--

ALTER TABLE ONLY public.accounts_customuser_groups
    ADD CONSTRAINT accounts_customuser_groups_customuser_id_fkey FOREIGN KEY (customuser_id) REFERENCES public.accounts_customuser(member_id);


--
-- Name: accounts_customuser_groups accounts_customuser_groups_group_id_fkey; Type: FK CONSTRAINT; Schema: public; Owner: -
--

ALTER TABLE ONLY public.accounts_customuser_groups
    ADD CONSTRAINT accounts_customuser_groups_group_id_fkey FOREIGN KEY (group_id) REFERENCES public.auth_group(id);


--
-- Name: accounts_customuser accounts_customuser_gym_id_1343ed10_fk_accounts_gym_id; Type: FK CONSTRAINT; Schema: public; Owner: -
--

ALTER TABLE ONLY public.accounts_customuser
    ADD CONSTRAINT accounts_customuser_gym_id_1343ed10_fk_accounts_gym_id FOREIGN KEY (gym_id) REFERENCES public.accounts_gym(id) DEFERRABLE INITIALLY DEFERRED;


--
-- Name: accounts_customuser accounts_customuser_package_id_fkey; Type: FK CONSTRAINT; Schema: public; Owner: -
--

ALTER TABLE ONLY public.accounts_customuser
    ADD CONSTRAINT accounts_customuser_package_id_fkey FOREIGN KEY (package_id) REFERENCES public.products_package(id);


--
-- Name: accounts_customuser_user_permissions accounts_customuser_user_permissions_customuser_id_fkey; Type: FK CONSTRAINT; Schema: public; Owner: -
--

ALTER TABLE ONLY public.accounts_customuser_user_permissions
    ADD CONSTRAINT accounts_customuser_user_permissions_customuser_id_fkey FOREIGN KEY (customuser_id) REFERENCES public.accounts_customuser(member_id);


--
-- Name: accounts_customuser_user_permissions accounts_customuser_user_permissions_permission_id_fkey; Type: FK CONSTRAINT; Schema: public; Owner: -
--

ALTER TABLE ONLY public.accounts_customuser_user_permissions
    ADD CONSTRAINT accounts_customuser_user_permissions_permission_id_fkey FOREIGN KEY (permission_id) REFERENCES public.auth_permission(id);


--
-- Name: accounts_gym accounts_gym_admin_id_ca521e9a_fk_accounts_customuser_member_id; Type: FK CONSTRAINT; Schema: public; Owner: -
--

ALTER TABLE ONLY public.accounts_gym
    ADD CONSTRAINT accounts_gym_admin_id_ca521e9a_fk_accounts_customuser_member_id FOREIGN KEY (admin_id) REFERENCES public.accounts_customuser(member_id) DEFERRABLE INITIALLY DEFERRED;


--
-- Name: accounts_monthlymembershiptrend accounts_monthlymemb_gym_id_5b594ca5_fk_accounts_; Type: FK CONSTRAINT; Schema: public; Owner: -
--

ALTER TABLE ONLY public.accounts_monthlymembershiptrend
    ADD CONSTRAINT accounts_monthlymemb_gym_id_5b594ca5_fk_accounts_ FOREIGN KEY (gym_id) REFERENCES public.accounts_gym(id) DEFERRABLE INITIALLY DEFERRED;


--
-- Name: accounts_passwordresetotp accounts_passwordresetotp_user_id_fkey; Type: FK CONSTRAINT; Schema: public; Owner: -
--

ALTER TABLE ONLY public.accounts_passwordresetotp
    ADD CONSTRAINT accounts_passwordresetotp_user_id_fkey FOREIGN KEY (user_id) REFERENCES public.accounts_customuser(member_id);


--
-- Name: accounts_socialmedia accounts_socialmedia_user_id_fkey; Type: FK CONSTRAINT; Schema: public; Owner: -
--

ALTER TABLE ONLY public.accounts_socialmedia
    ADD CONSTRAINT accounts_socialmedia_user_id_fkey FOREIGN KEY (user_id) REFERENCES public.accounts_customuser(member_id);


--
-- Name: attendance_attendance attendance_attendance_gym_id_2911a5c2_fk_accounts_gym_id; Type: FK CONSTRAINT; Schema: public; Owner: -
--

ALTER TABLE ONLY public.attendance_attendance
    ADD CONSTRAINT attendance_attendance_gym_id_2911a5c2_fk_accounts_gym_id FOREIGN KEY (gym_id) REFERENCES public.accounts_gym(id) DEFERRABLE INITIALLY DEFERRED;


--
-- Name: attendance_attendance attendance_attendance_schedule_id_fkey; Type: FK CONSTRAINT; Schema: public; Owner: -
--

ALTER TABLE ONLY public.attendance_attendance
    ADD CONSTRAINT attendance_attendance_schedule_id_fkey FOREIGN KEY (schedule_id) REFERENCES public.attendance_schedule(id);


--
-- Name: attendance_attendance attendance_attendance_user_id_fkey; Type: FK CONSTRAINT; Schema: public; Owner: -
--

ALTER TABLE ONLY public.attendance_attendance
    ADD CONSTRAINT attendance_attendance_user_id_fkey FOREIGN KEY (user_id) REFERENCES public.accounts_customuser(member_id);


--
-- Name: attendance_checkinlog attendance_checkinlog_attendance_id_fkey; Type: FK CONSTRAINT; Schema: public; Owner: -
--

ALTER TABLE ONLY public.attendance_checkinlog
    ADD CONSTRAINT attendance_checkinlog_attendance_id_fkey FOREIGN KEY (attendance_id) REFERENCES public.attendance_attendance(id);


--
-- Name: attendance_checkinlog attendance_checkinlog_gym_id_daf50e2f_fk_accounts_gym_id; Type: FK CONSTRAINT; Schema: public; Owner: -
--

ALTER TABLE ONLY public.attendance_checkinlog
    ADD CONSTRAINT attendance_checkinlog_gym_id_daf50e2f_fk_accounts_gym_id FOREIGN KEY (gym_id) REFERENCES public.accounts_gym(id) DEFERRABLE INITIALLY DEFERRED;


--
-- Name: attendance_checkinlog attendance_checkinlog_token_id_fkey; Type: FK CONSTRAINT; Schema: public; Owner: -
--

ALTER TABLE ONLY public.attendance_checkinlog
    ADD CONSTRAINT attendance_checkinlog_token_id_fkey FOREIGN KEY (token_id) REFERENCES public.attendance_qrtoken(id);


--
-- Name: attendance_checkinlog attendance_checkinlog_user_id_fkey; Type: FK CONSTRAINT; Schema: public; Owner: -
--

ALTER TABLE ONLY public.attendance_checkinlog
    ADD CONSTRAINT attendance_checkinlog_user_id_fkey FOREIGN KEY (user_id) REFERENCES public.accounts_customuser(member_id);


--
-- Name: attendance_classenrollment attendance_classenrollment_gym_id_cee85f7f_fk_accounts_gym_id; Type: FK CONSTRAINT; Schema: public; Owner: -
--

ALTER TABLE ONLY public.attendance_classenrollment
    ADD CONSTRAINT attendance_classenrollment_gym_id_cee85f7f_fk_accounts_gym_id FOREIGN KEY (gym_id) REFERENCES public.accounts_gym(id) DEFERRABLE INITIALLY DEFERRED;


--
-- Name: attendance_classenrollment attendance_classenrollment_schedule_id_fkey; Type: FK CONSTRAINT; Schema: public; Owner: -
--

ALTER TABLE ONLY public.attendance_classenrollment
    ADD CONSTRAINT attendance_classenrollment_schedule_id_fkey FOREIGN KEY (schedule_id) REFERENCES public.attendance_schedule(id);


--
-- Name: attendance_classenrollment attendance_classenrollment_user_id_fkey; Type: FK CONSTRAINT; Schema: public; Owner: -
--

ALTER TABLE ONLY public.attendance_classenrollment
    ADD CONSTRAINT attendance_classenrollment_user_id_fkey FOREIGN KEY (user_id) REFERENCES public.accounts_customuser(member_id);


--
-- Name: attendance_qrtoken attendance_qrtoken_gym_id_97609462_fk_accounts_gym_id; Type: FK CONSTRAINT; Schema: public; Owner: -
--

ALTER TABLE ONLY public.attendance_qrtoken
    ADD CONSTRAINT attendance_qrtoken_gym_id_97609462_fk_accounts_gym_id FOREIGN KEY (gym_id) REFERENCES public.accounts_gym(id) DEFERRABLE INITIALLY DEFERRED;


--
-- Name: attendance_qrtoken attendance_qrtoken_schedule_id_fkey; Type: FK CONSTRAINT; Schema: public; Owner: -
--

ALTER TABLE ONLY public.attendance_qrtoken
    ADD CONSTRAINT attendance_qrtoken_schedule_id_fkey FOREIGN KEY (schedule_id) REFERENCES public.attendance_schedule(id);


--
-- Name: attendance_schedule attendance_schedule_gym_id_2055f1fc_fk_accounts_gym_id; Type: FK CONSTRAINT; Schema: public; Owner: -
--

ALTER TABLE ONLY public.attendance_schedule
    ADD CONSTRAINT attendance_schedule_gym_id_2055f1fc_fk_accounts_gym_id FOREIGN KEY (gym_id) REFERENCES public.accounts_gym(id) DEFERRABLE INITIALLY DEFERRED;


--
-- Name: attendance_schedule attendance_schedule_trainer_id_fkey; Type: FK CONSTRAINT; Schema: public; Owner: -
--

ALTER TABLE ONLY public.attendance_schedule
    ADD CONSTRAINT attendance_schedule_trainer_id_fkey FOREIGN KEY (trainer_id) REFERENCES public.accounts_customuser(member_id);


--
-- Name: auth_group_permissions auth_group_permissions_group_id_fkey; Type: FK CONSTRAINT; Schema: public; Owner: -
--

ALTER TABLE ONLY public.auth_group_permissions
    ADD CONSTRAINT auth_group_permissions_group_id_fkey FOREIGN KEY (group_id) REFERENCES public.auth_group(id);


--
-- Name: auth_group_permissions auth_group_permissions_permission_id_fkey; Type: FK CONSTRAINT; Schema: public; Owner: -
--

ALTER TABLE ONLY public.auth_group_permissions
    ADD CONSTRAINT auth_group_permissions_permission_id_fkey FOREIGN KEY (permission_id) REFERENCES public.auth_permission(id);


--
-- Name: auth_permission auth_permission_content_type_id_fkey; Type: FK CONSTRAINT; Schema: public; Owner: -
--

ALTER TABLE ONLY public.auth_permission
    ADD CONSTRAINT auth_permission_content_type_id_fkey FOREIGN KEY (content_type_id) REFERENCES public.django_content_type(id);


--
-- Name: auth_user_groups auth_user_groups_group_id_fkey; Type: FK CONSTRAINT; Schema: public; Owner: -
--

ALTER TABLE ONLY public.auth_user_groups
    ADD CONSTRAINT auth_user_groups_group_id_fkey FOREIGN KEY (group_id) REFERENCES public.auth_group(id);


--
-- Name: auth_user_groups auth_user_groups_user_id_fkey; Type: FK CONSTRAINT; Schema: public; Owner: -
--

ALTER TABLE ONLY public.auth_user_groups
    ADD CONSTRAINT auth_user_groups_user_id_fkey FOREIGN KEY (user_id) REFERENCES public.auth_user(id);


--
-- Name: auth_user_user_permissions auth_user_user_permissions_permission_id_fkey; Type: FK CONSTRAINT; Schema: public; Owner: -
--

ALTER TABLE ONLY public.auth_user_user_permissions
    ADD CONSTRAINT auth_user_user_permissions_permission_id_fkey FOREIGN KEY (permission_id) REFERENCES public.auth_permission(id);


--
-- Name: auth_user_user_permissions auth_user_user_permissions_user_id_fkey; Type: FK CONSTRAINT; Schema: public; Owner: -
--

ALTER TABLE ONLY public.auth_user_user_permissions
    ADD CONSTRAINT auth_user_user_permissions_user_id_fkey FOREIGN KEY (user_id) REFERENCES public.auth_user(id);


--
-- Name: authtoken_token authtoken_token_user_id_35299eff_fk_accounts_; Type: FK CONSTRAINT; Schema: public; Owner: -
--

ALTER TABLE ONLY public.authtoken_token
    ADD CONSTRAINT authtoken_token_user_id_35299eff_fk_accounts_ FOREIGN KEY (user_id) REFERENCES public.accounts_customuser(member_id) DEFERRABLE INITIALLY DEFERRED;


--
-- Name: cms_chatmessage cms_chatmessage_sender_id_fkey; Type: FK CONSTRAINT; Schema: public; Owner: -
--

ALTER TABLE ONLY public.cms_chatmessage
    ADD CONSTRAINT cms_chatmessage_sender_id_fkey FOREIGN KEY (sender_id) REFERENCES public.accounts_customuser(member_id);


--
-- Name: cms_chatmessage cms_chatmessage_ticket_id_fkey; Type: FK CONSTRAINT; Schema: public; Owner: -
--

ALTER TABLE ONLY public.cms_chatmessage
    ADD CONSTRAINT cms_chatmessage_ticket_id_fkey FOREIGN KEY (ticket_id) REFERENCES public.cms_ticket(id);


--
-- Name: cms_supportexecutive cms_supportexecutive_user_id_fkey; Type: FK CONSTRAINT; Schema: public; Owner: -
--

ALTER TABLE ONLY public.cms_supportexecutive
    ADD CONSTRAINT cms_supportexecutive_user_id_fkey FOREIGN KEY (user_id) REFERENCES public.accounts_customuser(member_id);


--
-- Name: cms_ticket cms_ticket_customer_id_fkey; Type: FK CONSTRAINT; Schema: public; Owner: -
--

ALTER TABLE ONLY public.cms_ticket
    ADD CONSTRAINT cms_ticket_customer_id_fkey FOREIGN KEY (customer_id) REFERENCES public.accounts_customuser(member_id);


--
-- Name: cms_ticket cms_ticket_support_executive_id_fkey; Type: FK CONSTRAINT; Schema: public; Owner: -
--

ALTER TABLE ONLY public.cms_ticket
    ADD CONSTRAINT cms_ticket_support_executive_id_fkey FOREIGN KEY (support_executive_id) REFERENCES public.cms_supportexecutive(id);


--
-- Name: django_admin_log django_admin_log_content_type_id_fkey; Type: FK CONSTRAINT; Schema: public; Owner: -
--

ALTER TABLE ONLY public.django_admin_log
    ADD CONSTRAINT django_admin_log_content_type_id_fkey FOREIGN KEY (content_type_id) REFERENCES public.django_content_type(id);


--
-- Name: django_admin_log django_admin_log_user_id_fkey; Type: FK CONSTRAINT; Schema: public; Owner: -
--

ALTER TABLE ONLY public.django_admin_log
    ADD CONSTRAINT django_admin_log_user_id_fkey FOREIGN KEY (user_id) REFERENCES public.auth_user(id);


--
-- Name: google_sso_user google_sso_user_user_id_fkey; Type: FK CONSTRAINT; Schema: public; Owner: -
--

ALTER TABLE ONLY public.google_sso_user
    ADD CONSTRAINT google_sso_user_user_id_fkey FOREIGN KEY (user_id) REFERENCES public.accounts_customuser(member_id);


--
-- Name: health_bodymeasurement health_bodymeasureme_user_id_8d7d54a4_fk_accounts_; Type: FK CONSTRAINT; Schema: public; Owner: -
--

ALTER TABLE ONLY public.health_bodymeasurement
    ADD CONSTRAINT health_bodymeasureme_user_id_8d7d54a4_fk_accounts_ FOREIGN KEY (user_id) REFERENCES public.accounts_customuser(member_id) DEFERRABLE INITIALLY DEFERRED;


--
-- Name: health_bodymeasurement health_bodymeasurement_gym_id_d3230602_fk_accounts_gym_id; Type: FK CONSTRAINT; Schema: public; Owner: -
--

ALTER TABLE ONLY public.health_bodymeasurement
    ADD CONSTRAINT health_bodymeasurement_gym_id_d3230602_fk_accounts_gym_id FOREIGN KEY (gym_id) REFERENCES public.accounts_gym(id) DEFERRABLE INITIALLY DEFERRED;


--
-- Name: notifications_notificationlog notifications_notifi_gym_id_6456922d_fk_accounts_; Type: FK CONSTRAINT; Schema: public; Owner: -
--

ALTER TABLE ONLY public.notifications_notificationlog
    ADD CONSTRAINT notifications_notifi_gym_id_6456922d_fk_accounts_ FOREIGN KEY (gym_id) REFERENCES public.accounts_gym(id) DEFERRABLE INITIALLY DEFERRED;


--
-- Name: notifications_notificationconfig notifications_notifi_gym_id_f0e72ceb_fk_accounts_; Type: FK CONSTRAINT; Schema: public; Owner: -
--

ALTER TABLE ONLY public.notifications_notificationconfig
    ADD CONSTRAINT notifications_notifi_gym_id_f0e72ceb_fk_accounts_ FOREIGN KEY (gym_id) REFERENCES public.accounts_gym(id) DEFERRABLE INITIALLY DEFERRED;


--
-- Name: notifications_notificationlog notifications_notifi_user_id_ea3d4e7c_fk_accounts_; Type: FK CONSTRAINT; Schema: public; Owner: -
--

ALTER TABLE ONLY public.notifications_notificationlog
    ADD CONSTRAINT notifications_notifi_user_id_ea3d4e7c_fk_accounts_ FOREIGN KEY (user_id) REFERENCES public.accounts_customuser(member_id) DEFERRABLE INITIALLY DEFERRED;


--
-- Name: orders_cart orders_cart_customer_id_fkey; Type: FK CONSTRAINT; Schema: public; Owner: -
--

ALTER TABLE ONLY public.orders_cart
    ADD CONSTRAINT orders_cart_customer_id_fkey FOREIGN KEY (customer_id) REFERENCES public.accounts_customer(id);


--
-- Name: orders_cart orders_cart_gym_id_08993ac7_fk_accounts_gym_id; Type: FK CONSTRAINT; Schema: public; Owner: -
--

ALTER TABLE ONLY public.orders_cart
    ADD CONSTRAINT orders_cart_gym_id_08993ac7_fk_accounts_gym_id FOREIGN KEY (gym_id) REFERENCES public.accounts_gym(id) DEFERRABLE INITIALLY DEFERRED;


--
-- Name: orders_cartitem orders_cartitem_cart_id_fkey; Type: FK CONSTRAINT; Schema: public; Owner: -
--

ALTER TABLE ONLY public.orders_cartitem
    ADD CONSTRAINT orders_cartitem_cart_id_fkey FOREIGN KEY (cart_id) REFERENCES public.orders_cart(id);


--
-- Name: orders_cartitem orders_cartitem_gym_id_2f8cb776_fk_accounts_gym_id; Type: FK CONSTRAINT; Schema: public; Owner: -
--

ALTER TABLE ONLY public.orders_cartitem
    ADD CONSTRAINT orders_cartitem_gym_id_2f8cb776_fk_accounts_gym_id FOREIGN KEY (gym_id) REFERENCES public.accounts_gym(id) DEFERRABLE INITIALLY DEFERRED;


--
-- Name: orders_cartitem orders_cartitem_product_id_fkey; Type: FK CONSTRAINT; Schema: public; Owner: -
--

ALTER TABLE ONLY public.orders_cartitem
    ADD CONSTRAINT orders_cartitem_product_id_fkey FOREIGN KEY (product_id) REFERENCES public.products_product(id);


--
-- Name: orders_order orders_order_customer_id_fkey; Type: FK CONSTRAINT; Schema: public; Owner: -
--

ALTER TABLE ONLY public.orders_order
    ADD CONSTRAINT orders_order_customer_id_fkey FOREIGN KEY (customer_id) REFERENCES public.accounts_customuser(member_id);


--
-- Name: orders_order orders_order_gym_id_84b3dded_fk_accounts_gym_id; Type: FK CONSTRAINT; Schema: public; Owner: -
--

ALTER TABLE ONLY public.orders_order
    ADD CONSTRAINT orders_order_gym_id_84b3dded_fk_accounts_gym_id FOREIGN KEY (gym_id) REFERENCES public.accounts_gym(id) DEFERRABLE INITIALLY DEFERRED;


--
-- Name: orders_orderitem orders_orderitem_gym_id_5198cccf_fk_accounts_gym_id; Type: FK CONSTRAINT; Schema: public; Owner: -
--

ALTER TABLE ONLY public.orders_orderitem
    ADD CONSTRAINT orders_orderitem_gym_id_5198cccf_fk_accounts_gym_id FOREIGN KEY (gym_id) REFERENCES public.accounts_gym(id) DEFERRABLE INITIALLY DEFERRED;


--
-- Name: orders_orderitem orders_orderitem_order_id_fkey; Type: FK CONSTRAINT; Schema: public; Owner: -
--

ALTER TABLE ONLY public.orders_orderitem
    ADD CONSTRAINT orders_orderitem_order_id_fkey FOREIGN KEY (order_id) REFERENCES public.orders_order(id);


--
-- Name: orders_orderitem orders_orderitem_product_id_fkey; Type: FK CONSTRAINT; Schema: public; Owner: -
--

ALTER TABLE ONLY public.orders_orderitem
    ADD CONSTRAINT orders_orderitem_product_id_fkey FOREIGN KEY (product_id) REFERENCES public.products_product(id);


--
-- Name: orders_subscriptionorder orders_subscriptionorder_customer_id_fkey; Type: FK CONSTRAINT; Schema: public; Owner: -
--

ALTER TABLE ONLY public.orders_subscriptionorder
    ADD CONSTRAINT orders_subscriptionorder_customer_id_fkey FOREIGN KEY (customer_id) REFERENCES public.accounts_customuser(member_id);


--
-- Name: orders_subscriptionorder orders_subscriptionorder_gym_id_648cf079_fk_accounts_gym_id; Type: FK CONSTRAINT; Schema: public; Owner: -
--

ALTER TABLE ONLY public.orders_subscriptionorder
    ADD CONSTRAINT orders_subscriptionorder_gym_id_648cf079_fk_accounts_gym_id FOREIGN KEY (gym_id) REFERENCES public.accounts_gym(id) DEFERRABLE INITIALLY DEFERRED;


--
-- Name: orders_subscriptionorder orders_subscriptionorder_package_id_fkey; Type: FK CONSTRAINT; Schema: public; Owner: -
--

ALTER TABLE ONLY public.orders_subscriptionorder
    ADD CONSTRAINT orders_subscriptionorder_package_id_fkey FOREIGN KEY (package_id) REFERENCES public.products_package(id);


--
-- Name: orders_temporder orders_temporder_gym_id_4ed4b448_fk_accounts_gym_id; Type: FK CONSTRAINT; Schema: public; Owner: -
--

ALTER TABLE ONLY public.orders_temporder
    ADD CONSTRAINT orders_temporder_gym_id_4ed4b448_fk_accounts_gym_id FOREIGN KEY (gym_id) REFERENCES public.accounts_gym(id) DEFERRABLE INITIALLY DEFERRED;


--
-- Name: orders_temporder orders_temporder_product_id_fkey; Type: FK CONSTRAINT; Schema: public; Owner: -
--

ALTER TABLE ONLY public.orders_temporder
    ADD CONSTRAINT orders_temporder_product_id_fkey FOREIGN KEY (product_id) REFERENCES public.products_product(id);


--
-- Name: orders_temporder orders_temporder_user_id_fkey; Type: FK CONSTRAINT; Schema: public; Owner: -
--

ALTER TABLE ONLY public.orders_temporder
    ADD CONSTRAINT orders_temporder_user_id_fkey FOREIGN KEY (user_id) REFERENCES public.accounts_customuser(member_id);


--
-- Name: payments_payment payments_payment_content_type_id_fkey; Type: FK CONSTRAINT; Schema: public; Owner: -
--

ALTER TABLE ONLY public.payments_payment
    ADD CONSTRAINT payments_payment_content_type_id_fkey FOREIGN KEY (content_type_id) REFERENCES public.django_content_type(id);


--
-- Name: payments_payment payments_payment_customer_id_fkey; Type: FK CONSTRAINT; Schema: public; Owner: -
--

ALTER TABLE ONLY public.payments_payment
    ADD CONSTRAINT payments_payment_customer_id_fkey FOREIGN KEY (customer_id) REFERENCES public.accounts_customuser(member_id);


--
-- Name: payments_payment payments_payment_gym_id_73ab560d_fk_accounts_gym_id; Type: FK CONSTRAINT; Schema: public; Owner: -
--

ALTER TABLE ONLY public.payments_payment
    ADD CONSTRAINT payments_payment_gym_id_73ab560d_fk_accounts_gym_id FOREIGN KEY (gym_id) REFERENCES public.accounts_gym(id) DEFERRABLE INITIALLY DEFERRED;


--
-- Name: payments_paymentapilog payments_paymentapilog_content_type_id_fkey; Type: FK CONSTRAINT; Schema: public; Owner: -
--

ALTER TABLE ONLY public.payments_paymentapilog
    ADD CONSTRAINT payments_paymentapilog_content_type_id_fkey FOREIGN KEY (content_type_id) REFERENCES public.django_content_type(id);


--
-- Name: payments_paymentapilog payments_paymentapilog_gym_id_014def9c_fk_accounts_gym_id; Type: FK CONSTRAINT; Schema: public; Owner: -
--

ALTER TABLE ONLY public.payments_paymentapilog
    ADD CONSTRAINT payments_paymentapilog_gym_id_014def9c_fk_accounts_gym_id FOREIGN KEY (gym_id) REFERENCES public.accounts_gym(id) DEFERRABLE INITIALLY DEFERRED;


--
-- Name: payments_paymentapilog payments_paymentapilog_order_id_fkey; Type: FK CONSTRAINT; Schema: public; Owner: -
--

ALTER TABLE ONLY public.payments_paymentapilog
    ADD CONSTRAINT payments_paymentapilog_order_id_fkey FOREIGN KEY (order_id) REFERENCES public.orders_order(id);


--
-- Name: payments_transaction payments_transaction_content_type_id_fkey; Type: FK CONSTRAINT; Schema: public; Owner: -
--

ALTER TABLE ONLY public.payments_transaction
    ADD CONSTRAINT payments_transaction_content_type_id_fkey FOREIGN KEY (content_type_id) REFERENCES public.django_content_type(id);


--
-- Name: payments_transaction payments_transaction_gym_id_b3f57b39_fk_accounts_gym_id; Type: FK CONSTRAINT; Schema: public; Owner: -
--

ALTER TABLE ONLY public.payments_transaction
    ADD CONSTRAINT payments_transaction_gym_id_b3f57b39_fk_accounts_gym_id FOREIGN KEY (gym_id) REFERENCES public.accounts_gym(id) DEFERRABLE INITIALLY DEFERRED;


--
-- Name: products_package products_package_gym_id_80ca0572_fk_accounts_gym_id; Type: FK CONSTRAINT; Schema: public; Owner: -
--

ALTER TABLE ONLY public.products_package
    ADD CONSTRAINT products_package_gym_id_80ca0572_fk_accounts_gym_id FOREIGN KEY (gym_id) REFERENCES public.accounts_gym(id) DEFERRABLE INITIALLY DEFERRED;


--
-- Name: products_product products_product_category_id_fkey; Type: FK CONSTRAINT; Schema: public; Owner: -
--

ALTER TABLE ONLY public.products_product
    ADD CONSTRAINT products_product_category_id_fkey FOREIGN KEY (category_id) REFERENCES public.products_category(id);


--
-- Name: products_product products_product_subcategory_id_fkey; Type: FK CONSTRAINT; Schema: public; Owner: -
--

ALTER TABLE ONLY public.products_product
    ADD CONSTRAINT products_product_subcategory_id_fkey FOREIGN KEY (subcategory_id) REFERENCES public.products_subcategory(id);


--
-- Name: products_subcategory products_subcategory_category_id_fkey; Type: FK CONSTRAINT; Schema: public; Owner: -
--

ALTER TABLE ONLY public.products_subcategory
    ADD CONSTRAINT products_subcategory_category_id_fkey FOREIGN KEY (category_id) REFERENCES public.products_category(id);


--
-- Name: socialaccount_socialtoken socialaccount_social_account_id_951f210e_fk_socialacc; Type: FK CONSTRAINT; Schema: public; Owner: -
--

ALTER TABLE ONLY public.socialaccount_socialtoken
    ADD CONSTRAINT socialaccount_social_account_id_951f210e_fk_socialacc FOREIGN KEY (account_id) REFERENCES public.socialaccount_socialaccount(id) DEFERRABLE INITIALLY DEFERRED;


--
-- Name: socialaccount_socialtoken socialaccount_social_app_id_636a42d7_fk_socialacc; Type: FK CONSTRAINT; Schema: public; Owner: -
--

ALTER TABLE ONLY public.socialaccount_socialtoken
    ADD CONSTRAINT socialaccount_social_app_id_636a42d7_fk_socialacc FOREIGN KEY (app_id) REFERENCES public.socialaccount_socialapp(id) DEFERRABLE INITIALLY DEFERRED;


--
-- Name: socialaccount_socialapp_sites socialaccount_social_site_id_2579dee5_fk_django_si; Type: FK CONSTRAINT; Schema: public; Owner: -
--

ALTER TABLE ONLY public.socialaccount_socialapp_sites
    ADD CONSTRAINT socialaccount_social_site_id_2579dee5_fk_django_si FOREIGN KEY (site_id) REFERENCES public.django_site(id) DEFERRABLE INITIALLY DEFERRED;


--
-- Name: socialaccount_socialapp_sites socialaccount_social_socialapp_id_97fb6e7d_fk_socialacc; Type: FK CONSTRAINT; Schema: public; Owner: -
--

ALTER TABLE ONLY public.socialaccount_socialapp_sites
    ADD CONSTRAINT socialaccount_social_socialapp_id_97fb6e7d_fk_socialacc FOREIGN KEY (socialapp_id) REFERENCES public.socialaccount_socialapp(id) DEFERRABLE INITIALLY DEFERRED;


--
-- Name: socialaccount_socialaccount socialaccount_social_user_id_8146e70c_fk_accounts_; Type: FK CONSTRAINT; Schema: public; Owner: -
--

ALTER TABLE ONLY public.socialaccount_socialaccount
    ADD CONSTRAINT socialaccount_social_user_id_8146e70c_fk_accounts_ FOREIGN KEY (user_id) REFERENCES public.accounts_customuser(member_id) DEFERRABLE INITIALLY DEFERRED;


--
-- Name: subscriptions_subscription subscriptions_subscription_package_id_fkey; Type: FK CONSTRAINT; Schema: public; Owner: -
--

ALTER TABLE ONLY public.subscriptions_subscription
    ADD CONSTRAINT subscriptions_subscription_package_id_fkey FOREIGN KEY (package_id) REFERENCES public.products_package(id);


--
-- Name: subscriptions_subscription subscriptions_subscription_payment_id_fkey; Type: FK CONSTRAINT; Schema: public; Owner: -
--

ALTER TABLE ONLY public.subscriptions_subscription
    ADD CONSTRAINT subscriptions_subscription_payment_id_fkey FOREIGN KEY (payment_id) REFERENCES public.payments_payment(id);


--
-- Name: subscriptions_subscription subscriptions_subscription_user_id_fkey; Type: FK CONSTRAINT; Schema: public; Owner: -
--

ALTER TABLE ONLY public.subscriptions_subscription
    ADD CONSTRAINT subscriptions_subscription_user_id_fkey FOREIGN KEY (user_id) REFERENCES public.accounts_customuser(member_id);


--
-- Name: workout_activitylog workout_activitylog_activity_template_id_c9303549_fk_workout_a; Type: FK CONSTRAINT; Schema: public; Owner: -
--

ALTER TABLE ONLY public.workout_activitylog
    ADD CONSTRAINT workout_activitylog_activity_template_id_c9303549_fk_workout_a FOREIGN KEY (activity_template_id) REFERENCES public.workout_activitytemplate(id) DEFERRABLE INITIALLY DEFERRED;


--
-- Name: workout_activitylog workout_activitylog_session_id_ba614b81_fk_workout_w; Type: FK CONSTRAINT; Schema: public; Owner: -
--

ALTER TABLE ONLY public.workout_activitylog
    ADD CONSTRAINT workout_activitylog_session_id_ba614b81_fk_workout_w FOREIGN KEY (session_id) REFERENCES public.workout_workoutsession(id) DEFERRABLE INITIALLY DEFERRED;


--
-- Name: workout_activitytemplate workout_activitytemp_day_template_id_a56419a3_fk_workout_d; Type: FK CONSTRAINT; Schema: public; Owner: -
--

ALTER TABLE ONLY public.workout_activitytemplate
    ADD CONSTRAINT workout_activitytemp_day_template_id_a56419a3_fk_workout_d FOREIGN KEY (day_template_id) REFERENCES public.workout_daytemplate(id) DEFERRABLE INITIALLY DEFERRED;


--
-- Name: workout_activitytemplate workout_activitytemp_exercise_id_c328d57a_fk_workout_e; Type: FK CONSTRAINT; Schema: public; Owner: -
--

ALTER TABLE ONLY public.workout_activitytemplate
    ADD CONSTRAINT workout_activitytemp_exercise_id_c328d57a_fk_workout_e FOREIGN KEY (exercise_id) REFERENCES public.workout_exercise(id) DEFERRABLE INITIALLY DEFERRED;


--
-- Name: workout_daytemplate workout_daytemplate_weekly_template_id_3bab06b8_fk_workout_w; Type: FK CONSTRAINT; Schema: public; Owner: -
--

ALTER TABLE ONLY public.workout_daytemplate
    ADD CONSTRAINT workout_daytemplate_weekly_template_id_3bab06b8_fk_workout_w FOREIGN KEY (weekly_template_id) REFERENCES public.workout_weeklytemplate(id) DEFERRABLE INITIALLY DEFERRED;


--
-- Name: workout_exercise workout_exercise_equipment_id_189b6f08_fk_workout_equipment_id; Type: FK CONSTRAINT; Schema: public; Owner: -
--

ALTER TABLE ONLY public.workout_exercise
    ADD CONSTRAINT workout_exercise_equipment_id_189b6f08_fk_workout_equipment_id FOREIGN KEY (equipment_id) REFERENCES public.workout_equipment(id) DEFERRABLE INITIALLY DEFERRED;


--
-- Name: workout_userworkoutassignment workout_userworkouta_trainer_id_4882d99b_fk_accounts_; Type: FK CONSTRAINT; Schema: public; Owner: -
--

ALTER TABLE ONLY public.workout_userworkoutassignment
    ADD CONSTRAINT workout_userworkouta_trainer_id_4882d99b_fk_accounts_ FOREIGN KEY (trainer_id) REFERENCES public.accounts_customuser(member_id) DEFERRABLE INITIALLY DEFERRED;


--
-- Name: workout_userworkoutassignment workout_userworkouta_user_id_fd7e4f97_fk_accounts_; Type: FK CONSTRAINT; Schema: public; Owner: -
--

ALTER TABLE ONLY public.workout_userworkoutassignment
    ADD CONSTRAINT workout_userworkouta_user_id_fd7e4f97_fk_accounts_ FOREIGN KEY (user_id) REFERENCES public.accounts_customuser(member_id) DEFERRABLE INITIALLY DEFERRED;


--
-- Name: workout_userworkoutassignment workout_userworkouta_weekly_template_id_4dace122_fk_workout_w; Type: FK CONSTRAINT; Schema: public; Owner: -
--

ALTER TABLE ONLY public.workout_userworkoutassignment
    ADD CONSTRAINT workout_userworkouta_weekly_template_id_4dace122_fk_workout_w FOREIGN KEY (weekly_template_id) REFERENCES public.workout_weeklytemplate(id) DEFERRABLE INITIALLY DEFERRED;


--
-- Name: workout_weeklytemplate workout_weeklytempla_fitness_level_id_eb1a0456_fk_workout_f; Type: FK CONSTRAINT; Schema: public; Owner: -
--

ALTER TABLE ONLY public.workout_weeklytemplate
    ADD CONSTRAINT workout_weeklytempla_fitness_level_id_eb1a0456_fk_workout_f FOREIGN KEY (fitness_level_id) REFERENCES public.workout_fitnesslevel(id) DEFERRABLE INITIALLY DEFERRED;


--
-- Name: workout_weeklytemplate workout_weeklytempla_trainer_id_aab34429_fk_accounts_; Type: FK CONSTRAINT; Schema: public; Owner: -
--

ALTER TABLE ONLY public.workout_weeklytemplate
    ADD CONSTRAINT workout_weeklytempla_trainer_id_aab34429_fk_accounts_ FOREIGN KEY (trainer_id) REFERENCES public.accounts_customuser(member_id) DEFERRABLE INITIALLY DEFERRED;


--
-- Name: workout_weeklytemplate workout_weeklytemplate_goal_id_3ad18eed_fk_workout_goal_id; Type: FK CONSTRAINT; Schema: public; Owner: -
--

ALTER TABLE ONLY public.workout_weeklytemplate
    ADD CONSTRAINT workout_weeklytemplate_goal_id_3ad18eed_fk_workout_goal_id FOREIGN KEY (goal_id) REFERENCES public.workout_goal(id) DEFERRABLE INITIALLY DEFERRED;


--
-- Name: workout_workoutsession workout_workoutsessi_assignment_id_7b8a8c5f_fk_workout_u; Type: FK CONSTRAINT; Schema: public; Owner: -
--

ALTER TABLE ONLY public.workout_workoutsession
    ADD CONSTRAINT workout_workoutsessi_assignment_id_7b8a8c5f_fk_workout_u FOREIGN KEY (assignment_id) REFERENCES public.workout_userworkoutassignment(id) DEFERRABLE INITIALLY DEFERRED;


--
-- Name: workout_workoutsession workout_workoutsessi_day_template_id_5e53eef6_fk_workout_d; Type: FK CONSTRAINT; Schema: public; Owner: -
--

ALTER TABLE ONLY public.workout_workoutsession
    ADD CONSTRAINT workout_workoutsessi_day_template_id_5e53eef6_fk_workout_d FOREIGN KEY (day_template_id) REFERENCES public.workout_daytemplate(id) DEFERRABLE INITIALLY DEFERRED;


--
-- PostgreSQL database dump complete
--

